{
	"credit": "Made with Blockbench",
	"textures": {
		"2": "block/barrel_bottom",
		"3": "block/barrel_side",
		"5": "block/cauldron_inner",
		"6": "block/spruce_log",
		"7": "block/stripped_spruce_log",
		"particle": "block/spruce_planks"
	},
	"elements": [
		{
			"from": [1, 1, 1],
			"to": [15, 15, 15],
			"faces": {
				"north": {"uv": [1, 1, 15, 15], "texture": "#3"},
				"east": {"uv": [1, 1, 15, 15], "texture": "#3"},
				"south": {"uv": [1, 1, 15, 15], "texture": "#3"},
				"west": {"uv": [1, 1, 15, 15], "texture": "#3"},
				"up": {"uv": [1, 1, 15, 15], "texture": "#2"},
				"down": {"uv": [1, 1, 15, 15], "texture": "#2"}
			}
		},
		{
			"from": [15, 15, 0],
			"to": [16, 16, 16],
			"faces": {
				"north": {"uv": [0, 3, 1, 4], "texture": "#7"},
				"east": {"uv": [0, 3, 16, 4], "texture": "#7"},
				"south": {"uv": [0, 3, 1, 4], "texture": "#7"},
				"west": {"uv": [0, 3, 16, 4], "texture": "#7"},
				"up": {"uv": [0, 0, 1, 16], "texture": "#7"},
				"down": {"uv": [0, 0, 1, 16], "texture": "#7"}
			}
		},
		{
			"from": [15, 11, 1],
			"to": [16, 13, 15],
			"rotation": {"angle": 0, "axis": "y", "origin": [0, -3, -1]},
			"faces": {
				"north": {"uv": [0, 3, 1, 4], "texture": "#5"},
				"east": {"uv": [0, 3, 14, 5], "texture": "#5"},
				"south": {"uv": [0, 3, 1, 4], "texture": "#5"},
				"west": {"uv": [0, 3, 14, 5], "texture": "#5"},
				"up": {"uv": [4, 0, 5, 16], "texture": "#5"},
				"down": {"uv": [4, 0, 5, 16], "texture": "#5"}
			}
		},
		{
			"from": [15, 3, 1],
			"to": [16, 5, 15],
			"rotation": {"angle": 0, "axis": "y", "origin": [0, -11, -1]},
			"faces": {
				"north": {"uv": [0, 3, 1, 4], "texture": "#5"},
				"east": {"uv": [0, 3, 14, 5], "texture": "#5"},
				"south": {"uv": [0, 3, 1, 4], "texture": "#5"},
				"west": {"uv": [0, 3, 14, 5], "texture": "#5"},
				"up": {"uv": [4, 0, 5, 16], "texture": "#5"},
				"down": {"uv": [4, 0, 5, 16], "texture": "#5"}
			}
		},
		{
			"from": [0, 11, 1],
			"to": [1, 13, 15],
			"rotation": {"angle": 0, "axis": "y", "origin": [-15, -3, -1]},
			"faces": {
				"north": {"uv": [0, 3, 1, 4], "texture": "#5"},
				"east": {"uv": [0, 3, 14, 5], "texture": "#5"},
				"south": {"uv": [0, 3, 1, 4], "texture": "#5"},
				"west": {"uv": [0, 3, 14, 5], "texture": "#5"},
				"up": {"uv": [4, 0, 5, 16], "texture": "#5"},
				"down": {"uv": [4, 0, 5, 16], "texture": "#5"}
			}
		},
		{
			"from": [0, 3, 1],
			"to": [1, 5, 15],
			"rotation": {"angle": 0, "axis": "y", "origin": [-15, -11, -1]},
			"faces": {
				"north": {"uv": [0, 3, 1, 4], "texture": "#5"},
				"east": {"uv": [0, 3, 14, 5], "texture": "#5"},
				"south": {"uv": [0, 3, 1, 4], "texture": "#5"},
				"west": {"uv": [0, 3, 14, 5], "texture": "#5"},
				"up": {"uv": [4, 0, 5, 16], "texture": "#5"},
				"down": {"uv": [4, 0, 5, 16], "texture": "#5"}
			}
		},
		{
			"from": [1, 11, 15],
			"to": [15, 13, 16],
			"rotation": {"angle": 0, "axis": "y", "origin": [8, 8, 8]},
			"faces": {
				"north": {"uv": [0, 3, 14, 5], "texture": "#5"},
				"east": {"uv": [0, 3, 1, 4], "texture": "#5"},
				"south": {"uv": [0, 3, 14, 5], "texture": "#5"},
				"west": {"uv": [0, 3, 1, 4], "texture": "#5"},
				"up": {"uv": [4, 0, 5, 16], "rotation": 270, "texture": "#5"},
				"down": {"uv": [4, 0, 5, 16], "rotation": 90, "texture": "#5"}
			}
		},
		{
			"from": [1, 3, 15],
			"to": [15, 5, 16],
			"rotation": {"angle": 0, "axis": "y", "origin": [8, 8, 8]},
			"faces": {
				"north": {"uv": [0, 3, 14, 5], "texture": "#5"},
				"east": {"uv": [0, 3, 1, 4], "texture": "#5"},
				"south": {"uv": [0, 3, 14, 5], "texture": "#5"},
				"west": {"uv": [0, 3, 1, 4], "texture": "#5"},
				"up": {"uv": [4, 0, 5, 16], "rotation": 270, "texture": "#5"},
				"down": {"uv": [4, 0, 5, 16], "rotation": 90, "texture": "#5"}
			}
		},
		{
			"from": [1, 3, 0],
			"to": [15, 5, 1],
			"rotation": {"angle": 0, "axis": "y", "origin": [8, 8, 8]},
			"faces": {
				"north": {"uv": [0, 3, 14, 5], "texture": "#5"},
				"east": {"uv": [0, 3, 1, 4], "texture": "#5"},
				"south": {"uv": [0, 3, 14, 5], "texture": "#5"},
				"west": {"uv": [0, 3, 1, 4], "texture": "#5"},
				"up": {"uv": [4, 0, 5, 16], "rotation": 270, "texture": "#5"},
				"down": {"uv": [4, 0, 5, 16], "rotation": 90, "texture": "#5"}
			}
		},
		{
			"from": [1, 11, 0],
			"to": [15, 13, 1],
			"rotation": {"angle": 0, "axis": "y", "origin": [8, 8, 8]},
			"faces": {
				"north": {"uv": [0, 3, 14, 5], "texture": "#5"},
				"east": {"uv": [0, 3, 1, 4], "texture": "#5"},
				"south": {"uv": [0, 3, 14, 5], "texture": "#5"},
				"west": {"uv": [0, 3, 1, 4], "texture": "#5"},
				"up": {"uv": [4, 0, 5, 16], "rotation": 270, "texture": "#5"},
				"down": {"uv": [4, 0, 5, 16], "rotation": 90, "texture": "#5"}
			}
		},
		{
			"from": [0, 15, 0],
			"to": [1, 16, 16],
			"faces": {
				"north": {"uv": [0, 3, 1, 4], "texture": "#7"},
				"east": {"uv": [0, 3, 16, 4], "texture": "#7"},
				"south": {"uv": [0, 3, 1, 4], "texture": "#7"},
				"west": {"uv": [0, 3, 16, 4], "texture": "#7"},
				"up": {"uv": [0, 0, 1, 16], "texture": "#7"},
				"down": {"uv": [0, 0, 1, 16], "texture": "#7"}
			}
		},
		{
			"from": [1, 15, 15],
			"to": [15, 16, 16],
			"rotation": {"angle": 0, "axis": "y", "origin": [8, 15.5, 8]},
			"faces": {
				"north": {"uv": [0, 3, 14, 4], "texture": "#7"},
				"east": {"uv": [0, 3, 1, 4], "texture": "#7"},
				"south": {"uv": [0, 3, 14, 4], "texture": "#7"},
				"west": {"uv": [0, 3, 1, 4], "texture": "#7"},
				"up": {"uv": [0, 0, 1, 14], "rotation": 270, "texture": "#7"},
				"down": {"uv": [0, 0, 1, 14], "rotation": 90, "texture": "#7"}
			}
		},
		{
			"from": [1, 15, 0],
			"to": [15, 16, 1],
			"rotation": {"angle": 0, "axis": "y", "origin": [8, 15.5, 8]},
			"faces": {
				"north": {"uv": [0, 3, 14, 4], "texture": "#7"},
				"east": {"uv": [0, 3, 1, 4], "texture": "#7"},
				"south": {"uv": [0, 3, 14, 4], "texture": "#7"},
				"west": {"uv": [0, 3, 1, 4], "texture": "#7"},
				"up": {"uv": [0, 0, 1, 14], "rotation": 270, "texture": "#7"},
				"down": {"uv": [0, 0, 1, 14], "rotation": 90, "texture": "#7"}
			}
		},
		{
			"from": [15, 0, 0],
			"to": [16, 1, 16],
			"faces": {
				"north": {"uv": [0, 3, 1, 4], "texture": "#7"},
				"east": {"uv": [0, 3, 16, 4], "texture": "#7"},
				"south": {"uv": [0, 3, 1, 4], "texture": "#7"},
				"west": {"uv": [0, 3, 16, 4], "texture": "#7"},
				"up": {"uv": [0, 0, 1, 16], "texture": "#7"},
				"down": {"uv": [0, 0, 1, 16], "texture": "#7"}
			}
		},
		{
			"from": [15, 1, 0],
			"to": [16, 15, 1],
			"rotation": {"angle": 0, "axis": "y", "origin": [0, 1, 0]},
			"faces": {
				"north": {"uv": [6, 1, 7, 15], "texture": "#7"},
				"east": {"uv": [6, 1, 7, 15], "texture": "#7"},
				"south": {"uv": [6, 1, 7, 15], "texture": "#7"},
				"west": {"uv": [6, 1, 7, 15], "texture": "#7"},
				"up": {"uv": [0, 0, 1, 1], "texture": "#7"},
				"down": {"uv": [0, 0, 1, 1], "texture": "#7"}
			}
		},
		{
			"from": [15, 1, 15],
			"to": [16, 15, 16],
			"rotation": {"angle": 0, "axis": "y", "origin": [0, 1, 15]},
			"faces": {
				"north": {"uv": [2, 1, 3, 15], "texture": "#7"},
				"east": {"uv": [2, 1, 3, 15], "texture": "#7"},
				"south": {"uv": [2, 1, 3, 15], "texture": "#7"},
				"west": {"uv": [2, 1, 3, 15], "texture": "#7"},
				"up": {"uv": [0, 0, 1, 1], "texture": "#7"},
				"down": {"uv": [0, 0, 1, 1], "texture": "#7"}
			}
		},
		{
			"from": [0, 1, 15],
			"to": [1, 15, 16],
			"rotation": {"angle": 0, "axis": "y", "origin": [-15, 1, 15]},
			"faces": {
				"north": {"uv": [9, 1, 10, 15], "texture": "#7"},
				"east": {"uv": [9, 1, 10, 15], "texture": "#7"},
				"south": {"uv": [9, 1, 10, 15], "texture": "#7"},
				"west": {"uv": [9, 1, 10, 15], "texture": "#7"},
				"up": {"uv": [0, 0, 1, 1], "texture": "#7"},
				"down": {"uv": [0, 0, 1, 1], "texture": "#7"}
			}
		},
		{
			"from": [0, 1, 0],
			"to": [1, 15, 1],
			"rotation": {"angle": 0, "axis": "y", "origin": [-15, 1, 0]},
			"faces": {
				"north": {"uv": [5, 1, 6, 15], "texture": "#7"},
				"east": {"uv": [5, 1, 6, 15], "texture": "#7"},
				"south": {"uv": [5, 1, 6, 15], "texture": "#7"},
				"west": {"uv": [5, 1, 6, 15], "texture": "#7"},
				"up": {"uv": [0, 0, 1, 1], "texture": "#7"},
				"down": {"uv": [0, 0, 1, 1], "texture": "#7"}
			}
		},
		{
			"from": [1, 0, 15],
			"to": [15, 1, 16],
			"rotation": {"angle": 0, "axis": "y", "origin": [8, 15.5, 8]},
			"faces": {
				"north": {"uv": [0, 3, 14, 4], "texture": "#7"},
				"east": {"uv": [0, 3, 1, 4], "texture": "#7"},
				"south": {"uv": [0, 3, 14, 4], "texture": "#7"},
				"west": {"uv": [0, 3, 1, 4], "texture": "#7"},
				"up": {"uv": [0, 0, 1, 14], "rotation": 270, "texture": "#7"},
				"down": {"uv": [0, 0, 1, 14], "rotation": 90, "texture": "#7"}
			}
		},
		{
			"from": [0, 0, 0],
			"to": [1, 1, 16],
			"faces": {
				"north": {"uv": [0, 3, 1, 4], "texture": "#7"},
				"east": {"uv": [0, 3, 16, 4], "texture": "#7"},
				"south": {"uv": [0, 3, 1, 4], "texture": "#7"},
				"west": {"uv": [0, 3, 16, 4], "texture": "#7"},
				"up": {"uv": [0, 0, 1, 16], "texture": "#7"},
				"down": {"uv": [0, 0, 1, 16], "texture": "#7"}
			}
		},
		{
			"from": [1, 0, 0],
			"to": [15, 1, 1],
			"rotation": {"angle": 0, "axis": "y", "origin": [8, 15.5, 8]},
			"faces": {
				"north": {"uv": [0, 3, 14, 4], "texture": "#7"},
				"east": {"uv": [0, 3, 1, 4], "texture": "#7"},
				"south": {"uv": [0, 3, 14, 4], "texture": "#7"},
				"west": {"uv": [0, 3, 1, 4], "texture": "#7"},
				"up": {"uv": [0, 0, 1, 14], "rotation": 270, "texture": "#7"},
				"down": {"uv": [0, 0, 1, 14], "rotation": 90, "texture": "#7"}
			}
		},
		{
			"from": [7, 15, 3],
			"to": [9, 19, 5],
			"faces": {
				"north": {"uv": [4, 8, 6, 12], "texture": "#5"},
				"east": {"uv": [4, 8, 6, 12], "texture": "#5"},
				"south": {"uv": [4, 8, 6, 12], "texture": "#5"},
				"west": {"uv": [4, 8, 6, 12], "texture": "#5"},
				"up": {"uv": [4, 8, 6, 10], "texture": "#5"},
				"down": {"uv": [4, 8, 6, 10], "texture": "#5"}
			}
		},
		{
			"from": [6, 15, 2],
			"to": [10, 16, 6],
			"faces": {
				"north": {"uv": [4, 8, 8, 9], "texture": "#6"},
				"east": {"uv": [4, 8, 8, 9], "texture": "#6"},
				"south": {"uv": [4, 8, 8, 9], "texture": "#6"},
				"west": {"uv": [4, 8, 8, 9], "texture": "#6"},
				"up": {"uv": [6, 6, 10, 10], "texture": "#6"},
				"down": {"uv": [6, 6, 10, 10], "texture": "#6"}
			}
		},
		{
			"from": [6, 15, 12],
			"to": [10, 16, 14],
			"rotation": {"angle": 0, "axis": "y", "origin": [0, 0, 8]},
			"faces": {
				"north": {"uv": [4, 8, 8, 9], "texture": "#6"},
				"east": {"uv": [4, 8, 6, 9], "texture": "#6"},
				"south": {"uv": [4, 8, 8, 9], "texture": "#6"},
				"west": {"uv": [4, 8, 6, 9], "texture": "#6"},
				"up": {"uv": [6, 6, 10, 8], "texture": "#6"},
				"down": {"uv": [6, 6, 10, 8], "texture": "#6"}
			}
		},
		{
			"from": [6, 15, 9],
			"to": [10, 16, 10],
			"rotation": {"angle": 0, "axis": "y", "origin": [0, 0, 5]},
			"faces": {
				"north": {"uv": [3, 5, 7, 6], "texture": "#5"},
				"east": {"uv": [3, 5, 4, 6], "texture": "#5"},
				"south": {"uv": [3, 5, 7, 6], "texture": "#5"},
				"west": {"uv": [3, 5, 4, 6], "texture": "#5"},
				"up": {"uv": [5, 3, 9, 4], "texture": "#5"},
				"down": {"uv": [5, 3, 9, 4], "texture": "#5"}
			}
		},
		{
			"from": [10, 15, 10],
			"to": [11, 16, 13],
			"rotation": {"angle": 0, "axis": "y", "origin": [2, 0, 7]},
			"faces": {
				"north": {"uv": [3, 5, 4, 6], "texture": "#5"},
				"east": {"uv": [3, 5, 6, 6], "texture": "#5"},
				"south": {"uv": [3, 5, 4, 6], "texture": "#5"},
				"west": {"uv": [3, 5, 6, 6], "texture": "#5"},
				"up": {"uv": [5, 3, 6, 6], "texture": "#5"},
				"down": {"uv": [5, 3, 6, 6], "texture": "#5"}
			}
		},
		{
			"from": [5, 15, 10],
			"to": [6, 16, 13],
			"rotation": {"angle": 0, "axis": "y", "origin": [-3, 0, 7]},
			"faces": {
				"north": {"uv": [3, 5, 4, 6], "texture": "#5"},
				"east": {"uv": [3, 5, 6, 6], "texture": "#5"},
				"south": {"uv": [3, 5, 4, 6], "texture": "#5"},
				"west": {"uv": [3, 5, 6, 6], "texture": "#5"},
				"up": {"uv": [5, 3, 6, 6], "texture": "#5"},
				"down": {"uv": [5, 3, 6, 6], "texture": "#5"}
			}
		},
		{
			"from": [5, 0, 10],
			"to": [6, 1, 13],
			"rotation": {"angle": 0, "axis": "y", "origin": [-3, -15, 7]},
			"faces": {
				"north": {"uv": [3, 5, 4, 6], "texture": "#5"},
				"east": {"uv": [3, 5, 6, 6], "texture": "#5"},
				"south": {"uv": [3, 5, 4, 6], "texture": "#5"},
				"west": {"uv": [3, 5, 6, 6], "texture": "#5"},
				"up": {"uv": [5, 3, 6, 6], "texture": "#5"},
				"down": {"uv": [5, 3, 6, 6], "texture": "#5"}
			}
		},
		{
			"from": [6, 0, 12],
			"to": [10, 1, 14],
			"rotation": {"angle": 0, "axis": "y", "origin": [0, -15, 8]},
			"faces": {
				"north": {"uv": [4, 8, 8, 9], "texture": "#6"},
				"east": {"uv": [4, 8, 6, 9], "texture": "#6"},
				"south": {"uv": [4, 8, 8, 9], "texture": "#6"},
				"west": {"uv": [4, 8, 6, 9], "texture": "#6"},
				"up": {"uv": [6, 6, 10, 8], "texture": "#6"},
				"down": {"uv": [6, 6, 10, 8], "texture": "#6"}
			}
		},
		{
			"from": [6, 0, 9],
			"to": [10, 1, 10],
			"rotation": {"angle": 0, "axis": "y", "origin": [0, -15, 5]},
			"faces": {
				"north": {"uv": [3, 5, 7, 6], "texture": "#5"},
				"east": {"uv": [3, 5, 4, 6], "texture": "#5"},
				"south": {"uv": [3, 5, 7, 6], "texture": "#5"},
				"west": {"uv": [3, 5, 4, 6], "texture": "#5"},
				"up": {"uv": [5, 3, 9, 4], "texture": "#5"},
				"down": {"uv": [5, 3, 9, 4], "texture": "#5"}
			}
		},
		{
			"from": [10, 0, 10],
			"to": [11, 1, 13],
			"rotation": {"angle": 0, "axis": "y", "origin": [2, -15, 7]},
			"faces": {
				"north": {"uv": [3, 5, 4, 6], "texture": "#5"},
				"east": {"uv": [3, 5, 6, 6], "texture": "#5"},
				"south": {"uv": [3, 5, 4, 6], "texture": "#5"},
				"west": {"uv": [3, 5, 6, 6], "texture": "#5"},
				"up": {"uv": [5, 3, 6, 6], "texture": "#5"},
				"down": {"uv": [5, 3, 6, 6], "texture": "#5"}
			}
		},
		{
			"from": [7.25, 17.25, 1],
			"to": [8.75, 18.75, 3],
			"faces": {
				"north": {"uv": [4, 10, 6, 12], "texture": "#5"},
				"east": {"uv": [4, 10, 6, 12], "texture": "#5"},
				"south": {"uv": [4, 10, 6, 12], "texture": "#5"},
				"west": {"uv": [4, 10, 6, 12], "texture": "#5"},
				"up": {"uv": [4, 10, 6, 12], "texture": "#5"},
				"down": {"uv": [4, 10, 6, 12], "texture": "#5"}
			}
		},
		{
			"from": [7, 18.5, 5],
			"to": [9, 19, 8],
			"rotation": {"angle": 22.5, "axis": "x", "origin": [8, 18.75, 5]},
			"faces": {
				"north": {"uv": [2, 4, 4, 4.5], "texture": "#5"},
				"east": {"uv": [2, 4, 5, 4.5], "texture": "#5"},
				"south": {"uv": [2, 4, 4, 4.5], "texture": "#5"},
				"west": {"uv": [2, 4, 5, 4.5], "texture": "#5"},
				"up": {"uv": [11, 8, 13, 11], "texture": "#5"},
				"down": {"uv": [11, 8, 13, 11], "texture": "#5"}
			}
		}
	],
	"display": {
		"thirdperson_righthand": {
			"scale": [0.33398, 0.33398, 0.33398]
		},
		"thirdperson_lefthand": {
			"scale": [0.32031, 0.32031, 0.32031]
		},
		"firstperson_righthand": {
			"translation": [2.25, 1.5, 0],
			"scale": [0.32031, 0.32031, 0.32031]
		},
		"firstperson_lefthand": {
			"translation": [1.75, 1.75, 0],
			"scale": [0.38867, 0.38867, 0.38867]
		},
		"ground": {
			"scale": [0.3125, 0.3125, 0.3125]
		},
		"gui": {
			"rotation": [33, 59.25, 0],
			"translation": [0, -0.25, 0],
			"scale": [0.60352, 0.60352, 0.60352]
		},
		"head": {
			"translation": [0, 1.75, 0],
			"scale": [1.11328, 1.11328, 1.11328]
		},
		"fixed": {
			"rotation": [180, -89.25, 180],
			"scale": [0.81641, 0.81641, 0.81641]
		}
	}
}