{
	"credit": "Made with Blockbench",
	"parent": "minecraft:block/orientable_with_bottom",
	"textures": {
		"4": "block/bee_nest_top",
		"10": "block/bee_nest_front",
		"12": "block/stripped_oak_log_top",
		"13": "block/stripped_oak_log",
		"14": "block/wheat_stage7",
		"15": "block/oak_log",
		"16": "block/oak_log_top",
		"particle": "block/stripped_oak_log_top"
	},
	"elements": [
		{
			"from": [0, 15, 0],
			"to": [16, 16, 16],
			"faces": {
				"north": {"uv": [0, 0, 16, 1], "texture": "#15"},
				"east": {"uv": [0, 0, 16, 1], "texture": "#15"},
				"south": {"uv": [0, 0, 16, 1], "texture": "#15"},
				"west": {"uv": [0, 0, 16, 1], "texture": "#15"},
				"up": {"uv": [0, 0, 16, 16], "texture": "#16"},
				"down": {"uv": [0, 0, 16, 16], "texture": "#12"}
			}
		},
		{
			"from": [14, 1, 0],
			"to": [16, 15, 2],
			"faces": {
				"north": {"uv": [0, 1, 2, 15], "texture": "#15"},
				"east": {"uv": [0, 1, 2, 15], "texture": "#15"},
				"south": {"uv": [0, 1, 2, 15], "texture": "#13"},
				"west": {"uv": [0, 1, 2, 15], "texture": "#13"},
				"up": {"uv": [0, 0, 2, 2], "texture": "#13"},
				"down": {"uv": [0, 0, 2, 2], "texture": "#13"}
			}
		},
		{
			"from": [0, 1, 0],
			"to": [2, 15, 2],
			"faces": {
				"north": {"uv": [2, 1, 0, 15], "texture": "#15"},
				"east": {"uv": [0, 1, 2, 15], "texture": "#13"},
				"south": {"uv": [0, 1, 2, 15], "texture": "#13"},
				"west": {"uv": [0, 1, 2, 15], "texture": "#15"},
				"up": {"uv": [0, 0, 2, 2], "texture": "#13"},
				"down": {"uv": [0, 0, 2, 2], "texture": "#13"}
			}
		},
		{
			"from": [0, 1, 14],
			"to": [2, 15, 16],
			"faces": {
				"north": {"uv": [2, 1, 0, 15], "texture": "#13"},
				"east": {"uv": [0, 1, 2, 15], "texture": "#13"},
				"south": {"uv": [0, 1, 2, 15], "texture": "#15"},
				"west": {"uv": [0, 1, 2, 15], "texture": "#15"},
				"up": {"uv": [0, 0, 2, 2], "texture": "#13"},
				"down": {"uv": [0, 0, 2, 2], "texture": "#13"}
			}
		},
		{
			"from": [14, 1, 14],
			"to": [16, 15, 16],
			"faces": {
				"north": {"uv": [0, 1, 2, 15], "texture": "#13"},
				"east": {"uv": [0, 1, 2, 15], "texture": "#15"},
				"south": {"uv": [0, 1, 2, 15], "texture": "#15"},
				"west": {"uv": [0, 1, 2, 15], "texture": "#13"},
				"up": {"uv": [0, 0, 2, 2], "texture": "#13"},
				"down": {"uv": [0, 0, 2, 2], "texture": "#13"}
			}
		},
		{
			"from": [0, 0, 0],
			"to": [16, 1, 16],
			"faces": {
				"north": {"uv": [0, 0, 16, 1], "texture": "#15"},
				"east": {"uv": [0, 0, 16, 1], "texture": "#15"},
				"south": {"uv": [0, 0, 16, 1], "texture": "#15"},
				"west": {"uv": [0, 0, 16, 1], "texture": "#15"},
				"up": {"uv": [0, 0, 16, 16], "texture": "#12"},
				"down": {"uv": [0, 0, 16, 16], "texture": "#16"}
			}
		},
		{
			"from": [2, 1, 2],
			"to": [14, 3, 14],
			"faces": {
				"north": {"uv": [2, 13, 14, 15], "texture": "#13"},
				"east": {"uv": [2, 13, 14, 15], "texture": "#13"},
				"south": {"uv": [2, 14, 14, 16], "texture": "#13"},
				"west": {"uv": [2, 13, 14, 15], "texture": "#13"},
				"up": {"uv": [3, 2, 15, 14], "texture": "#4"},
				"down": {"uv": [3, 0, 15, 12], "texture": "#13"}
			}
		},
		{
			"from": [4, 4, 4],
			"to": [12, 12, 12],
			"faces": {
				"north": {"uv": [0, 0, 16, 16], "texture": "#10"},
				"east": {"uv": [0, 0, 16, 16], "texture": "#10"},
				"south": {"uv": [0, 0, 16, 16], "texture": "#10"},
				"west": {"uv": [0, 0, 16, 16], "texture": "#10"},
				"up": {"uv": [0, 0, 16, 16], "texture": "#10"},
				"down": {"uv": [0, 0, 16, 16], "texture": "#10"}
			}
		},
		{
			"from": [2, 3, 13],
			"to": [14, 6, 14],
			"rotation": {"angle": 0, "axis": "y", "origin": [8, 5.5, 8]},
			"faces": {
				"north": {"uv": [3, 0, 15, 3], "texture": "#13"},
				"east": {"uv": [2, 10, 3, 13], "texture": "#13"},
				"south": {"uv": [2, 10, 14, 13], "texture": "#13"},
				"west": {"uv": [13, 10, 14, 13], "texture": "#13"},
				"up": {"uv": [3, 0, 4, 12], "rotation": 270, "texture": "#13"},
				"down": {"uv": [3, 0, 4, 12], "rotation": 90, "texture": "#13"}
			}
		},
		{
			"from": [2, 10, 13],
			"to": [14, 13, 14],
			"rotation": {"angle": 0, "axis": "y", "origin": [8, 5.5, 8]},
			"faces": {
				"north": {"uv": [3, 0, 15, 3], "texture": "#13"},
				"east": {"uv": [2, 4, 3, 7], "texture": "#13"},
				"south": {"uv": [2, 2, 14, 5], "texture": "#13"},
				"west": {"uv": [3, 0, 4, 3], "texture": "#13"},
				"up": {"uv": [3, 0, 4, 12], "rotation": 270, "texture": "#13"},
				"down": {"uv": [3, 0, 4, 12], "rotation": 90, "texture": "#13"}
			}
		},
		{
			"from": [2, 3, 2],
			"to": [14, 6, 3],
			"rotation": {"angle": 0, "axis": "y", "origin": [8, 5.5, 8]},
			"faces": {
				"north": {"uv": [2, 10, 14, 13], "texture": "#13"},
				"east": {"uv": [13, 10, 14, 13], "texture": "#13"},
				"south": {"uv": [3, 0, 15, 3], "texture": "#13"},
				"west": {"uv": [2, 10, 3, 13], "texture": "#13"},
				"up": {"uv": [3, 0, 4, 12], "rotation": 270, "texture": "#13"},
				"down": {"uv": [3, 0, 4, 12], "rotation": 90, "texture": "#13"}
			}
		},
		{
			"from": [2, 10, 2],
			"to": [14, 13, 3],
			"rotation": {"angle": 0, "axis": "y", "origin": [8, 5.5, 8]},
			"faces": {
				"north": {"uv": [2, 3, 14, 6], "texture": "#13"},
				"east": {"uv": [13, 4, 14, 7], "texture": "#13"},
				"south": {"uv": [3, 0, 15, 3], "texture": "#13"},
				"west": {"uv": [3, 0, 4, 3], "texture": "#13"},
				"up": {"uv": [3, 0, 4, 12], "rotation": 270, "texture": "#13"},
				"down": {"uv": [3, 0, 4, 12], "rotation": 90, "texture": "#13"}
			}
		},
		{
			"from": [13, 3, 3],
			"to": [14, 6, 13],
			"rotation": {"angle": 0, "axis": "y", "origin": [8, 5.5, 8]},
			"faces": {
				"north": {"uv": [3, 0, 4, 3], "texture": "#13"},
				"east": {"uv": [3, 10, 13, 13], "texture": "#13"},
				"south": {"uv": [3, 0, 4, 3], "texture": "#13"},
				"west": {"uv": [3, 0, 13, 3], "texture": "#13"},
				"up": {"uv": [3, 0, 4, 10], "texture": "#13"},
				"down": {"uv": [3, 0, 4, 10], "texture": "#13"}
			}
		},
		{
			"from": [13, 10, 3],
			"to": [14, 13, 13],
			"rotation": {"angle": 0, "axis": "y", "origin": [8, 5.5, 8]},
			"faces": {
				"north": {"uv": [3, 0, 4, 3], "texture": "#13"},
				"east": {"uv": [3, 4, 13, 7], "texture": "#13"},
				"south": {"uv": [3, 0, 4, 3], "texture": "#13"},
				"west": {"uv": [3, 0, 13, 3], "texture": "#13"},
				"up": {"uv": [3, 0, 4, 10], "texture": "#13"},
				"down": {"uv": [3, 0, 4, 10], "texture": "#13"}
			}
		},
		{
			"from": [2, 3, 3],
			"to": [3, 6, 13],
			"rotation": {"angle": 0, "axis": "y", "origin": [8, 5.5, 8]},
			"faces": {
				"north": {"uv": [3, 0, 4, 3], "texture": "#13"},
				"east": {"uv": [3, 3, 13, 6], "texture": "#13"},
				"south": {"uv": [3, 0, 4, 3], "texture": "#13"},
				"west": {"uv": [3, 11, 13, 14], "texture": "#13"},
				"up": {"uv": [3, 0, 4, 10], "texture": "#13"},
				"down": {"uv": [3, 0, 4, 10], "texture": "#13"}
			}
		},
		{
			"from": [2, 10, 3],
			"to": [3, 13, 13],
			"rotation": {"angle": 0, "axis": "y", "origin": [8, 5.5, 8]},
			"faces": {
				"north": {"uv": [3, 0, 4, 3], "texture": "#13"},
				"east": {"uv": [5, 5, 15, 8], "texture": "#13"},
				"south": {"uv": [3, 0, 4, 3], "texture": "#13"},
				"west": {"uv": [3, 2, 13, 5], "texture": "#13"},
				"up": {"uv": [3, 0, 4, 10], "texture": "#13"},
				"down": {"uv": [3, 0, 4, 10], "texture": "#13"}
			}
		},
		{
			"from": [2, 6, 2],
			"to": [3, 10, 5],
			"rotation": {"angle": 0, "axis": "y", "origin": [8, 5.5, 8]},
			"faces": {
				"north": {"uv": [3, 0, 4, 4], "texture": "#13"},
				"east": {"uv": [3, 3, 6, 7], "texture": "#13"},
				"south": {"uv": [3, 0, 4, 4], "texture": "#13"},
				"west": {"uv": [2, 7, 5, 11], "texture": "#13"},
				"up": {"uv": [2, 0, 3, 3], "texture": "#13"},
				"down": {"uv": [2, 0, 3, 3], "texture": "#13"}
			}
		},
		{
			"from": [2, 6, 11],
			"to": [3, 10, 14],
			"rotation": {"angle": 0, "axis": "y", "origin": [8, 5.5, 8]},
			"faces": {
				"north": {"uv": [3, 0, 4, 4], "texture": "#13"},
				"east": {"uv": [3, 3, 6, 7], "texture": "#13"},
				"south": {"uv": [2, 6, 3, 10], "texture": "#13"},
				"west": {"uv": [12, 7, 15, 11], "texture": "#13"},
				"up": {"uv": [2, 0, 3, 3], "texture": "#13"},
				"down": {"uv": [2, 0, 3, 3], "texture": "#13"}
			}
		},
		{
			"from": [13, 6, 11],
			"to": [14, 10, 14],
			"rotation": {"angle": 0, "axis": "y", "origin": [8, 5.5, 8]},
			"faces": {
				"north": {"uv": [3, 0, 4, 4], "texture": "#13"},
				"east": {"uv": [2, 7, 5, 11], "texture": "#13"},
				"south": {"uv": [13, 7, 14, 11], "texture": "#13"},
				"west": {"uv": [3, 0, 6, 4], "texture": "#13"},
				"up": {"uv": [2, 0, 3, 3], "texture": "#13"},
				"down": {"uv": [2, 0, 3, 3], "texture": "#13"}
			}
		},
		{
			"from": [13, 6, 2],
			"to": [14, 10, 5],
			"rotation": {"angle": 0, "axis": "y", "origin": [8, 5.5, 8]},
			"faces": {
				"north": {"uv": [2, 7, 3, 11], "texture": "#13"},
				"east": {"uv": [11, 7, 14, 11], "texture": "#13"},
				"south": {"uv": [3, 0, 4, 4], "texture": "#13"},
				"west": {"uv": [3, 0, 6, 4], "texture": "#13"},
				"up": {"uv": [2, 0, 3, 3], "texture": "#13"},
				"down": {"uv": [2, 0, 3, 3], "texture": "#13"}
			}
		},
		{
			"from": [11, 6, 2],
			"to": [13, 10, 3],
			"rotation": {"angle": 0, "axis": "y", "origin": [8, 5.5, 8]},
			"faces": {
				"north": {"uv": [2, 5, 4, 9], "texture": "#13"},
				"east": {"uv": [3, 3, 4, 7], "texture": "#13"},
				"south": {"uv": [3, 0, 5, 4], "texture": "#13"},
				"west": {"uv": [3, 0, 4, 4], "texture": "#13"},
				"up": {"uv": [2, 0, 4, 1], "texture": "#13"},
				"down": {"uv": [2, 0, 4, 1], "texture": "#13"}
			}
		},
		{
			"from": [3, 6, 2],
			"to": [5, 10, 3],
			"rotation": {"angle": 0, "axis": "y", "origin": [8, 5.5, 8]},
			"faces": {
				"north": {"uv": [3, 0, 5, 4], "texture": "#13"},
				"east": {"uv": [3, 3, 4, 7], "texture": "#13"},
				"south": {"uv": [3, 0, 5, 4], "texture": "#13"},
				"west": {"uv": [3, 0, 4, 4], "texture": "#13"},
				"up": {"uv": [2, 0, 4, 1], "texture": "#13"},
				"down": {"uv": [2, 0, 4, 1], "texture": "#13"}
			}
		},
		{
			"from": [3, 6, 13],
			"to": [5, 10, 14],
			"rotation": {"angle": 0, "axis": "y", "origin": [8, 5.5, 8]},
			"faces": {
				"north": {"uv": [3, 0, 5, 4], "texture": "#13"},
				"east": {"uv": [3, 3, 4, 7], "texture": "#13"},
				"south": {"uv": [3, 6, 5, 10], "texture": "#13"},
				"west": {"uv": [3, 0, 4, 4], "texture": "#13"},
				"up": {"uv": [2, 0, 4, 1], "texture": "#13"},
				"down": {"uv": [2, 0, 4, 1], "texture": "#13"}
			}
		},
		{
			"from": [11, 6, 13],
			"to": [13, 10, 14],
			"rotation": {"angle": 0, "axis": "y", "origin": [8, 5.5, 8]},
			"faces": {
				"north": {"uv": [3, 0, 5, 4], "texture": "#13"},
				"east": {"uv": [3, 3, 4, 7], "texture": "#13"},
				"south": {"uv": [3, 0, 5, 4], "texture": "#13"},
				"west": {"uv": [3, 0, 4, 4], "texture": "#13"},
				"up": {"uv": [2, 0, 4, 1], "texture": "#13"},
				"down": {"uv": [2, 0, 4, 1], "texture": "#13"}
			}
		},
		{
			"from": [13, 5, 3],
			"to": [14, 6, 13],
			"rotation": {"angle": 0, "axis": "y", "origin": [8, 5.5, 8]},
			"faces": {
				"north": {"uv": [3, 0, 4, 1], "texture": "#13"},
				"east": {"uv": [3, 3, 13, 4], "texture": "#13"},
				"south": {"uv": [3, 0, 4, 1], "texture": "#13"},
				"west": {"uv": [3, 0, 13, 1], "texture": "#13"},
				"up": {"uv": [3, 0, 4, 10], "texture": "#13"},
				"down": {"uv": [3, 0, 4, 10], "texture": "#13"}
			}
		},
		{
			"from": [2, 5, 3],
			"to": [3, 6, 13],
			"rotation": {"angle": 0, "axis": "y", "origin": [8, 5.5, 8]},
			"faces": {
				"north": {"uv": [3, 0, 4, 1], "texture": "#13"},
				"east": {"uv": [3, 3, 13, 4], "texture": "#13"},
				"south": {"uv": [3, 0, 4, 1], "texture": "#13"},
				"west": {"uv": [3, 0, 13, 1], "texture": "#13"},
				"up": {"uv": [3, 0, 4, 10], "texture": "#13"},
				"down": {"uv": [3, 0, 4, 10], "texture": "#13"}
			}
		},
		{
			"from": [14, 5, 5],
			"to": [15, 6, 11],
			"faces": {
				"north": {"uv": [3, 0, 4, 1], "texture": "#15"},
				"east": {"uv": [5, 10, 11, 11], "texture": "#15"},
				"south": {"uv": [3, 0, 4, 1], "texture": "#15"},
				"west": {"uv": [3, 0, 9, 1], "texture": "#15"},
				"up": {"uv": [3, 0, 4, 6], "texture": "#15"},
				"down": {"uv": [3, 0, 4, 6], "texture": "#15"}
			}
		},
		{
			"from": [14, 10, 6],
			"to": [15, 11, 10],
			"faces": {
				"north": {"uv": [9, 7, 10, 8], "texture": "#15"},
				"east": {"uv": [9, 10, 13, 11], "texture": "#15"},
				"south": {"uv": [9, 7, 10, 8], "texture": "#15"},
				"west": {"uv": [9, 7, 13, 8], "texture": "#15"},
				"up": {"uv": [9, 7, 10, 11], "texture": "#15"},
				"down": {"uv": [9, 7, 10, 11], "texture": "#15"}
			}
		},
		{
			"from": [14, 5, 11],
			"to": [15, 9, 12],
			"faces": {
				"north": {"uv": [3, 0, 4, 4], "texture": "#15"},
				"east": {"uv": [3, 3, 4, 7], "texture": "#15"},
				"south": {"uv": [3, 0, 4, 4], "texture": "#15"},
				"west": {"uv": [3, 0, 4, 4], "texture": "#15"},
				"up": {"uv": [3, 0, 4, 1], "texture": "#15"},
				"down": {"uv": [3, 0, 4, 1], "texture": "#15"}
			}
		},
		{
			"from": [14, 5, 4],
			"to": [15, 9, 5],
			"faces": {
				"north": {"uv": [3, 0, 4, 4], "texture": "#15"},
				"east": {"uv": [3, 3, 4, 7], "texture": "#15"},
				"south": {"uv": [3, 0, 4, 4], "texture": "#15"},
				"west": {"uv": [3, 0, 4, 4], "texture": "#15"},
				"up": {"uv": [3, 0, 4, 1], "texture": "#15"},
				"down": {"uv": [3, 0, 4, 1], "texture": "#15"}
			}
		},
		{
			"from": [14, 9, 5],
			"to": [15, 10, 6],
			"faces": {
				"north": {"uv": [3, 0, 4, 1], "texture": "#15"},
				"east": {"uv": [3, 3, 4, 4], "texture": "#15"},
				"south": {"uv": [3, 0, 4, 1], "texture": "#15"},
				"west": {"uv": [3, 0, 4, 1], "texture": "#15"},
				"up": {"uv": [3, 0, 4, 1], "texture": "#15"},
				"down": {"uv": [3, 0, 4, 1], "texture": "#15"}
			}
		},
		{
			"from": [14, 9, 10],
			"to": [15, 10, 11],
			"faces": {
				"north": {"uv": [3, 0, 4, 1], "texture": "#15"},
				"east": {"uv": [3, 3, 4, 4], "texture": "#15"},
				"south": {"uv": [3, 0, 4, 1], "texture": "#15"},
				"west": {"uv": [3, 0, 4, 1], "texture": "#15"},
				"up": {"uv": [3, 0, 4, 1], "texture": "#15"},
				"down": {"uv": [3, 0, 4, 1], "texture": "#15"}
			}
		},
		{
			"from": [1, 10, 6],
			"to": [2, 11, 10],
			"faces": {
				"north": {"uv": [9, 7, 10, 8], "texture": "#15"},
				"east": {"uv": [9, 10, 13, 11], "texture": "#15"},
				"south": {"uv": [9, 7, 10, 8], "texture": "#15"},
				"west": {"uv": [9, 7, 13, 8], "texture": "#15"},
				"up": {"uv": [9, 7, 10, 11], "texture": "#15"},
				"down": {"uv": [9, 7, 10, 11], "texture": "#15"}
			}
		},
		{
			"from": [1, 9, 5],
			"to": [2, 10, 6],
			"faces": {
				"north": {"uv": [3, 0, 4, 1], "texture": "#15"},
				"east": {"uv": [3, 3, 4, 4], "texture": "#15"},
				"south": {"uv": [3, 0, 4, 1], "texture": "#15"},
				"west": {"uv": [3, 0, 4, 1], "texture": "#15"},
				"up": {"uv": [3, 0, 4, 1], "texture": "#15"},
				"down": {"uv": [3, 0, 4, 1], "texture": "#15"}
			}
		},
		{
			"from": [1, 5, 4],
			"to": [2, 9, 5],
			"faces": {
				"north": {"uv": [3, 0, 4, 4], "texture": "#15"},
				"east": {"uv": [3, 3, 4, 7], "texture": "#15"},
				"south": {"uv": [3, 0, 4, 4], "texture": "#15"},
				"west": {"uv": [3, 0, 4, 4], "texture": "#15"},
				"up": {"uv": [3, 0, 4, 1], "texture": "#15"},
				"down": {"uv": [3, 0, 4, 1], "texture": "#15"}
			}
		},
		{
			"from": [1, 5, 5],
			"to": [2, 6, 11],
			"faces": {
				"north": {"uv": [3, 0, 4, 1], "texture": "#15"},
				"east": {"uv": [5, 10, 11, 11], "texture": "#15"},
				"south": {"uv": [3, 0, 4, 1], "texture": "#15"},
				"west": {"uv": [9, 8, 15, 9], "texture": "#15"},
				"up": {"uv": [3, 0, 4, 6], "texture": "#15"},
				"down": {"uv": [3, 0, 4, 6], "texture": "#15"}
			}
		},
		{
			"from": [1, 5, 11],
			"to": [2, 9, 12],
			"faces": {
				"north": {"uv": [3, 0, 4, 4], "texture": "#15"},
				"east": {"uv": [3, 3, 4, 7], "texture": "#15"},
				"south": {"uv": [3, 0, 4, 4], "texture": "#15"},
				"west": {"uv": [3, 0, 4, 4], "texture": "#15"},
				"up": {"uv": [3, 0, 4, 1], "texture": "#15"},
				"down": {"uv": [3, 0, 4, 1], "texture": "#15"}
			}
		},
		{
			"from": [1, 9, 10],
			"to": [2, 10, 11],
			"faces": {
				"north": {"uv": [3, 0, 4, 1], "texture": "#15"},
				"east": {"uv": [3, 3, 4, 4], "texture": "#15"},
				"south": {"uv": [3, 0, 4, 1], "texture": "#15"},
				"west": {"uv": [3, 0, 4, 1], "texture": "#15"},
				"up": {"uv": [3, 0, 4, 1], "texture": "#15"},
				"down": {"uv": [3, 0, 4, 1], "texture": "#15"}
			}
		},
		{
			"from": [6, 10, 14],
			"to": [10, 11, 15],
			"rotation": {"angle": 0, "axis": "y", "origin": [8, 8, 8]},
			"faces": {
				"north": {"uv": [8, 7, 12, 8], "texture": "#15"},
				"east": {"uv": [8, 7, 9, 8], "texture": "#15"},
				"south": {"uv": [8, 7, 12, 8], "texture": "#15"},
				"west": {"uv": [8, 7, 9, 8], "texture": "#15"},
				"up": {"uv": [8, 7, 9, 11], "rotation": 270, "texture": "#15"},
				"down": {"uv": [8, 7, 9, 11], "rotation": 90, "texture": "#15"}
			}
		},
		{
			"from": [5, 9, 14],
			"to": [6, 10, 15],
			"rotation": {"angle": 0, "axis": "y", "origin": [8, 8, 8]},
			"faces": {
				"north": {"uv": [2, 0, 3, 1], "texture": "#15"},
				"east": {"uv": [2, 0, 3, 1], "texture": "#15"},
				"south": {"uv": [2, 0, 3, 1], "texture": "#15"},
				"west": {"uv": [2, 0, 3, 1], "texture": "#15"},
				"up": {"uv": [2, 0, 3, 1], "rotation": 270, "texture": "#15"},
				"down": {"uv": [2, 0, 3, 1], "rotation": 90, "texture": "#15"}
			}
		},
		{
			"from": [4, 5, 14],
			"to": [5, 9, 15],
			"rotation": {"angle": 0, "axis": "y", "origin": [8, 8, 8]},
			"faces": {
				"north": {"uv": [2, 0, 3, 4], "texture": "#15"},
				"east": {"uv": [2, 0, 3, 4], "texture": "#15"},
				"south": {"uv": [2, 0, 3, 4], "texture": "#15"},
				"west": {"uv": [2, 0, 3, 4], "texture": "#15"},
				"up": {"uv": [2, 0, 3, 1], "rotation": 270, "texture": "#15"},
				"down": {"uv": [2, 0, 3, 1], "rotation": 90, "texture": "#15"}
			}
		},
		{
			"from": [5, 5, 14],
			"to": [11, 6, 15],
			"rotation": {"angle": 0, "axis": "y", "origin": [8, 8, 8]},
			"faces": {
				"north": {"uv": [4, 7, 10, 8], "texture": "#15"},
				"east": {"uv": [2, 0, 3, 1], "texture": "#15"},
				"south": {"uv": [5, 7, 11, 8], "texture": "#15"},
				"west": {"uv": [2, 0, 3, 1], "texture": "#15"},
				"up": {"uv": [2, 0, 3, 6], "rotation": 270, "texture": "#15"},
				"down": {"uv": [2, 0, 3, 6], "rotation": 90, "texture": "#15"}
			}
		},
		{
			"from": [11, 5, 14],
			"to": [12, 9, 15],
			"rotation": {"angle": 0, "axis": "y", "origin": [8, 8, 8]},
			"faces": {
				"north": {"uv": [2, 0, 3, 4], "texture": "#15"},
				"east": {"uv": [2, 0, 3, 4], "texture": "#15"},
				"south": {"uv": [2, 0, 3, 4], "texture": "#15"},
				"west": {"uv": [2, 0, 3, 4], "texture": "#15"},
				"up": {"uv": [2, 0, 3, 1], "rotation": 270, "texture": "#15"},
				"down": {"uv": [2, 0, 3, 1], "rotation": 90, "texture": "#15"}
			}
		},
		{
			"from": [10, 9, 14],
			"to": [11, 10, 15],
			"rotation": {"angle": 0, "axis": "y", "origin": [8, 8, 8]},
			"faces": {
				"north": {"uv": [2, 0, 3, 1], "texture": "#15"},
				"east": {"uv": [2, 0, 3, 1], "texture": "#15"},
				"south": {"uv": [2, 0, 3, 1], "texture": "#15"},
				"west": {"uv": [2, 0, 3, 1], "texture": "#15"},
				"up": {"uv": [2, 0, 3, 1], "rotation": 270, "texture": "#15"},
				"down": {"uv": [2, 0, 3, 1], "rotation": 90, "texture": "#15"}
			}
		},
		{
			"from": [6, 10, 1],
			"to": [10, 11, 2],
			"rotation": {"angle": 0, "axis": "y", "origin": [8, 8, 8]},
			"faces": {
				"north": {"uv": [8, 7, 12, 8], "texture": "#15"},
				"east": {"uv": [8, 7, 9, 8], "texture": "#15"},
				"south": {"uv": [8, 7, 12, 8], "texture": "#15"},
				"west": {"uv": [8, 7, 9, 8], "texture": "#15"},
				"up": {"uv": [8, 7, 9, 11], "rotation": 270, "texture": "#15"},
				"down": {"uv": [8, 7, 9, 11], "rotation": 90, "texture": "#15"}
			}
		},
		{
			"from": [5, 9, 1],
			"to": [6, 10, 2],
			"rotation": {"angle": 0, "axis": "y", "origin": [8, 8, 8]},
			"faces": {
				"north": {"uv": [2, 0, 3, 1], "texture": "#15"},
				"east": {"uv": [2, 0, 3, 1], "texture": "#15"},
				"south": {"uv": [2, 0, 3, 1], "texture": "#15"},
				"west": {"uv": [2, 0, 3, 1], "texture": "#15"},
				"up": {"uv": [2, 0, 3, 1], "rotation": 270, "texture": "#15"},
				"down": {"uv": [2, 0, 3, 1], "rotation": 90, "texture": "#15"}
			}
		},
		{
			"from": [4, 5, 1],
			"to": [5, 9, 2],
			"rotation": {"angle": 0, "axis": "y", "origin": [8, 8, 8]},
			"faces": {
				"north": {"uv": [2, 0, 3, 4], "texture": "#15"},
				"east": {"uv": [2, 0, 3, 4], "texture": "#15"},
				"south": {"uv": [2, 0, 3, 4], "texture": "#15"},
				"west": {"uv": [2, 0, 3, 4], "texture": "#15"},
				"up": {"uv": [2, 0, 3, 1], "rotation": 270, "texture": "#15"},
				"down": {"uv": [2, 0, 3, 1], "rotation": 90, "texture": "#15"}
			}
		},
		{
			"from": [5, 5, 1],
			"to": [11, 6, 2],
			"rotation": {"angle": 0, "axis": "y", "origin": [8, 8, 8]},
			"faces": {
				"north": {"uv": [4, 7, 10, 8], "texture": "#15"},
				"east": {"uv": [2, 0, 3, 1], "texture": "#15"},
				"south": {"uv": [2, 0, 8, 1], "texture": "#15"},
				"west": {"uv": [2, 0, 3, 1], "texture": "#15"},
				"up": {"uv": [2, 0, 3, 6], "rotation": 270, "texture": "#15"},
				"down": {"uv": [2, 0, 3, 6], "rotation": 90, "texture": "#15"}
			}
		},
		{
			"from": [11, 5, 1],
			"to": [12, 9, 2],
			"rotation": {"angle": 0, "axis": "y", "origin": [8, 8, 8]},
			"faces": {
				"north": {"uv": [2, 0, 3, 4], "texture": "#15"},
				"east": {"uv": [2, 0, 3, 4], "texture": "#15"},
				"south": {"uv": [2, 0, 3, 4], "texture": "#15"},
				"west": {"uv": [2, 0, 3, 4], "texture": "#15"},
				"up": {"uv": [2, 0, 3, 1], "rotation": 270, "texture": "#15"},
				"down": {"uv": [2, 0, 3, 1], "rotation": 90, "texture": "#15"}
			}
		},
		{
			"from": [10, 9, 1],
			"to": [11, 10, 2],
			"rotation": {"angle": 0, "axis": "y", "origin": [8, 8, 8]},
			"faces": {
				"north": {"uv": [2, 0, 3, 1], "texture": "#15"},
				"east": {"uv": [2, 0, 3, 1], "texture": "#15"},
				"south": {"uv": [2, 0, 3, 1], "texture": "#15"},
				"west": {"uv": [2, 0, 3, 1], "texture": "#15"},
				"up": {"uv": [2, 0, 3, 1], "rotation": 270, "texture": "#15"},
				"down": {"uv": [2, 0, 3, 1], "rotation": 90, "texture": "#15"}
			}
		},
		{
			"from": [2, 13, 2],
			"to": [14, 15, 14],
			"faces": {
				"north": {"uv": [2, 0, 14, 2], "texture": "#13"},
				"east": {"uv": [2, 1, 14, 3], "texture": "#13"},
				"south": {"uv": [1, 0, 13, 2], "texture": "#13"},
				"west": {"uv": [2, 0, 14, 2], "texture": "#13"},
				"up": {"uv": [3, 0, 15, 12], "texture": "#13"},
				"down": {"uv": [3, 0, 15, 12], "texture": "#13"}
			}
		},
		{
			"name": "wheat_stage7_1",
			"from": [2, 7.75, 13.75],
			"to": [4, 11.75, 13.75],
			"rotation": {"angle": -22.5, "axis": "x", "origin": [8, 16, 14.75]},
			"faces": {
				"north": {"uv": [1, 1, 3, 5], "rotation": 180, "texture": "#14"},
				"east": {"uv": [2, 1, 3, 5], "rotation": 180, "texture": "#14"},
				"south": {"uv": [1, 5, 3, 1], "texture": "#14"},
				"west": {"uv": [1, 1, 2, 5], "rotation": 180, "texture": "#14"},
				"up": {"uv": [1, 4, 3, 5], "texture": "#14"},
				"down": {"uv": [3, 1, 1, 2], "rotation": 180, "texture": "#14"}
			}
		},
		{
			"name": "wheat_stage7_2",
			"from": [7, 7.75, 13.75],
			"to": [8, 15.75, 13.75],
			"rotation": {"angle": -22.5, "axis": "x", "origin": [8, 16, 14.75]},
			"faces": {
				"north": {"uv": [7, 8, 8, 16], "rotation": 180, "texture": "#14"},
				"east": {"uv": [7, 8, 7, 16], "rotation": 180, "texture": "#14"},
				"south": {"uv": [7, 16, 8, 8], "texture": "#14"},
				"west": {"uv": [7, 8, 7, 16], "rotation": 180, "texture": "#14"},
				"up": {"uv": [7, 16, 8, 16], "texture": "#14"},
				"down": {"uv": [8, 8, 7, 8], "rotation": 180, "texture": "#14"}
			}
		},
		{
			"name": "wheat_stage7_3",
			"from": [11, 8.75, 13.75],
			"to": [12, 15.75, 13.75],
			"rotation": {"angle": -22.5, "axis": "x", "origin": [8, 16, 14.75]},
			"faces": {
				"north": {"uv": [11, 9, 12, 16], "rotation": 180, "texture": "#14"},
				"east": {"uv": [11, 9, 11, 16], "rotation": 180, "texture": "#14"},
				"south": {"uv": [11, 16, 12, 9], "texture": "#14"},
				"west": {"uv": [11, 9, 11, 16], "rotation": 180, "texture": "#14"},
				"up": {"uv": [11, 16, 12, 16], "texture": "#14"},
				"down": {"uv": [12, 9, 11, 9], "rotation": 180, "texture": "#14"}
			}
		},
		{
			"name": "wheat_stage7_4",
			"from": [8, 9.75, 13.75],
			"to": [9, 12.75, 13.75],
			"rotation": {"angle": -22.5, "axis": "x", "origin": [8, 16, 14.75]},
			"faces": {
				"north": {"uv": [8, 3, 9, 6], "rotation": 180, "texture": "#14"},
				"east": {"uv": [8, 3, 9, 6], "rotation": 180, "texture": "#14"},
				"south": {"uv": [8, 6, 9, 3], "texture": "#14"},
				"west": {"uv": [8, 3, 9, 6], "rotation": 180, "texture": "#14"},
				"up": {"uv": [8, 5, 9, 6], "texture": "#14"},
				"down": {"uv": [9, 3, 8, 4], "rotation": 180, "texture": "#14"}
			}
		},
		{
			"name": "wheat_stage7_5",
			"from": [10, 9.75, 13.75],
			"to": [11, 11.75, 13.75],
			"rotation": {"angle": -22.5, "axis": "x", "origin": [8, 16, 14.75]},
			"faces": {
				"north": {"uv": [10, 3, 11, 5], "rotation": 180, "texture": "#14"},
				"east": {"uv": [10, 3, 11, 5], "rotation": 180, "texture": "#14"},
				"south": {"uv": [10, 5, 11, 3], "texture": "#14"},
				"west": {"uv": [10, 3, 11, 5], "rotation": 180, "texture": "#14"},
				"up": {"uv": [10, 4, 11, 5], "texture": "#14"},
				"down": {"uv": [11, 3, 10, 4], "rotation": 180, "texture": "#14"}
			}
		},
		{
			"name": "wheat_stage7_7",
			"from": [9, 10.75, 13.75],
			"to": [10, 12.75, 13.75],
			"rotation": {"angle": -22.5, "axis": "x", "origin": [8, 16, 14.75]},
			"faces": {
				"north": {"uv": [9, 4, 10, 6], "rotation": 180, "texture": "#14"},
				"east": {"uv": [9, 4, 10, 6], "rotation": 180, "texture": "#14"},
				"south": {"uv": [9, 6, 10, 4], "texture": "#14"},
				"west": {"uv": [9, 4, 10, 6], "rotation": 180, "texture": "#14"},
				"up": {"uv": [9, 5, 10, 6], "texture": "#14"},
				"down": {"uv": [10, 4, 9, 5], "rotation": 180, "texture": "#14"}
			}
		},
		{
			"name": "wheat_stage7_9",
			"from": [2, 11.75, 13.75],
			"to": [3, 15.75, 13.75],
			"rotation": {"angle": -22.5, "axis": "x", "origin": [8, 16, 14.75]},
			"faces": {
				"north": {"uv": [2, 12, 3, 16], "rotation": 180, "texture": "#14"},
				"east": {"uv": [2, 12, 2, 16], "rotation": 180, "texture": "#14"},
				"south": {"uv": [2, 16, 3, 12], "texture": "#14"},
				"west": {"uv": [2, 12, 2, 16], "rotation": 180, "texture": "#14"},
				"up": {"uv": [2, 16, 3, 16], "texture": "#14"},
				"down": {"uv": [3, 12, 2, 12], "rotation": 180, "texture": "#14"}
			}
		},
		{
			"name": "wheat_stage7_10",
			"from": [4, 11.75, 13.75],
			"to": [5, 15.75, 13.75],
			"rotation": {"angle": -22.5, "axis": "x", "origin": [8, 16, 14.75]},
			"faces": {
				"north": {"uv": [4, 12, 5, 16], "rotation": 180, "texture": "#14"},
				"east": {"uv": [4, 12, 4, 16], "rotation": 180, "texture": "#14"},
				"south": {"uv": [4, 16, 5, 12], "texture": "#14"},
				"west": {"uv": [4, 12, 4, 16], "rotation": 180, "texture": "#14"},
				"up": {"uv": [4, 16, 5, 16], "texture": "#14"},
				"down": {"uv": [5, 12, 4, 12], "rotation": 180, "texture": "#14"}
			}
		},
		{
			"name": "wheat_stage7_11",
			"from": [12, 11.75, 13.75],
			"to": [14, 13.75, 13.75],
			"rotation": {"angle": -22.5, "axis": "x", "origin": [8, 16, 14.75]},
			"faces": {
				"north": {"uv": [12, 5, 14, 7], "rotation": 180, "texture": "#14"},
				"east": {"uv": [13, 5, 14, 7], "rotation": 180, "texture": "#14"},
				"south": {"uv": [12, 7, 14, 5], "texture": "#14"},
				"west": {"uv": [12, 5, 13, 7], "rotation": 180, "texture": "#14"},
				"up": {"uv": [12, 6, 14, 7], "texture": "#14"},
				"down": {"uv": [14, 5, 12, 6], "rotation": 180, "texture": "#14"}
			}
		},
		{
			"name": "wheat_stage7_14",
			"from": [6, 12.75, 13.75],
			"to": [7, 15.75, 13.75],
			"rotation": {"angle": -22.5, "axis": "x", "origin": [8, 16, 14.75]},
			"faces": {
				"north": {"uv": [6, 7, 7, 10], "rotation": 180, "texture": "#14"},
				"east": {"uv": [6, 7, 7, 10], "rotation": 180, "texture": "#14"},
				"south": {"uv": [6, 10, 7, 7], "texture": "#14"},
				"west": {"uv": [6, 7, 7, 10], "rotation": 180, "texture": "#14"},
				"up": {"uv": [6, 9, 7, 10], "texture": "#14"},
				"down": {"uv": [7, 7, 6, 8], "rotation": 180, "texture": "#14"}
			}
		},
		{
			"name": "wheat_stage7_15",
			"from": [9, 13.75, 13.75],
			"to": [10, 15.75, 13.75],
			"rotation": {"angle": -22.5, "axis": "x", "origin": [8, 16, 14.75]},
			"faces": {
				"north": {"uv": [9, 11, 10, 13], "rotation": 180, "texture": "#14"},
				"east": {"uv": [9, 11, 9, 13], "rotation": 180, "texture": "#14"},
				"south": {"uv": [9, 13, 10, 11], "texture": "#14"},
				"west": {"uv": [9, 11, 9, 13], "rotation": 180, "texture": "#14"},
				"up": {"uv": [9, 13, 10, 13], "texture": "#14"},
				"down": {"uv": [10, 11, 9, 11], "rotation": 180, "texture": "#14"}
			}
		},
		{
			"name": "wheat_stage7_16",
			"from": [13, 13.75, 13.75],
			"to": [14, 15.75, 13.75],
			"rotation": {"angle": -22.5, "axis": "x", "origin": [8, 16, 14.75]},
			"faces": {
				"north": {"uv": [13, 7, 14, 9], "rotation": 180, "texture": "#14"},
				"east": {"uv": [13, 7, 14, 9], "rotation": 180, "texture": "#14"},
				"south": {"uv": [13, 9, 14, 7], "texture": "#14"},
				"west": {"uv": [13, 7, 14, 9], "rotation": 180, "texture": "#14"},
				"up": {"uv": [13, 8, 14, 9], "texture": "#14"},
				"down": {"uv": [14, 7, 13, 8], "rotation": 180, "texture": "#14"}
			}
		},
		{
			"name": "wheat_stage7_2",
			"from": [14.70846, 4.87403, 12],
			"to": [14.70846, 8.87403, 14],
			"rotation": {"angle": 22.5, "axis": "z", "origin": [8, 12.15277, 8]},
			"faces": {
				"north": {"uv": [2, 1, 3, 5], "rotation": 180, "texture": "#14"},
				"east": {"uv": [1, 5, 3, 1], "texture": "#14"},
				"south": {"uv": [1, 1, 2, 5], "rotation": 180, "texture": "#14"},
				"west": {"uv": [1, 1, 3, 5], "rotation": 180, "texture": "#14"},
				"up": {"uv": [1, 4, 3, 5], "rotation": 270, "texture": "#14"},
				"down": {"uv": [3, 1, 1, 2], "rotation": 270, "texture": "#14"}
			}
		},
		{
			"name": "wheat_stage7_3",
			"from": [14.70846, 4.87403, 8],
			"to": [14.70846, 12.87403, 9],
			"rotation": {"angle": 22.5, "axis": "z", "origin": [8, 12.15277, 8]},
			"faces": {
				"north": {"uv": [7, 8, 7, 16], "rotation": 180, "texture": "#14"},
				"east": {"uv": [7, 16, 8, 8], "texture": "#14"},
				"south": {"uv": [7, 8, 7, 16], "rotation": 180, "texture": "#14"},
				"west": {"uv": [7, 8, 8, 16], "rotation": 180, "texture": "#14"},
				"up": {"uv": [7, 16, 8, 16], "rotation": 270, "texture": "#14"},
				"down": {"uv": [8, 8, 7, 8], "rotation": 270, "texture": "#14"}
			}
		},
		{
			"name": "wheat_stage7_4",
			"from": [14.70846, 5.87403, 4],
			"to": [14.70846, 12.87403, 5],
			"rotation": {"angle": 22.5, "axis": "z", "origin": [8, 12.15277, 8]},
			"faces": {
				"north": {"uv": [11, 9, 11, 16], "rotation": 180, "texture": "#14"},
				"east": {"uv": [11, 16, 12, 9], "texture": "#14"},
				"south": {"uv": [11, 9, 11, 16], "rotation": 180, "texture": "#14"},
				"west": {"uv": [11, 9, 12, 16], "rotation": 180, "texture": "#14"},
				"up": {"uv": [11, 16, 12, 16], "rotation": 270, "texture": "#14"},
				"down": {"uv": [12, 9, 11, 9], "rotation": 270, "texture": "#14"}
			}
		},
		{
			"name": "wheat_stage7_5",
			"from": [14.70846, 6.87403, 7],
			"to": [14.70846, 9.87403, 8],
			"rotation": {"angle": 22.5, "axis": "z", "origin": [8, 12.15277, 8]},
			"faces": {
				"north": {"uv": [8, 3, 9, 6], "rotation": 180, "texture": "#14"},
				"east": {"uv": [8, 6, 9, 3], "texture": "#14"},
				"south": {"uv": [8, 3, 9, 6], "rotation": 180, "texture": "#14"},
				"west": {"uv": [8, 3, 9, 6], "rotation": 180, "texture": "#14"},
				"up": {"uv": [8, 5, 9, 6], "rotation": 270, "texture": "#14"},
				"down": {"uv": [9, 3, 8, 4], "rotation": 270, "texture": "#14"}
			}
		},
		{
			"name": "wheat_stage7_6",
			"from": [14.70846, 6.87403, 5],
			"to": [14.70846, 8.87403, 6],
			"rotation": {"angle": 22.5, "axis": "z", "origin": [8, 12.15277, 8]},
			"faces": {
				"north": {"uv": [10, 3, 11, 5], "rotation": 180, "texture": "#14"},
				"east": {"uv": [10, 5, 11, 3], "texture": "#14"},
				"south": {"uv": [10, 3, 11, 5], "rotation": 180, "texture": "#14"},
				"west": {"uv": [10, 3, 11, 5], "rotation": 180, "texture": "#14"},
				"up": {"uv": [10, 4, 11, 5], "rotation": 270, "texture": "#14"},
				"down": {"uv": [11, 3, 10, 4], "rotation": 270, "texture": "#14"}
			}
		},
		{
			"name": "wheat_stage8_8",
			"from": [14.70846, 7.87403, 6],
			"to": [14.70846, 9.87403, 7],
			"rotation": {"angle": 22.5, "axis": "z", "origin": [8, 12.15277, 8]},
			"faces": {
				"north": {"uv": [9, 4, 10, 6], "rotation": 180, "texture": "#14"},
				"east": {"uv": [9, 6, 10, 4], "texture": "#14"},
				"south": {"uv": [9, 4, 10, 6], "rotation": 180, "texture": "#14"},
				"west": {"uv": [9, 4, 10, 6], "rotation": 180, "texture": "#14"},
				"up": {"uv": [9, 5, 10, 6], "rotation": 270, "texture": "#14"},
				"down": {"uv": [10, 4, 9, 5], "rotation": 270, "texture": "#14"}
			}
		},
		{
			"name": "wheat_stage7_10",
			"from": [14.70846, 8.87403, 13],
			"to": [14.70846, 12.87403, 14],
			"rotation": {"angle": 22.5, "axis": "z", "origin": [8, 12.15277, 8]},
			"faces": {
				"north": {"uv": [2, 12, 2, 16], "rotation": 180, "texture": "#14"},
				"east": {"uv": [2, 16, 3, 12], "texture": "#14"},
				"south": {"uv": [2, 12, 2, 16], "rotation": 180, "texture": "#14"},
				"west": {"uv": [2, 12, 3, 16], "rotation": 180, "texture": "#14"},
				"up": {"uv": [2, 16, 3, 16], "rotation": 270, "texture": "#14"},
				"down": {"uv": [3, 12, 2, 12], "rotation": 270, "texture": "#14"}
			}
		},
		{
			"name": "wheat_stage7_11",
			"from": [14.70846, 8.87403, 11],
			"to": [14.70846, 12.87403, 12],
			"rotation": {"angle": 22.5, "axis": "z", "origin": [8, 12.15277, 8]},
			"faces": {
				"north": {"uv": [4, 12, 4, 16], "rotation": 180, "texture": "#14"},
				"east": {"uv": [4, 16, 5, 12], "texture": "#14"},
				"south": {"uv": [4, 12, 4, 16], "rotation": 180, "texture": "#14"},
				"west": {"uv": [4, 12, 5, 16], "rotation": 180, "texture": "#14"},
				"up": {"uv": [4, 16, 5, 16], "rotation": 270, "texture": "#14"},
				"down": {"uv": [5, 12, 4, 12], "rotation": 270, "texture": "#14"}
			}
		},
		{
			"name": "wheat_stage7_12",
			"from": [14.70846, 8.87403, 2],
			"to": [14.70846, 10.87403, 4],
			"rotation": {"angle": 22.5, "axis": "z", "origin": [8, 12.15277, 8]},
			"faces": {
				"north": {"uv": [13, 5, 14, 7], "rotation": 180, "texture": "#14"},
				"east": {"uv": [12, 7, 14, 5], "texture": "#14"},
				"south": {"uv": [12, 5, 13, 7], "rotation": 180, "texture": "#14"},
				"west": {"uv": [12, 5, 14, 7], "rotation": 180, "texture": "#14"},
				"up": {"uv": [12, 6, 14, 7], "rotation": 270, "texture": "#14"},
				"down": {"uv": [14, 5, 12, 6], "rotation": 270, "texture": "#14"}
			}
		},
		{
			"name": "wheat_stage7_15",
			"from": [14.70846, 9.87403, 9],
			"to": [14.70846, 12.87403, 10],
			"rotation": {"angle": 22.5, "axis": "z", "origin": [8, 12.15277, 8]},
			"faces": {
				"north": {"uv": [6, 7, 7, 10], "rotation": 180, "texture": "#14"},
				"east": {"uv": [6, 10, 7, 7], "texture": "#14"},
				"south": {"uv": [6, 7, 7, 10], "rotation": 180, "texture": "#14"},
				"west": {"uv": [6, 7, 7, 10], "rotation": 180, "texture": "#14"},
				"up": {"uv": [6, 9, 7, 10], "rotation": 270, "texture": "#14"},
				"down": {"uv": [7, 7, 6, 8], "rotation": 270, "texture": "#14"}
			}
		},
		{
			"name": "wheat_stage7_16",
			"from": [14.70846, 10.87403, 6],
			"to": [14.70846, 12.87403, 7],
			"rotation": {"angle": 22.5, "axis": "z", "origin": [8, 12.15277, 8]},
			"faces": {
				"north": {"uv": [9, 11, 9, 13], "rotation": 180, "texture": "#14"},
				"east": {"uv": [9, 13, 10, 11], "texture": "#14"},
				"south": {"uv": [9, 11, 9, 13], "rotation": 180, "texture": "#14"},
				"west": {"uv": [9, 11, 10, 13], "rotation": 180, "texture": "#14"},
				"up": {"uv": [9, 13, 10, 13], "rotation": 270, "texture": "#14"},
				"down": {"uv": [10, 11, 9, 11], "rotation": 270, "texture": "#14"}
			}
		},
		{
			"name": "wheat_stage7_17",
			"from": [14.70846, 10.87403, 2],
			"to": [14.70846, 12.87403, 3],
			"rotation": {"angle": 22.5, "axis": "z", "origin": [8, 12.15277, 8]},
			"faces": {
				"north": {"uv": [13, 7, 14, 9], "rotation": 180, "texture": "#14"},
				"east": {"uv": [13, 9, 14, 7], "texture": "#14"},
				"south": {"uv": [13, 7, 14, 9], "rotation": 180, "texture": "#14"},
				"west": {"uv": [13, 7, 14, 9], "rotation": 180, "texture": "#14"},
				"up": {"uv": [13, 8, 14, 9], "rotation": 270, "texture": "#14"},
				"down": {"uv": [14, 7, 13, 8], "rotation": 270, "texture": "#14"}
			}
		},
		{
			"name": "wheat_stage7_2",
			"from": [2, 7.75, 2.25],
			"to": [4, 11.75, 2.25],
			"rotation": {"angle": 22.5, "axis": "x", "origin": [8, 16, 1.25]},
			"faces": {
				"north": {"uv": [3, 5, 1, 1], "texture": "#14"},
				"east": {"uv": [3, 1, 2, 5], "rotation": 180, "texture": "#14"},
				"south": {"uv": [3, 1, 1, 5], "rotation": 180, "texture": "#14"},
				"west": {"uv": [2, 1, 1, 5], "rotation": 180, "texture": "#14"},
				"up": {"uv": [1, 5, 3, 4], "texture": "#14"},
				"down": {"uv": [3, 2, 1, 1], "rotation": 180, "texture": "#14"}
			}
		},
		{
			"name": "wheat_stage7_3",
			"from": [7, 7.75, 2.25],
			"to": [8, 15.75, 2.25],
			"rotation": {"angle": 22.5, "axis": "x", "origin": [8, 16, 1.25]},
			"faces": {
				"north": {"uv": [8, 16, 7, 8], "texture": "#14"},
				"east": {"uv": [7, 8, 7, 16], "rotation": 180, "texture": "#14"},
				"south": {"uv": [8, 8, 7, 16], "rotation": 180, "texture": "#14"},
				"west": {"uv": [7, 8, 7, 16], "rotation": 180, "texture": "#14"},
				"up": {"uv": [7, 16, 8, 16], "texture": "#14"},
				"down": {"uv": [8, 8, 7, 8], "rotation": 180, "texture": "#14"}
			}
		},
		{
			"name": "wheat_stage7_4",
			"from": [11, 8.75, 2.25],
			"to": [12, 15.75, 2.25],
			"rotation": {"angle": 22.5, "axis": "x", "origin": [8, 16, 1.25]},
			"faces": {
				"north": {"uv": [12, 16, 11, 9], "texture": "#14"},
				"east": {"uv": [11, 9, 11, 16], "rotation": 180, "texture": "#14"},
				"south": {"uv": [12, 9, 11, 16], "rotation": 180, "texture": "#14"},
				"west": {"uv": [11, 9, 11, 16], "rotation": 180, "texture": "#14"},
				"up": {"uv": [11, 16, 12, 16], "texture": "#14"},
				"down": {"uv": [12, 9, 11, 9], "rotation": 180, "texture": "#14"}
			}
		},
		{
			"name": "wheat_stage7_5",
			"from": [8, 9.75, 2.25],
			"to": [9, 12.75, 2.25],
			"rotation": {"angle": 22.5, "axis": "x", "origin": [8, 16, 1.25]},
			"faces": {
				"north": {"uv": [9, 6, 8, 3], "texture": "#14"},
				"east": {"uv": [9, 3, 8, 6], "rotation": 180, "texture": "#14"},
				"south": {"uv": [9, 3, 8, 6], "rotation": 180, "texture": "#14"},
				"west": {"uv": [9, 3, 8, 6], "rotation": 180, "texture": "#14"},
				"up": {"uv": [8, 6, 9, 5], "texture": "#14"},
				"down": {"uv": [9, 4, 8, 3], "rotation": 180, "texture": "#14"}
			}
		},
		{
			"name": "wheat_stage7_6",
			"from": [10, 9.75, 2.25],
			"to": [11, 11.75, 2.25],
			"rotation": {"angle": 22.5, "axis": "x", "origin": [8, 16, 1.25]},
			"faces": {
				"north": {"uv": [11, 5, 10, 3], "texture": "#14"},
				"east": {"uv": [11, 3, 10, 5], "rotation": 180, "texture": "#14"},
				"south": {"uv": [11, 3, 10, 5], "rotation": 180, "texture": "#14"},
				"west": {"uv": [11, 3, 10, 5], "rotation": 180, "texture": "#14"},
				"up": {"uv": [10, 5, 11, 4], "texture": "#14"},
				"down": {"uv": [11, 4, 10, 3], "rotation": 180, "texture": "#14"}
			}
		},
		{
			"name": "wheat_stage8_8",
			"from": [9, 10.75, 2.25],
			"to": [10, 12.75, 2.25],
			"rotation": {"angle": 22.5, "axis": "x", "origin": [8, 16, 1.25]},
			"faces": {
				"north": {"uv": [10, 6, 9, 4], "texture": "#14"},
				"east": {"uv": [10, 4, 9, 6], "rotation": 180, "texture": "#14"},
				"south": {"uv": [10, 4, 9, 6], "rotation": 180, "texture": "#14"},
				"west": {"uv": [10, 4, 9, 6], "rotation": 180, "texture": "#14"},
				"up": {"uv": [9, 6, 10, 5], "texture": "#14"},
				"down": {"uv": [10, 5, 9, 4], "rotation": 180, "texture": "#14"}
			}
		},
		{
			"name": "wheat_stage7_10",
			"from": [2, 11.75, 2.25],
			"to": [3, 15.75, 2.25],
			"rotation": {"angle": 22.5, "axis": "x", "origin": [8, 16, 1.25]},
			"faces": {
				"north": {"uv": [3, 16, 2, 12], "texture": "#14"},
				"east": {"uv": [2, 12, 2, 16], "rotation": 180, "texture": "#14"},
				"south": {"uv": [3, 12, 2, 16], "rotation": 180, "texture": "#14"},
				"west": {"uv": [2, 12, 2, 16], "rotation": 180, "texture": "#14"},
				"up": {"uv": [2, 16, 3, 16], "texture": "#14"},
				"down": {"uv": [3, 12, 2, 12], "rotation": 180, "texture": "#14"}
			}
		},
		{
			"name": "wheat_stage7_11",
			"from": [4, 11.75, 2.25],
			"to": [5, 15.75, 2.25],
			"rotation": {"angle": 22.5, "axis": "x", "origin": [8, 16, 1.25]},
			"faces": {
				"north": {"uv": [5, 16, 4, 12], "texture": "#14"},
				"east": {"uv": [4, 12, 4, 16], "rotation": 180, "texture": "#14"},
				"south": {"uv": [5, 12, 4, 16], "rotation": 180, "texture": "#14"},
				"west": {"uv": [4, 12, 4, 16], "rotation": 180, "texture": "#14"},
				"up": {"uv": [4, 16, 5, 16], "texture": "#14"},
				"down": {"uv": [5, 12, 4, 12], "rotation": 180, "texture": "#14"}
			}
		},
		{
			"name": "wheat_stage7_12",
			"from": [12, 11.75, 2.25],
			"to": [14, 13.75, 2.25],
			"rotation": {"angle": 22.5, "axis": "x", "origin": [8, 16, 1.25]},
			"faces": {
				"north": {"uv": [14, 7, 12, 5], "texture": "#14"},
				"east": {"uv": [14, 5, 13, 7], "rotation": 180, "texture": "#14"},
				"south": {"uv": [14, 5, 12, 7], "rotation": 180, "texture": "#14"},
				"west": {"uv": [13, 5, 12, 7], "rotation": 180, "texture": "#14"},
				"up": {"uv": [12, 7, 14, 6], "texture": "#14"},
				"down": {"uv": [14, 6, 12, 5], "rotation": 180, "texture": "#14"}
			}
		},
		{
			"name": "wheat_stage7_15",
			"from": [6, 12.75, 2.25],
			"to": [7, 15.75, 2.25],
			"rotation": {"angle": 22.5, "axis": "x", "origin": [8, 16, 1.25]},
			"faces": {
				"north": {"uv": [7, 10, 6, 7], "texture": "#14"},
				"east": {"uv": [7, 7, 6, 10], "rotation": 180, "texture": "#14"},
				"south": {"uv": [7, 7, 6, 10], "rotation": 180, "texture": "#14"},
				"west": {"uv": [7, 7, 6, 10], "rotation": 180, "texture": "#14"},
				"up": {"uv": [6, 10, 7, 9], "texture": "#14"},
				"down": {"uv": [7, 8, 6, 7], "rotation": 180, "texture": "#14"}
			}
		},
		{
			"name": "wheat_stage7_16",
			"from": [9, 13.75, 2.25],
			"to": [10, 15.75, 2.25],
			"rotation": {"angle": 22.5, "axis": "x", "origin": [8, 16, 1.25]},
			"faces": {
				"north": {"uv": [10, 13, 9, 11], "texture": "#14"},
				"east": {"uv": [9, 11, 9, 13], "rotation": 180, "texture": "#14"},
				"south": {"uv": [10, 11, 9, 13], "rotation": 180, "texture": "#14"},
				"west": {"uv": [9, 11, 9, 13], "rotation": 180, "texture": "#14"},
				"up": {"uv": [9, 13, 10, 13], "texture": "#14"},
				"down": {"uv": [10, 11, 9, 11], "rotation": 180, "texture": "#14"}
			}
		},
		{
			"name": "wheat_stage7_17",
			"from": [13, 13.75, 2.25],
			"to": [14, 15.75, 2.25],
			"rotation": {"angle": 22.5, "axis": "x", "origin": [8, 16, 1.25]},
			"faces": {
				"north": {"uv": [14, 9, 13, 7], "texture": "#14"},
				"east": {"uv": [14, 7, 13, 9], "rotation": 180, "texture": "#14"},
				"south": {"uv": [14, 7, 13, 9], "rotation": 180, "texture": "#14"},
				"west": {"uv": [14, 7, 13, 9], "rotation": 180, "texture": "#14"},
				"up": {"uv": [13, 9, 14, 8], "texture": "#14"},
				"down": {"uv": [14, 8, 13, 7], "rotation": 180, "texture": "#14"}
			}
		},
		{
			"name": "wheat_stage7_3",
			"from": [1.29154, 4.87403, 12],
			"to": [1.29154, 8.87403, 14],
			"rotation": {"angle": -22.5, "axis": "z", "origin": [8, 12.15277, 8]},
			"faces": {
				"north": {"uv": [3, 1, 2, 5], "rotation": 180, "texture": "#14"},
				"east": {"uv": [3, 1, 1, 5], "rotation": 180, "texture": "#14"},
				"south": {"uv": [2, 1, 1, 5], "rotation": 180, "texture": "#14"},
				"west": {"uv": [3, 5, 1, 1], "texture": "#14"},
				"up": {"uv": [1, 5, 3, 4], "rotation": 270, "texture": "#14"},
				"down": {"uv": [3, 2, 1, 1], "rotation": 270, "texture": "#14"}
			}
		},
		{
			"name": "wheat_stage7_4",
			"from": [1.29154, 4.87403, 8],
			"to": [1.29154, 12.87403, 9],
			"rotation": {"angle": -22.5, "axis": "z", "origin": [8, 12.15277, 8]},
			"faces": {
				"north": {"uv": [7, 8, 7, 16], "rotation": 180, "texture": "#14"},
				"east": {"uv": [8, 8, 7, 16], "rotation": 180, "texture": "#14"},
				"south": {"uv": [7, 8, 7, 16], "rotation": 180, "texture": "#14"},
				"west": {"uv": [8, 16, 7, 8], "texture": "#14"},
				"up": {"uv": [7, 16, 8, 16], "rotation": 270, "texture": "#14"},
				"down": {"uv": [8, 8, 7, 8], "rotation": 270, "texture": "#14"}
			}
		},
		{
			"name": "wheat_stage7_5",
			"from": [1.29154, 5.87403, 4],
			"to": [1.29154, 12.87403, 5],
			"rotation": {"angle": -22.5, "axis": "z", "origin": [8, 12.15277, 8]},
			"faces": {
				"north": {"uv": [11, 9, 11, 16], "rotation": 180, "texture": "#14"},
				"east": {"uv": [12, 9, 11, 16], "rotation": 180, "texture": "#14"},
				"south": {"uv": [11, 9, 11, 16], "rotation": 180, "texture": "#14"},
				"west": {"uv": [12, 16, 11, 9], "texture": "#14"},
				"up": {"uv": [11, 16, 12, 16], "rotation": 270, "texture": "#14"},
				"down": {"uv": [12, 9, 11, 9], "rotation": 270, "texture": "#14"}
			}
		},
		{
			"name": "wheat_stage7_6",
			"from": [1.29154, 6.87403, 7],
			"to": [1.29154, 9.87403, 8],
			"rotation": {"angle": -22.5, "axis": "z", "origin": [8, 12.15277, 8]},
			"faces": {
				"north": {"uv": [9, 3, 8, 6], "rotation": 180, "texture": "#14"},
				"east": {"uv": [9, 3, 8, 6], "rotation": 180, "texture": "#14"},
				"south": {"uv": [9, 3, 8, 6], "rotation": 180, "texture": "#14"},
				"west": {"uv": [9, 6, 8, 3], "texture": "#14"},
				"up": {"uv": [8, 6, 9, 5], "rotation": 270, "texture": "#14"},
				"down": {"uv": [9, 4, 8, 3], "rotation": 270, "texture": "#14"}
			}
		},
		{
			"name": "wheat_stage7_7",
			"from": [1.29154, 6.87403, 5],
			"to": [1.29154, 8.87403, 6],
			"rotation": {"angle": -22.5, "axis": "z", "origin": [8, 12.15277, 8]},
			"faces": {
				"north": {"uv": [11, 3, 10, 5], "rotation": 180, "texture": "#14"},
				"east": {"uv": [11, 3, 10, 5], "rotation": 180, "texture": "#14"},
				"south": {"uv": [11, 3, 10, 5], "rotation": 180, "texture": "#14"},
				"west": {"uv": [11, 5, 10, 3], "texture": "#14"},
				"up": {"uv": [10, 5, 11, 4], "rotation": 270, "texture": "#14"},
				"down": {"uv": [11, 4, 10, 3], "rotation": 270, "texture": "#14"}
			}
		},
		{
			"name": "wheat_stage9_9",
			"from": [1.29154, 7.87403, 6],
			"to": [1.29154, 9.87403, 7],
			"rotation": {"angle": -22.5, "axis": "z", "origin": [8, 12.15277, 8]},
			"faces": {
				"north": {"uv": [10, 4, 9, 6], "rotation": 180, "texture": "#14"},
				"east": {"uv": [10, 4, 9, 6], "rotation": 180, "texture": "#14"},
				"south": {"uv": [10, 4, 9, 6], "rotation": 180, "texture": "#14"},
				"west": {"uv": [10, 6, 9, 4], "texture": "#14"},
				"up": {"uv": [9, 6, 10, 5], "rotation": 270, "texture": "#14"},
				"down": {"uv": [10, 5, 9, 4], "rotation": 270, "texture": "#14"}
			}
		},
		{
			"name": "wheat_stage7_11",
			"from": [1.29154, 8.87403, 13],
			"to": [1.29154, 12.87403, 14],
			"rotation": {"angle": -22.5, "axis": "z", "origin": [8, 12.15277, 8]},
			"faces": {
				"north": {"uv": [2, 12, 2, 16], "rotation": 180, "texture": "#14"},
				"east": {"uv": [3, 12, 2, 16], "rotation": 180, "texture": "#14"},
				"south": {"uv": [2, 12, 2, 16], "rotation": 180, "texture": "#14"},
				"west": {"uv": [3, 16, 2, 12], "texture": "#14"},
				"up": {"uv": [2, 16, 3, 16], "rotation": 270, "texture": "#14"},
				"down": {"uv": [3, 12, 2, 12], "rotation": 270, "texture": "#14"}
			}
		},
		{
			"name": "wheat_stage7_12",
			"from": [1.29154, 8.87403, 11],
			"to": [1.29154, 12.87403, 12],
			"rotation": {"angle": -22.5, "axis": "z", "origin": [8, 12.15277, 8]},
			"faces": {
				"north": {"uv": [4, 12, 4, 16], "rotation": 180, "texture": "#14"},
				"east": {"uv": [5, 12, 4, 16], "rotation": 180, "texture": "#14"},
				"south": {"uv": [4, 12, 4, 16], "rotation": 180, "texture": "#14"},
				"west": {"uv": [5, 16, 4, 12], "texture": "#14"},
				"up": {"uv": [4, 16, 5, 16], "rotation": 270, "texture": "#14"},
				"down": {"uv": [5, 12, 4, 12], "rotation": 270, "texture": "#14"}
			}
		},
		{
			"name": "wheat_stage7_13",
			"from": [1.29154, 8.87403, 2],
			"to": [1.29154, 10.87403, 4],
			"rotation": {"angle": -22.5, "axis": "z", "origin": [8, 12.15277, 8]},
			"faces": {
				"north": {"uv": [14, 5, 13, 7], "rotation": 180, "texture": "#14"},
				"east": {"uv": [14, 5, 12, 7], "rotation": 180, "texture": "#14"},
				"south": {"uv": [13, 5, 12, 7], "rotation": 180, "texture": "#14"},
				"west": {"uv": [14, 7, 12, 5], "texture": "#14"},
				"up": {"uv": [12, 7, 14, 6], "rotation": 270, "texture": "#14"},
				"down": {"uv": [14, 6, 12, 5], "rotation": 270, "texture": "#14"}
			}
		},
		{
			"name": "wheat_stage7_16",
			"from": [1.29154, 9.87403, 9],
			"to": [1.29154, 12.87403, 10],
			"rotation": {"angle": -22.5, "axis": "z", "origin": [8, 12.15277, 8]},
			"faces": {
				"north": {"uv": [7, 7, 6, 10], "rotation": 180, "texture": "#14"},
				"east": {"uv": [7, 7, 6, 10], "rotation": 180, "texture": "#14"},
				"south": {"uv": [7, 7, 6, 10], "rotation": 180, "texture": "#14"},
				"west": {"uv": [7, 10, 6, 7], "texture": "#14"},
				"up": {"uv": [6, 10, 7, 9], "rotation": 270, "texture": "#14"},
				"down": {"uv": [7, 8, 6, 7], "rotation": 270, "texture": "#14"}
			}
		},
		{
			"name": "wheat_stage7_17",
			"from": [1.29154, 10.87403, 6],
			"to": [1.29154, 12.87403, 7],
			"rotation": {"angle": -22.5, "axis": "z", "origin": [8, 12.15277, 8]},
			"faces": {
				"north": {"uv": [9, 11, 9, 13], "rotation": 180, "texture": "#14"},
				"east": {"uv": [10, 11, 9, 13], "rotation": 180, "texture": "#14"},
				"south": {"uv": [9, 11, 9, 13], "rotation": 180, "texture": "#14"},
				"west": {"uv": [10, 13, 9, 11], "texture": "#14"},
				"up": {"uv": [9, 13, 10, 13], "rotation": 270, "texture": "#14"},
				"down": {"uv": [10, 11, 9, 11], "rotation": 270, "texture": "#14"}
			}
		},
		{
			"name": "wheat_stage7_18",
			"from": [1.29154, 10.87403, 2],
			"to": [1.29154, 12.87403, 3],
			"rotation": {"angle": -22.5, "axis": "z", "origin": [8, 12.15277, 8]},
			"faces": {
				"north": {"uv": [14, 7, 13, 9], "rotation": 180, "texture": "#14"},
				"east": {"uv": [14, 7, 13, 9], "rotation": 180, "texture": "#14"},
				"south": {"uv": [14, 7, 13, 9], "rotation": 180, "texture": "#14"},
				"west": {"uv": [14, 9, 13, 7], "texture": "#14"},
				"up": {"uv": [13, 9, 14, 8], "rotation": 270, "texture": "#14"},
				"down": {"uv": [14, 8, 13, 7], "rotation": 270, "texture": "#14"}
			}
		}
	],
	"groups": [
		0,
		1,
		2,
		3,
		4,
		5,
		6,
		7,
		8,
		9,
		10,
		11,
		12,
		13,
		14,
		15,
		16,
		17,
		18,
		19,
		20,
		21,
		22,
		23,
		24,
		25,
		26,
		27,
		28,
		29,
		30,
		31,
		32,
		33,
		34,
		35,
		36,
		37,
		38,
		39,
		40,
		41,
		42,
		43,
		44,
		45,
		46,
		47,
		48,
		49,
		50,
		{
			"name": "wheat_stage7",
			"origin": [8, 8, 8],
			"color": 0,
			"nbt": "{}",
			"armAnimationEnabled": false,
			"children": [51, 52, 53, 54, 55, 56, 57, 58, 59, 60, 61, 62, 63, 64, 65, 66, 67, 68, 69, 70, 71, 72, 73, 74]
		},
		{
			"name": "wheat_stage7",
			"origin": [8, 8, 8],
			"color": 0,
			"nbt": "{}",
			"armAnimationEnabled": false,
			"children": [75, 76, 77, 78, 79, 80, 81, 82, 83, 84, 85, 86, 87, 88, 89, 90, 91, 92, 93, 94, 95, 96, 97, 98]
		}
	]
}