{
	"credit": "Made with Blockbench",
	"parent": "minecraft:block/orientable",
	"textures": {
		"0": "block/stone_bricks",
		"1": "block/chiseled_stone_bricks",
		"2": "block/cracked_stone_bricks",
		"3": "block/mud_bricks",
		"5": "block/coal_block",
		"particle": "block/stone_bricks"
	},
	"elements": [
		{
			"from": [15, 6, 7],
			"to": [16, 8, 16],
			"faces": {
				"north": {"uv": [4, 7, 5, 9], "texture": "#3"},
				"east": {"uv": [4, 7, 13, 9], "texture": "#3"},
				"south": {"uv": [12, 7, 13, 9], "texture": "#3"},
				"west": {"uv": [0, 0, 9, 2], "texture": "#3"},
				"up": {"uv": [7, 7, 8, 16], "texture": "#3"},
				"down": {"uv": [4, 7, 5, 16], "texture": "#3"}
			}
		},
		{
			"from": [15, 0, 13],
			"to": [16, 6, 16],
			"rotation": {"angle": 0, "axis": "y", "origin": [0, -2, 0]},
			"faces": {
				"north": {"uv": [4, 7, 5, 13], "texture": "#3"},
				"east": {"uv": [4, 9, 7, 15], "texture": "#3"},
				"south": {"uv": [12, 7, 13, 13], "texture": "#3"},
				"west": {"uv": [10, 9, 13, 15], "texture": "#3"},
				"up": {"uv": [7, 7, 8, 10], "texture": "#3"},
				"down": {"uv": [4, 7, 5, 10], "texture": "#3"}
			}
		},
		{
			"from": [15, 0, 7],
			"to": [16, 6, 11],
			"rotation": {"angle": 0, "axis": "y", "origin": [0, -2, -6]},
			"faces": {
				"north": {"uv": [4, 7, 5, 13], "texture": "#3"},
				"east": {"uv": [9, 9, 13, 15], "texture": "#3"},
				"south": {"uv": [12, 7, 13, 13], "texture": "#3"},
				"west": {"uv": [0, 2, 4, 8], "texture": "#3"},
				"up": {"uv": [7, 7, 8, 11], "texture": "#3"},
				"down": {"uv": [4, 7, 5, 11], "texture": "#3"}
			}
		},
		{
			"from": [15, 0, 11],
			"to": [16, 4, 13],
			"rotation": {"angle": 0, "axis": "y", "origin": [0, -2, -4]},
			"faces": {
				"north": {"uv": [4, 7, 5, 11], "texture": "#3"},
				"east": {"uv": [8, 11, 10, 15], "texture": "#3"},
				"south": {"uv": [12, 7, 13, 11], "texture": "#3"},
				"west": {"uv": [8, 11, 10, 15], "texture": "#3"},
				"up": {"uv": [7, 7, 8, 9], "texture": "#3"},
				"down": {"uv": [4, 7, 5, 9], "texture": "#3"}
			}
		},
		{
			"from": [16, 6, 11],
			"to": [16.75, 7, 13],
			"rotation": {"angle": 0, "axis": "y", "origin": [1, -1, -2]},
			"faces": {
				"north": {"uv": [4, 13, 5, 14], "texture": "#3"},
				"east": {"uv": [4, 13, 6, 14], "texture": "#3"},
				"south": {"uv": [12, 13, 13, 14], "texture": "#3"},
				"west": {"uv": [0, 0, 2, 1], "texture": "#3"},
				"up": {"uv": [4, 12, 5, 14], "texture": "#3"},
				"down": {"uv": [4, 13, 5, 15], "texture": "#3"}
			}
		},
		{
			"from": [16, 3, 11],
			"to": [16.75, 4, 13],
			"rotation": {"angle": 0, "axis": "y", "origin": [1, -4, -2]},
			"faces": {
				"north": {"uv": [4, 13, 5, 14], "texture": "#3"},
				"east": {"uv": [4, 13, 6, 14], "texture": "#3"},
				"south": {"uv": [12, 13, 13, 14], "texture": "#3"},
				"west": {"uv": [0, 0, 2, 1], "texture": "#3"},
				"up": {"uv": [4, 12, 5, 14], "texture": "#3"},
				"down": {"uv": [4, 13, 5, 15], "texture": "#3"}
			}
		},
		{
			"from": [16, 4, 13],
			"to": [16.75, 6, 14],
			"rotation": {"angle": 0, "axis": "y", "origin": [1, -3, -1]},
			"faces": {
				"north": {"uv": [4, 13, 5, 15], "texture": "#3"},
				"east": {"uv": [4, 13, 5, 15], "texture": "#3"},
				"south": {"uv": [12, 13, 13, 15], "texture": "#3"},
				"west": {"uv": [0, 0, 1, 2], "texture": "#3"},
				"up": {"uv": [4, 12, 5, 13], "texture": "#3"},
				"down": {"uv": [4, 13, 5, 14], "texture": "#3"}
			}
		},
		{
			"from": [16, 4, 10],
			"to": [16.75, 6, 11],
			"rotation": {"angle": 0, "axis": "y", "origin": [1, -3, -4]},
			"faces": {
				"north": {"uv": [4, 13, 5, 15], "texture": "#3"},
				"east": {"uv": [4, 13, 5, 15], "texture": "#3"},
				"south": {"uv": [12, 13, 13, 15], "texture": "#3"},
				"west": {"uv": [0, 0, 1, 2], "texture": "#3"},
				"up": {"uv": [4, 12, 5, 13], "texture": "#3"},
				"down": {"uv": [4, 13, 5, 14], "texture": "#3"}
			}
		},
		{
			"from": [14, 8, 7],
			"to": [15, 16, 15],
			"rotation": {"angle": 0, "axis": "y", "origin": [-1, 8, 0]},
			"faces": {
				"north": {"uv": [4, 7, 5, 15], "texture": "#3"},
				"east": {"uv": [4, 7, 12, 15], "texture": "#3"},
				"south": {"uv": [12, 7, 13, 15], "texture": "#3"},
				"west": {"uv": [0, 0, 8, 8], "texture": "#3"},
				"up": {"uv": [4, 8, 5, 16], "texture": "#3"},
				"down": {"uv": [4, 7, 5, 15], "texture": "#3"}
			}
		},
		{
			"from": [15, 0, 0],
			"to": [16, 8, 7],
			"rotation": {"angle": 0, "axis": "y", "origin": [0, 0, -9]},
			"faces": {
				"north": {"uv": [5, 7, 4, 15], "texture": "#3"},
				"east": {"uv": [11, 7, 4, 15], "texture": "#3"},
				"south": {"uv": [13, 7, 12, 15], "texture": "#3"},
				"west": {"uv": [0, 0, 7, 8], "texture": "#3"},
				"up": {"uv": [8, 7, 7, 14], "texture": "#3"},
				"down": {"uv": [5, 7, 4, 14], "texture": "#3"}
			}
		},
		{
			"from": [15, 8, 0],
			"to": [16, 16, 1],
			"rotation": {"angle": 0, "axis": "y", "origin": [0, 8, -9]},
			"faces": {
				"north": {"uv": [0, 7, 8, 8], "rotation": 90, "texture": "#3"},
				"east": {"uv": [8, 7, 0, 8], "rotation": 90, "texture": "#3"},
				"south": {"uv": [15, 7, 7, 8], "rotation": 90, "texture": "#3"},
				"west": {"uv": [0, 7, 8, 8], "rotation": 90, "texture": "#3"},
				"up": {"uv": [10, 7, 9, 8], "rotation": 90, "texture": "#3"},
				"down": {"uv": [7, 7, 6, 8], "rotation": 90, "texture": "#3"}
			}
		},
		{
			"from": [15, 8, 15],
			"to": [16, 16, 16],
			"rotation": {"angle": 0, "axis": "y", "origin": [0, 8, 6]},
			"faces": {
				"north": {"uv": [0, 7, 8, 8], "rotation": 90, "texture": "#3"},
				"east": {"uv": [8, 7, 0, 8], "rotation": 90, "texture": "#3"},
				"south": {"uv": [15, 7, 7, 8], "rotation": 90, "texture": "#3"},
				"west": {"uv": [0, 7, 8, 8], "rotation": 90, "texture": "#3"},
				"up": {"uv": [10, 7, 9, 8], "rotation": 90, "texture": "#3"},
				"down": {"uv": [7, 7, 6, 8], "rotation": 90, "texture": "#3"}
			}
		},
		{
			"from": [15, 15, 1],
			"to": [16, 16, 15],
			"rotation": {"angle": 0, "axis": "y", "origin": [0, 8, 5]},
			"faces": {
				"north": {"uv": [0, 7, 1, 8], "rotation": 90, "texture": "#3"},
				"east": {"uv": [1, 8, 15, 7], "texture": "#3"},
				"south": {"uv": [2, 7, 1, 8], "rotation": 90, "texture": "#3"},
				"west": {"uv": [6, 1, 7, 15], "rotation": 90, "texture": "#3"},
				"up": {"uv": [17, 7, 3, 8], "rotation": 90, "texture": "#3"},
				"down": {"uv": [14, 7, 0, 8], "rotation": 90, "texture": "#3"}
			}
		},
		{
			"from": [0, 15, 1],
			"to": [1, 16, 15],
			"rotation": {"angle": 0, "axis": "y", "origin": [-15, 8, 5]},
			"faces": {
				"north": {"uv": [0, 7, 1, 8], "rotation": 90, "texture": "#3"},
				"east": {"uv": [1, 8, 15, 7], "texture": "#3"},
				"south": {"uv": [2, 7, 1, 8], "rotation": 90, "texture": "#3"},
				"west": {"uv": [1, 7, 15, 8], "texture": "#3"},
				"up": {"uv": [17, 7, 3, 8], "rotation": 90, "texture": "#3"},
				"down": {"uv": [14, 7, 0, 8], "rotation": 90, "texture": "#3"}
			}
		},
		{
			"from": [1, 15, 15],
			"to": [15, 16, 16],
			"rotation": {"angle": 0, "axis": "y", "origin": [8, 15.5, 8]},
			"faces": {
				"north": {"uv": [1, 8, 15, 7], "texture": "#3"},
				"east": {"uv": [2, 7, 1, 8], "rotation": 90, "texture": "#3"},
				"south": {"uv": [1, 7, 15, 8], "texture": "#3"},
				"west": {"uv": [0, 7, 1, 8], "rotation": 90, "texture": "#3"},
				"up": {"uv": [17, 7, 3, 8], "texture": "#3"},
				"down": {"uv": [14, 7, 0, 8], "rotation": 180, "texture": "#3"}
			}
		},
		{
			"from": [1, 15, 0],
			"to": [15, 16, 1],
			"rotation": {"angle": 0, "axis": "y", "origin": [8, 15.5, 8]},
			"faces": {
				"north": {"uv": [1, 8, 15, 7], "texture": "#3"},
				"east": {"uv": [2, 7, 1, 8], "rotation": 90, "texture": "#3"},
				"south": {"uv": [6, 1, 7, 15], "rotation": 90, "texture": "#3"},
				"west": {"uv": [0, 7, 1, 8], "rotation": 90, "texture": "#3"},
				"up": {"uv": [17, 7, 3, 8], "texture": "#3"},
				"down": {"uv": [14, 7, 0, 8], "rotation": 180, "texture": "#3"}
			}
		},
		{
			"from": [0, 8, 15],
			"to": [1, 16, 16],
			"rotation": {"angle": 0, "axis": "y", "origin": [-15, 8, 6]},
			"faces": {
				"north": {"uv": [0, 7, 8, 8], "rotation": 90, "texture": "#3"},
				"east": {"uv": [8, 7, 0, 8], "rotation": 90, "texture": "#3"},
				"south": {"uv": [15, 7, 7, 8], "rotation": 90, "texture": "#3"},
				"west": {"uv": [0, 7, 8, 8], "rotation": 90, "texture": "#3"},
				"up": {"uv": [10, 7, 9, 8], "rotation": 90, "texture": "#3"},
				"down": {"uv": [7, 7, 6, 8], "rotation": 90, "texture": "#3"}
			}
		},
		{
			"from": [0, 8, 0],
			"to": [1, 16, 1],
			"rotation": {"angle": 0, "axis": "y", "origin": [-15, 8, -9]},
			"faces": {
				"north": {"uv": [0, 7, 8, 8], "rotation": 90, "texture": "#3"},
				"east": {"uv": [8, 7, 0, 8], "rotation": 90, "texture": "#3"},
				"south": {"uv": [15, 7, 7, 8], "rotation": 90, "texture": "#3"},
				"west": {"uv": [0, 7, 8, 8], "rotation": 90, "texture": "#3"},
				"up": {"uv": [10, 7, 9, 8], "rotation": 90, "texture": "#3"},
				"down": {"uv": [7, 7, 6, 8], "rotation": 90, "texture": "#3"}
			}
		},
		{
			"from": [8, 4, 0],
			"to": [15, 8, 1],
			"rotation": {"angle": 0, "axis": "y", "origin": [-1, 0, -9]},
			"faces": {
				"north": {"uv": [0, 4, 7, 8], "texture": "#3"},
				"east": {"uv": [0, 0, 1, 6], "texture": "#3"},
				"south": {"uv": [4, 8, 11, 12], "texture": "#3"},
				"west": {"uv": [0, 0, 1, 6], "texture": "#3"},
				"up": {"uv": [3, 7, 9, 8], "texture": "#3"},
				"down": {"uv": [0, 0, 6, 1], "texture": "#3"}
			}
		},
		{
			"from": [11, 2, 0],
			"to": [15, 4, 1],
			"rotation": {"angle": 0, "axis": "y", "origin": [-1, -4, -9]},
			"faces": {
				"north": {"uv": [9, 9, 13, 11], "texture": "#3"},
				"east": {"uv": [0, 0, 1, 2], "texture": "#3"},
				"south": {"uv": [4, 13, 8, 15], "texture": "#3"},
				"west": {"uv": [0, 0, 1, 2], "texture": "#3"},
				"up": {"uv": [0, 0, 4, 1], "texture": "#3"},
				"down": {"uv": [0, 0, 4, 1], "texture": "#3"}
			}
		},
		{
			"from": [1, 4, 0],
			"to": [8, 8, 1],
			"rotation": {"angle": 0, "axis": "y", "origin": [-9, 0, -9]},
			"faces": {
				"north": {"uv": [15, 4, 8, 8], "texture": "#3"},
				"east": {"uv": [0, 0, 1, 6], "texture": "#3"},
				"south": {"uv": [4, 8, 11, 12], "texture": "#3"},
				"west": {"uv": [0, 0, 1, 6], "texture": "#3"},
				"up": {"uv": [10, 7, 16, 8], "texture": "#3"},
				"down": {"uv": [0, 0, 6, 1], "texture": "#3"}
			}
		},
		{
			"from": [4, 5, 0.5],
			"to": [12, 13, 1],
			"rotation": {"angle": 0, "axis": "y", "origin": [-6, 1, -9]},
			"faces": {
				"north": {"uv": [12, 0, 4, 8], "texture": "#2"},
				"east": {"uv": [2, 3, 3, 11], "texture": "#1"},
				"south": {"uv": [4, 8, 12, 16], "texture": "#1"},
				"west": {"uv": [12, 4, 13, 12], "texture": "#1"},
				"up": {"uv": [4, 13, 12, 12], "texture": "#1"},
				"down": {"uv": [0, 0, 8, 1], "texture": "#1"}
			}
		},
		{
			"from": [4, 12, 0],
			"to": [12, 13, 0.5],
			"rotation": {"angle": 0, "axis": "y", "origin": [-6, 1, -9.5]},
			"faces": {
				"north": {"uv": [12, 7, 4, 8], "texture": "#3"},
				"east": {"uv": [0, 0, 0.5, 1], "texture": "#3"},
				"south": {"uv": [4, 8, 12, 9], "texture": "#3"},
				"west": {"uv": [0, 0, 0.5, 1], "texture": "#3"},
				"up": {"uv": [8, 7, 16, 7.5], "texture": "#3"},
				"down": {"uv": [2, 7, 10, 7.5], "texture": "#3"}
			}
		},
		{
			"from": [1, 2, 0],
			"to": [5, 4, 1],
			"rotation": {"angle": 0, "axis": "y", "origin": [-9, -4, -9]},
			"faces": {
				"north": {"uv": [13, 8, 9, 10], "texture": "#3"},
				"east": {"uv": [0, 0, 1, 2], "texture": "#3"},
				"south": {"uv": [4, 13, 8, 15], "texture": "#3"},
				"west": {"uv": [0, 0, 1, 2], "texture": "#3"},
				"up": {"uv": [0, 0, 4, 1], "texture": "#3"},
				"down": {"uv": [0, 0, 4, 1], "texture": "#3"}
			}
		},
		{
			"from": [12, 0, 0],
			"to": [15, 2, 1],
			"rotation": {"angle": 0, "axis": "y", "origin": [-1, -6, -9]},
			"faces": {
				"north": {"uv": [10, 12, 13, 14], "texture": "#3"},
				"east": {"uv": [0, 0, 1, 2], "texture": "#3"},
				"south": {"uv": [5, 13, 8, 15], "texture": "#3"},
				"west": {"uv": [0, 0, 1, 2], "texture": "#3"},
				"up": {"uv": [0, 0, 4, 1], "texture": "#3"},
				"down": {"uv": [1, 0, 5, 1], "texture": "#3"}
			}
		},
		{
			"from": [4, 0, 0],
			"to": [12, 1, 1],
			"rotation": {"angle": 0, "axis": "y", "origin": [-4, -6, -9]},
			"faces": {
				"north": {"uv": [6, 7, 14, 8], "texture": "#3"},
				"east": {"uv": [0, 0, 1, 1], "texture": "#3"},
				"south": {"uv": [3, 7, 11, 8], "texture": "#3"},
				"west": {"uv": [0, 0, 1, 1], "texture": "#3"},
				"up": {"uv": [5, 7, 13, 8], "texture": "#3"},
				"down": {"uv": [5, 1, 13, 2], "texture": "#3"}
			}
		},
		{
			"from": [1, 0, 0],
			"to": [4, 2, 1],
			"rotation": {"angle": 0, "axis": "y", "origin": [-9, -6, -9]},
			"faces": {
				"north": {"uv": [13, 12, 10, 14], "texture": "#3"},
				"east": {"uv": [0, 0, 1, 2], "texture": "#3"},
				"south": {"uv": [5, 13, 8, 15], "texture": "#3"},
				"west": {"uv": [0, 0, 1, 2], "texture": "#3"},
				"up": {"uv": [0, 0, 4, 1], "texture": "#3"},
				"down": {"uv": [12, 0, 16, 1], "texture": "#3"}
			}
		},
		{
			"from": [14, 8, 1],
			"to": [15, 16, 7],
			"rotation": {"angle": 0, "axis": "y", "origin": [-1, 8, -9]},
			"faces": {
				"north": {"uv": [5, 7, 4, 15], "texture": "#3"},
				"east": {"uv": [10, 7, 4, 15], "texture": "#3"},
				"south": {"uv": [13, 7, 12, 15], "texture": "#3"},
				"west": {"uv": [0, 0, 6, 8], "texture": "#3"},
				"up": {"uv": [5, 7, 4, 13], "texture": "#3"},
				"down": {"uv": [5, 7, 4, 13], "texture": "#3"}
			}
		},
		{
			"from": [0, 0, 7],
			"to": [1, 8, 16],
			"rotation": {"angle": 0, "axis": "y", "origin": [-15, 0, 0]},
			"faces": {
				"north": {"uv": [4, 7, 5, 15], "texture": "#3"},
				"east": {"uv": [4, 7, 13, 15], "texture": "#3"},
				"south": {"uv": [12, 7, 13, 15], "texture": "#3"},
				"west": {"uv": [0, 0, 9, 8], "texture": "#3"},
				"up": {"uv": [7, 7, 8, 16], "texture": "#3"},
				"down": {"uv": [4, 7, 5, 16], "texture": "#3"}
			}
		},
		{
			"from": [1, 0, 15],
			"to": [15, 8, 16],
			"rotation": {"angle": 0, "axis": "y", "origin": [5.5, 4, 15.5]},
			"faces": {
				"north": {"uv": [4, 7, 18, 15], "texture": "#3"},
				"east": {"uv": [12, 7, 13, 15], "texture": "#3"},
				"south": {"uv": [2, 0, 16, 8], "texture": "#3"},
				"west": {"uv": [4, 7, 5, 15], "texture": "#3"},
				"up": {"uv": [6, 1, 7, 15], "rotation": 270, "texture": "#3"},
				"down": {"uv": [4, 7, 5, 21], "rotation": 90, "texture": "#3"}
			}
		},
		{
			"from": [1, 7, 1],
			"to": [15, 8, 15],
			"rotation": {"angle": 0, "axis": "y", "origin": [5.5, 4, 14.5]},
			"faces": {
				"north": {"uv": [0, 0, 14, 1], "texture": "#3"},
				"east": {"uv": [0, 0, 14, 1], "texture": "#3"},
				"south": {"uv": [0, 0, 14, 1], "texture": "#3"},
				"west": {"uv": [0, 0, 14, 1], "texture": "#3"},
				"up": {"uv": [1, 1, 15, 15], "rotation": 180, "texture": "#3"},
				"down": {"uv": [0, 0, 14, 14], "rotation": 90, "texture": "#3"}
			}
		},
		{
			"from": [1, 0, 1],
			"to": [15, 1, 15],
			"rotation": {"angle": 0, "axis": "y", "origin": [5.5, -3, 14.5]},
			"faces": {
				"north": {"uv": [1, 7, 15, 8], "texture": "#5"},
				"east": {"uv": [0, 0, 14, 1], "texture": "#3"},
				"south": {"uv": [0, 0, 14, 1], "texture": "#3"},
				"west": {"uv": [0, 0, 14, 1], "texture": "#3"},
				"up": {"uv": [1, 1, 15, 15], "rotation": 180, "texture": "#5"},
				"down": {"uv": [0, 0, 14, 14], "rotation": 90, "texture": "#3"}
			}
		},
		{
			"from": [2, 8, 14],
			"to": [14, 16, 15],
			"rotation": {"angle": 0, "axis": "y", "origin": [4.5, 12, 14.5]},
			"faces": {
				"north": {"uv": [2, 0, 16, 8], "texture": "#3"},
				"east": {"uv": [12, 7, 13, 15], "texture": "#3"},
				"south": {"uv": [2, 0, 16, 8], "texture": "#3"},
				"west": {"uv": [4, 7, 5, 15], "texture": "#3"},
				"up": {"uv": [4, 2, 5, 16], "rotation": 270, "texture": "#3"},
				"down": {"uv": [4, 7, 5, 21], "rotation": 90, "texture": "#3"}
			}
		},
		{
			"from": [2, 8, 10],
			"to": [6, 16, 14],
			"rotation": {"angle": 0, "axis": "y", "origin": [4.5, 12, 13.5]},
			"faces": {
				"north": {"uv": [8, 8, 12, 16], "texture": "#3"},
				"east": {"uv": [7, 8, 11, 16], "texture": "#3"},
				"south": {"uv": [2, 0, 6, 8], "texture": "#3"},
				"west": {"uv": [4, 7, 8, 15], "texture": "#3"},
				"up": {"uv": [2, 2, 6, 6], "rotation": 270, "texture": "#3"},
				"down": {"uv": [4, 7, 8, 11], "rotation": 90, "texture": "#3"}
			}
		},
		{
			"from": [10, 8, 10],
			"to": [14, 16, 14],
			"rotation": {"angle": 0, "axis": "y", "origin": [13.5, 12, 13.5]},
			"faces": {
				"north": {"uv": [6, 8, 10, 16], "texture": "#3"},
				"east": {"uv": [12, 7, 16, 15], "texture": "#3"},
				"south": {"uv": [2, 0, 6, 8], "texture": "#3"},
				"west": {"uv": [7, 8, 11, 16], "texture": "#3"},
				"up": {"uv": [2, 2, 6, 6], "rotation": 270, "texture": "#3"},
				"down": {"uv": [4, 7, 8, 11], "rotation": 90, "texture": "#3"}
			}
		},
		{
			"from": [10, 8, 2],
			"to": [14, 16, 6],
			"rotation": {"angle": 0, "axis": "y", "origin": [13.5, 12, 4.5]},
			"faces": {
				"north": {"uv": [2, 0, 6, 8], "texture": "#3"},
				"east": {"uv": [12, 7, 16, 15], "texture": "#3"},
				"south": {"uv": [8, 8, 12, 16], "texture": "#3"},
				"west": {"uv": [6, 8, 10, 16], "texture": "#3"},
				"up": {"uv": [2, 2, 6, 6], "rotation": 270, "texture": "#3"},
				"down": {"uv": [4, 7, 8, 11], "rotation": 90, "texture": "#3"}
			}
		},
		{
			"from": [2, 8, 2],
			"to": [6, 16, 6],
			"rotation": {"angle": 0, "axis": "y", "origin": [4.5, 12, 4.5]},
			"faces": {
				"north": {"uv": [2, 0, 6, 8], "texture": "#3"},
				"east": {"uv": [8, 8, 12, 16], "texture": "#3"},
				"south": {"uv": [6, 8, 10, 16], "texture": "#3"},
				"west": {"uv": [4, 7, 8, 15], "texture": "#3"},
				"up": {"uv": [2, 2, 6, 6], "rotation": 270, "texture": "#3"},
				"down": {"uv": [4, 7, 8, 11], "rotation": 90, "texture": "#3"}
			}
		},
		{
			"from": [2, 8, 6],
			"to": [4, 16, 10],
			"rotation": {"angle": 0, "axis": "y", "origin": [4.5, 12, 8.5]},
			"faces": {
				"north": {"uv": [2, 0, 4, 8], "texture": "#3"},
				"east": {"uv": [7, 8, 11, 16], "texture": "#3"},
				"south": {"uv": [2, 0, 4, 8], "texture": "#3"},
				"west": {"uv": [4, 7, 8, 15], "texture": "#3"},
				"up": {"uv": [2, 2, 6, 4], "rotation": 270, "texture": "#3"},
				"down": {"uv": [4, 7, 8, 9], "rotation": 90, "texture": "#3"}
			}
		},
		{
			"from": [12, 8, 6],
			"to": [14, 16, 10],
			"rotation": {"angle": 0, "axis": "y", "origin": [14.5, 12, 8.5]},
			"faces": {
				"north": {"uv": [2, 0, 4, 8], "texture": "#3"},
				"east": {"uv": [12, 7, 16, 15], "texture": "#3"},
				"south": {"uv": [2, 0, 4, 8], "texture": "#3"},
				"west": {"uv": [6, 8, 10, 16], "texture": "#3"},
				"up": {"uv": [2, 2, 6, 4], "rotation": 270, "texture": "#3"},
				"down": {"uv": [4, 7, 8, 9], "rotation": 90, "texture": "#3"}
			}
		},
		{
			"from": [6, 8, 2],
			"to": [10, 16, 4],
			"rotation": {"angle": 0, "axis": "y", "origin": [8, 12, 8]},
			"faces": {
				"north": {"uv": [12, 7, 16, 15], "texture": "#3"},
				"east": {"uv": [2, 0, 4, 8], "texture": "#3"},
				"south": {"uv": [6, 8, 10, 16], "texture": "#3"},
				"west": {"uv": [2, 0, 4, 8], "texture": "#3"},
				"up": {"uv": [2, 2, 6, 4], "rotation": 180, "texture": "#3"},
				"down": {"uv": [4, 7, 8, 9], "rotation": 180, "texture": "#3"}
			}
		},
		{
			"from": [6, 8, 12],
			"to": [10, 16, 14],
			"rotation": {"angle": 0, "axis": "y", "origin": [8, 12, 8]},
			"faces": {
				"north": {"uv": [7, 8, 11, 16], "texture": "#3"},
				"east": {"uv": [2, 0, 4, 8], "texture": "#3"},
				"south": {"uv": [4, 7, 8, 15], "texture": "#3"},
				"west": {"uv": [2, 0, 4, 8], "texture": "#3"},
				"up": {"uv": [2, 2, 6, 4], "rotation": 180, "texture": "#3"},
				"down": {"uv": [4, 7, 8, 9], "rotation": 180, "texture": "#3"}
			}
		},
		{
			"from": [6, 15, 11],
			"to": [10, 17, 12],
			"rotation": {"angle": 0, "axis": "y", "origin": [8, 12, 7]},
			"faces": {
				"north": {"uv": [10, 4, 14, 6], "texture": "#0"},
				"east": {"uv": [4, 4, 5, 6], "texture": "#0"},
				"south": {"uv": [2, 4, 6, 6], "texture": "#0"},
				"west": {"uv": [4, 4, 5, 6], "texture": "#0"},
				"up": {"uv": [5, 4, 9, 5], "rotation": 180, "texture": "#0"},
				"down": {"uv": [2, 4, 6, 5], "rotation": 180, "texture": "#0"}
			}
		},
		{
			"from": [5, 16, 11],
			"to": [11, 17, 17],
			"rotation": {"angle": -22.5, "axis": "x", "origin": [8, 16.5, 11]},
			"faces": {
				"north": {"uv": [2, 4, 8, 5], "rotation": 180, "texture": "#3"},
				"east": {"uv": [4, 4, 10, 5], "rotation": 180, "texture": "#3"},
				"south": {"uv": [10, 4, 16, 5], "rotation": 180, "texture": "#3"},
				"west": {"uv": [4, 4, 10, 5], "rotation": 180, "texture": "#3"},
				"up": {"uv": [6, 9, 12, 15], "rotation": 180, "texture": "#3"},
				"down": {"uv": [1, 1, 7, 7], "rotation": 180, "texture": "#3"}
			}
		},
		{
			"from": [6, 15, 4],
			"to": [10, 17, 5],
			"rotation": {"angle": 0, "axis": "y", "origin": [8, 12, 0]},
			"faces": {
				"north": {"uv": [10, 4, 14, 6], "texture": "#0"},
				"east": {"uv": [6, 3, 7, 5], "texture": "#0"},
				"south": {"uv": [2, 4, 6, 6], "texture": "#0"},
				"west": {"uv": [6, 3, 7, 5], "texture": "#0"},
				"up": {"uv": [5, 4, 9, 5], "rotation": 180, "texture": "#0"},
				"down": {"uv": [2, 4, 6, 5], "rotation": 180, "texture": "#0"}
			}
		},
		{
			"from": [11, 15, 6],
			"to": [12, 17, 10],
			"rotation": {"angle": 0, "axis": "y", "origin": [8, 15.5, 8]},
			"faces": {
				"north": {"uv": [5, 4, 6, 6], "texture": "#0"},
				"east": {"uv": [2, 4, 6, 6], "texture": "#0"},
				"south": {"uv": [5, 4, 6, 6], "texture": "#0"},
				"west": {"uv": [10, 4, 14, 6], "texture": "#0"},
				"up": {"uv": [5, 4, 9, 5], "rotation": 90, "texture": "#0"},
				"down": {"uv": [2, 4, 6, 5], "rotation": 270, "texture": "#0"}
			}
		},
		{
			"from": [4, 15, 6],
			"to": [5, 17, 10],
			"rotation": {"angle": 0, "axis": "y", "origin": [8, 15.5, 8]},
			"faces": {
				"north": {"uv": [5, 4, 6, 6], "texture": "#0"},
				"east": {"uv": [2, 4, 6, 6], "texture": "#0"},
				"south": {"uv": [5, 4, 6, 6], "texture": "#0"},
				"west": {"uv": [10, 4, 14, 6], "texture": "#0"},
				"up": {"uv": [5, 4, 9, 5], "rotation": 90, "texture": "#0"},
				"down": {"uv": [2, 4, 6, 5], "rotation": 270, "texture": "#0"}
			}
		},
		{
			"from": [2, 8, 1],
			"to": [14, 16, 2],
			"rotation": {"angle": 0, "axis": "y", "origin": [4.5, 12, 1.5]},
			"faces": {
				"north": {"uv": [2, 0, 16, 8], "texture": "#3"},
				"east": {"uv": [12, 7, 13, 15], "texture": "#3"},
				"south": {"uv": [1, 0, 15, 8], "texture": "#3"},
				"west": {"uv": [4, 7, 5, 15], "texture": "#3"},
				"up": {"uv": [0, 0, 1, 14], "rotation": 270, "texture": "#3"},
				"down": {"uv": [4, 7, 5, 21], "rotation": 90, "texture": "#3"}
			}
		},
		{
			"from": [1, 8, 7],
			"to": [2, 16, 15],
			"rotation": {"angle": 0, "axis": "y", "origin": [-14, 8, 0]},
			"faces": {
				"north": {"uv": [4, 7, 5, 15], "texture": "#3"},
				"east": {"uv": [4, 7, 12, 15], "texture": "#3"},
				"south": {"uv": [12, 7, 13, 15], "texture": "#3"},
				"west": {"uv": [1, 0, 9, 8], "texture": "#3"},
				"up": {"uv": [4, 8, 5, 16], "texture": "#3"},
				"down": {"uv": [4, 7, 5, 15], "texture": "#3"}
			}
		},
		{
			"from": [1, 8, 1],
			"to": [2, 16, 7],
			"rotation": {"angle": 0, "axis": "y", "origin": [-14, 8, -9]},
			"faces": {
				"north": {"uv": [5, 7, 4, 15], "texture": "#3"},
				"east": {"uv": [10, 7, 4, 15], "texture": "#3"},
				"south": {"uv": [13, 7, 12, 15], "texture": "#3"},
				"west": {"uv": [0, 0, 6, 8], "texture": "#3"},
				"up": {"uv": [5, 7, 4, 13], "texture": "#3"},
				"down": {"uv": [5, 7, 4, 13], "texture": "#3"}
			}
		},
		{
			"from": [0, 0, 0],
			"to": [1, 8, 7],
			"rotation": {"angle": 0, "axis": "y", "origin": [-15, 0, -9]},
			"faces": {
				"north": {"uv": [5, 7, 4, 15], "texture": "#3"},
				"east": {"uv": [11, 7, 4, 15], "texture": "#3"},
				"south": {"uv": [13, 7, 12, 15], "texture": "#3"},
				"west": {"uv": [0, 0, 7, 8], "texture": "#3"},
				"up": {"uv": [11, 7, 10, 14], "texture": "#3"},
				"down": {"uv": [5, 7, 4, 14], "texture": "#3"}
			}
		},
		{
			"from": [10, 1, 11],
			"to": [12, 3, 13],
			"rotation": {"angle": -45, "axis": "y", "origin": [8.75, 1.75, 10.5]},
			"faces": {
				"north": {"uv": [10, 7, 12, 9], "texture": "#5"},
				"east": {"uv": [7, 5, 9, 7], "texture": "#5"},
				"south": {"uv": [5, 8, 7, 10], "texture": "#5"},
				"west": {"uv": [7, 5, 9, 7], "texture": "#5"},
				"up": {"uv": [7, 5, 9, 7], "texture": "#5"},
				"down": {"uv": [7, 5, 9, 7], "texture": "#5"}
			}
		},
		{
			"from": [10, 1, 8],
			"to": [12, 2, 10],
			"rotation": {"angle": -45, "axis": "y", "origin": [8.75, 1.75, 10.5]},
			"faces": {
				"north": {"uv": [10, 7, 12, 8], "texture": "#5"},
				"east": {"uv": [7, 5, 9, 6], "texture": "#5"},
				"south": {"uv": [5, 8, 7, 9], "texture": "#5"},
				"west": {"uv": [7, 5, 9, 6], "texture": "#5"},
				"up": {"uv": [7, 5, 9, 7], "texture": "#5"},
				"down": {"uv": [7, 5, 9, 7], "texture": "#5"}
			}
		},
		{
			"from": [7, 1, 2],
			"to": [9, 2, 5],
			"rotation": {"angle": -45, "axis": "y", "origin": [8.75, 1.75, 5.5]},
			"faces": {
				"north": {"uv": [10, 7, 12, 8], "texture": "#5"},
				"east": {"uv": [7, 5, 10, 6], "texture": "#5"},
				"south": {"uv": [5, 8, 7, 9], "texture": "#5"},
				"west": {"uv": [7, 5, 10, 6], "texture": "#5"},
				"up": {"uv": [7, 5, 9, 8], "texture": "#5"},
				"down": {"uv": [7, 5, 9, 8], "texture": "#5"}
			}
		},
		{
			"from": [5, 1, 11],
			"to": [8, 3, 14],
			"rotation": {"angle": -45, "axis": "y", "origin": [8.75, 1.75, 10.5]},
			"faces": {
				"north": {"uv": [10, 7, 13, 9], "texture": "#5"},
				"east": {"uv": [7, 5, 10, 7], "texture": "#5"},
				"south": {"uv": [5, 8, 8, 10], "texture": "#5"},
				"west": {"uv": [7, 5, 10, 7], "texture": "#5"},
				"up": {"uv": [7, 5, 10, 8], "texture": "#5"},
				"down": {"uv": [7, 5, 10, 8], "texture": "#5"}
			}
		},
		{
			"from": [10, 1, 6],
			"to": [12, 3, 8],
			"rotation": {"angle": -45, "axis": "y", "origin": [8.75, 1.75, 5.5]},
			"faces": {
				"north": {"uv": [10, 7, 12, 9], "texture": "#5"},
				"east": {"uv": [7, 5, 9, 7], "texture": "#5"},
				"south": {"uv": [5, 8, 7, 10], "texture": "#5"},
				"west": {"uv": [7, 5, 9, 7], "texture": "#5"},
				"up": {"uv": [7, 5, 9, 7], "texture": "#5"},
				"down": {"uv": [7, 5, 9, 7], "texture": "#5"}
			}
		},
		{
			"from": [5, 1, 6],
			"to": [8, 3, 9],
			"rotation": {"angle": -45, "axis": "y", "origin": [8.75, 1.75, 5.5]},
			"faces": {
				"north": {"uv": [10, 7, 13, 9], "texture": "#5"},
				"east": {"uv": [7, 5, 10, 7], "texture": "#5"},
				"south": {"uv": [5, 8, 8, 10], "texture": "#5"},
				"west": {"uv": [7, 5, 10, 7], "texture": "#5"},
				"up": {"uv": [7, 5, 10, 8], "texture": "#5"},
				"down": {"uv": [7, 5, 10, 8], "texture": "#5"}
			}
		},
		{
			"from": [10, 1, 3],
			"to": [12, 2, 5],
			"rotation": {"angle": -45, "axis": "y", "origin": [8.75, 1.75, 5.5]},
			"faces": {
				"north": {"uv": [10, 7, 12, 8], "texture": "#5"},
				"east": {"uv": [7, 5, 9, 6], "texture": "#5"},
				"south": {"uv": [5, 8, 7, 9], "texture": "#5"},
				"west": {"uv": [7, 5, 9, 6], "texture": "#5"},
				"up": {"uv": [7, 5, 9, 7], "texture": "#5"},
				"down": {"uv": [7, 5, 9, 7], "texture": "#5"}
			}
		},
		{
			"from": [2, 8, 11],
			"to": [3, 14, 13],
			"rotation": {"angle": 45, "axis": "z", "origin": [1, 10, 12]},
			"faces": {
				"north": {"uv": [2, 5, 8, 6], "rotation": 270, "texture": "#3"},
				"east": {"uv": [4, 4, 10, 6], "rotation": 90, "texture": "#3"},
				"south": {"uv": [5, 3, 11, 4], "rotation": 90, "texture": "#3"},
				"west": {"uv": [2, 5, 8, 7], "rotation": 90, "texture": "#3"},
				"up": {"uv": [6, 6, 8, 7], "rotation": 90, "texture": "#3"},
				"down": {"uv": [2, 5, 4, 6], "rotation": 90, "texture": "#3"}
			}
		},
		{
			"from": [0, 8, 13],
			"to": [2, 14, 14],
			"rotation": {"angle": 45, "axis": "z", "origin": [1, 10, 12]},
			"faces": {
				"north": {"uv": [2, 6, 8, 8], "rotation": 270, "texture": "#3"},
				"east": {"uv": [4, 5, 10, 6], "rotation": 90, "texture": "#3"},
				"south": {"uv": [0, 10, 6, 12], "rotation": 90, "texture": "#3"},
				"west": {"uv": [1, 5, 7, 6], "rotation": 90, "texture": "#3"},
				"up": {"uv": [8, 4, 9, 6], "rotation": 90, "texture": "#3"},
				"down": {"uv": [2, 6, 3, 8], "rotation": 90, "texture": "#3"}
			}
		},
		{
			"from": [-1, 8, 11],
			"to": [0, 14, 13],
			"rotation": {"angle": 45, "axis": "z", "origin": [1, 10, 12]},
			"faces": {
				"north": {"uv": [1, 4, 7, 5], "rotation": 270, "texture": "#3"},
				"east": {"uv": [3, 3, 9, 5], "rotation": 90, "texture": "#3"},
				"south": {"uv": [4, 2, 10, 3], "rotation": 90, "texture": "#3"},
				"west": {"uv": [1, 4, 7, 6], "rotation": 90, "texture": "#3"},
				"up": {"uv": [6, 7, 8, 8], "rotation": 90, "texture": "#3"},
				"down": {"uv": [1, 4, 3, 5], "rotation": 90, "texture": "#3"}
			}
		},
		{
			"from": [0, 8, 10],
			"to": [2, 14, 11],
			"rotation": {"angle": 45, "axis": "z", "origin": [1, 10, 12]},
			"faces": {
				"north": {"uv": [2, 5, 8, 7], "rotation": 270, "texture": "#3"},
				"east": {"uv": [4, 4, 10, 5], "rotation": 90, "texture": "#3"},
				"south": {"uv": [5, 3, 11, 5], "rotation": 90, "texture": "#3"},
				"west": {"uv": [2, 5, 8, 6], "rotation": 90, "texture": "#3"},
				"up": {"uv": [8, 4, 9, 6], "rotation": 90, "texture": "#3"},
				"down": {"uv": [2, 5, 3, 7], "rotation": 90, "texture": "#3"}
			}
		}
	],
	"display": {},
	"groups": [
		0,
		1,
		2,
		3,
		4,
		5,
		6,
		7,
		8,
		9,
		10,
		11,
		12,
		13,
		14,
		15,
		16,
		17,
		18,
		19,
		20,
		21,
		22,
		23,
		24,
		25,
		26,
		27,
		28,
		29,
		30,
		31,
		32,
		33,
		34,
		35,
		36,
		37,
		38,
		39,
		40,
		41,
		42,
		43,
		44,
		45,
		46,
		47,
		48,
		49,
		{
			"name": "group",
			"origin": [-8, -5, -2],
			"color": 0,
			"nbt": "{}",
			"armAnimationEnabled": false,
			"children": [50, 51, 52, 53, 54, 55, 56]
		},
		{
			"name": "group",
			"origin": [-16, -3, -3],
			"color": 0,
			"nbt": "{}",
			"armAnimationEnabled": false,
			"children": [57, 58, 59, 60]
		}
	]
}