{
	"credit": "Made with Blockbench",
	"textures": {
		"14": "block/brewing/w3",
		"15": "block/campfire_fire",
		"particle": "block/glass"
	},
	"elements": [
		{
			"name": "glass_12",
			"from": [11.48, 1.05, 0.48],
			"to": [14.52, 2.95, 3.52],
			"rotation": {"angle": 0, "axis": "y", "origin": [8, 8.5, 8]},
			"faces": {
				"north": {"uv": [0, 0, 8.04, 5.025], "texture": "#14"},
				"east": {"uv": [0, 0, 8.04, 5.025], "texture": "#14"},
				"south": {"uv": [0, 0, 8.04, 5.025], "texture": "#14"},
				"west": {"uv": [0, 0, 8.04, 5.025], "rotation": 180, "texture": "#14"},
				"up": {"uv": [0, 0, 8.04, 8.04], "texture": "#14"},
				"down": {"uv": [0, 0, 8.04, 8.04], "texture": "#14"}
			}
		},
		{
			"from": [8, 3, 7],
			"to": [8, 5, 9],
			"rotation": {"angle": 45, "axis": "y", "origin": [8, 3.5, 8]},
			"faces": {
				"north": {"uv": [3, 0, 10, 7], "texture": "#15"},
				"east": {"uv": [3, 0, 12, 7], "texture": "#15"},
				"south": {"uv": [3, 0, 10, 7], "texture": "#15"},
				"west": {"uv": [3, 0, 12, 7], "texture": "#15"},
				"up": {"uv": [3, 0, 10, 7], "rotation": 180, "texture": "#15"},
				"down": {"uv": [3, 0, 10, 7], "rotation": 180, "texture": "#15"}
			}
		},
		{
			"from": [7, 3, 8],
			"to": [9, 5, 8],
			"rotation": {"angle": 45, "axis": "y", "origin": [8, 3.5, 8]},
			"faces": {
				"north": {"uv": [3, 0, 12, 7], "texture": "#15"},
				"east": {"uv": [3, 0, 10, 7], "texture": "#15"},
				"south": {"uv": [3, 0, 12, 7], "texture": "#15"},
				"west": {"uv": [3, 0, 10, 7], "texture": "#15"},
				"up": {"uv": [3, 0, 10, 7], "rotation": 90, "texture": "#15"},
				"down": {"uv": [3, 0, 10, 7], "rotation": 270, "texture": "#15"}
			}
		}
	],
	"groups": [
		{
			"name": "group",
			"origin": [13.5, 2.9375, 13.5],
			"color": 0,
			"nbt": "{}",
			"armAnimationEnabled": false,
			"children": []
		},
		{
			"name": "glass",
			"origin": [8, 8, 8],
			"color": 0,
			"nbt": "{}",
			"armAnimationEnabled": false,
			"children": []
		},
		{
			"name": "glass",
			"origin": [8, 8, 8],
			"color": 0,
			"nbt": "{}",
			"armAnimationEnabled": false,
			"children": []
		},
		{
			"name": "glass",
			"origin": [8, 8, 8],
			"color": 0,
			"nbt": "{}",
			"armAnimationEnabled": false,
			"children": []
		},
		{
			"name": "glass",
			"origin": [8, 8, 8],
			"color": 0,
			"nbt": "{}",
			"armAnimationEnabled": false,
			"children": []
		},
		{
			"name": "group",
			"origin": [13.5, 2.9375, 13.5],
			"color": 0,
			"nbt": "{}",
			"armAnimationEnabled": false,
			"children": []
		},
		{
			"name": "glass",
			"origin": [8, 8, 8],
			"color": 0,
			"nbt": "{}",
			"armAnimationEnabled": false,
			"children": []
		},
		{
			"name": "glass",
			"origin": [8, 8, 8],
			"color": 0,
			"nbt": "{}",
			"armAnimationEnabled": false,
			"children": []
		},
		{
			"name": "glass",
			"origin": [8, 8, 8],
			"color": 0,
			"nbt": "{}",
			"armAnimationEnabled": false,
			"children": []
		},
		{
			"name": "glass",
			"origin": [8, 8, 8],
			"color": 0,
			"nbt": "{}",
			"armAnimationEnabled": false,
			"children": [
				{
					"name": "group",
					"origin": [8, 3.5, 8],
					"color": 0,
					"nbt": "{}",
					"armAnimationEnabled": false,
					"children": [0, 1, 2]
				}
			]
		}
	]
}