{
	"credit": "Made with Blockbench",
	"parent": "minecraft:block/cube",
	"textures": {
		"11": "block/dark_oak_planks",
		"12": "map/map_background",
		"14": "block/lantern",
		"15": "block/stripped_dark_oak_log",
		"16": "block/dark_oak_log",
		"18": "item/filled_map",
		"19": "block/anvil",
		"20": "item/spyglass_model",
		"21": "block/cobweb",
		"22": "block/candle",
		"particle": "block/cartography_table_side3",
		"up": "block/cartography_table_top"
	},
	"elements": [
		{
			"from": [1, 0, 1],
			"to": [15, 1, 15],
			"faces": {
				"north": {"uv": [1, 1, 15, 2], "texture": "#11"},
				"east": {"uv": [1, 1, 15, 2], "texture": "#11"},
				"south": {"uv": [1, 1, 15, 2], "texture": "#11"},
				"west": {"uv": [1, 1, 15, 2], "texture": "#11"},
				"up": {"uv": [1, 1, 15, 15], "texture": "#11"},
				"down": {"uv": [1, 1, 15, 15], "texture": "#11"}
			}
		},
		{
			"from": [1, 7, 9],
			"to": [7, 8, 15],
			"faces": {
				"north": {"uv": [0, 0, 6, 1], "texture": "#11"},
				"east": {"uv": [0, 0, 6, 1], "texture": "#11"},
				"south": {"uv": [0, 0, 6, 1], "texture": "#11"},
				"west": {"uv": [0, 0, 6, 1], "texture": "#11"},
				"up": {"uv": [0, 0, 6, 6], "texture": "#11"},
				"down": {"uv": [0, 0, 6, 6], "texture": "#11"}
			}
		},
		{
			"from": [1, 7, 15],
			"to": [7, 8, 16],
			"faces": {
				"north": {"uv": [0, 0, 6, 1], "texture": "#16"},
				"east": {"uv": [0, 0, 1, 1], "texture": "#16"},
				"south": {"uv": [0, 0, 6, 1], "texture": "#16"},
				"west": {"uv": [0, 0, 1, 1], "texture": "#16"},
				"up": {"uv": [0, 0, 6, 1], "texture": "#16"},
				"down": {"uv": [0, 0, 6, 1], "texture": "#16"}
			}
		},
		{
			"from": [2, 2, 15.25],
			"to": [6, 3, 15.75],
			"faces": {
				"north": {"uv": [0, 0, 4, 1], "texture": "#16"},
				"east": {"uv": [0, 0, 0.5, 1], "texture": "#16"},
				"south": {"uv": [0, 0, 4, 1], "texture": "#16"},
				"west": {"uv": [0, 0, 0.5, 1], "texture": "#16"},
				"up": {"uv": [0, 0, 4, 0.5], "texture": "#16"},
				"down": {"uv": [0, 0, 4, 0.5], "texture": "#16"}
			}
		},
		{
			"from": [10, 2, 15.25],
			"to": [13, 3, 15.75],
			"rotation": {"angle": 0, "axis": "y", "origin": [7, 0, 0]},
			"faces": {
				"north": {"uv": [0, 0, 3, 1], "texture": "#16"},
				"east": {"uv": [0, 0, 0.5, 1], "texture": "#16"},
				"south": {"uv": [0, 0, 3, 1], "texture": "#16"},
				"west": {"uv": [0, 0, 0.5, 1], "texture": "#16"},
				"up": {"uv": [0, 0, 3, 0.5], "texture": "#16"},
				"down": {"uv": [0, 0, 3, 0.5], "texture": "#16"}
			}
		},
		{
			"from": [8, 10, 9],
			"to": [15, 11, 15],
			"faces": {
				"north": {"uv": [0, 0, 7, 1], "texture": "#11"},
				"east": {"uv": [0, 0, 6, 1], "texture": "#11"},
				"south": {"uv": [0, 0, 7, 1], "texture": "#11"},
				"west": {"uv": [0, 0, 6, 1], "texture": "#11"},
				"up": {"uv": [0, 0, 7, 6], "texture": "#11"},
				"down": {"uv": [0, 0, 7, 6], "texture": "#11"}
			}
		},
		{
			"from": [8, 10, 15],
			"to": [15, 11, 16],
			"faces": {
				"north": {"uv": [0, 0, 7, 1], "texture": "#16"},
				"east": {"uv": [0, 0, 1, 1], "texture": "#16"},
				"south": {"uv": [0, 0, 7, 1], "texture": "#16"},
				"west": {"uv": [0, 0, 1, 1], "texture": "#16"},
				"up": {"uv": [0, 0, 7, 1], "texture": "#16"},
				"down": {"uv": [0, 0, 7, 1], "texture": "#16"}
			}
		},
		{
			"from": [8, 1, 15],
			"to": [15, 10, 15.25],
			"rotation": {"angle": 0, "axis": "y", "origin": [0, -9, 0]},
			"faces": {
				"north": {"uv": [0, 3, 7, 12], "texture": "#11"},
				"east": {"uv": [0, 0, 1, 9], "texture": "#11"},
				"south": {"uv": [0, 3, 7, 12], "texture": "#11"},
				"west": {"uv": [0, 0, 1, 9], "texture": "#11"},
				"up": {"uv": [0, 0, 7, 1], "texture": "#11"},
				"down": {"uv": [0, 0, 7, 1], "texture": "#11"}
			}
		},
		{
			"from": [15, 10, 9],
			"to": [16, 11, 15],
			"faces": {
				"north": {"uv": [0, 0, 1, 1], "texture": "#16"},
				"east": {"uv": [0, 0, 6, 1], "texture": "#16"},
				"south": {"uv": [0, 0, 1, 1], "texture": "#16"},
				"west": {"uv": [0, 0, 6, 1], "texture": "#16"},
				"up": {"uv": [0, 0, 1, 6], "texture": "#16"},
				"down": {"uv": [0, 0, 1, 6], "texture": "#16"}
			}
		},
		{
			"from": [9, 1, 9],
			"to": [15, 1.5, 15],
			"rotation": {"angle": 0, "axis": "y", "origin": [12, 3.375, 12]},
			"faces": {
				"north": {"uv": [6, 2, 12, 3], "texture": "#19"},
				"east": {"uv": [6, 2, 12, 3], "texture": "#19"},
				"south": {"uv": [6, 2, 12, 3], "texture": "#19"},
				"west": {"uv": [6, 2, 12, 3], "texture": "#19"},
				"up": {"uv": [6, 2, 12, 8], "texture": "#19"},
				"down": {"uv": [6, 2, 12, 8], "texture": "#19"}
			}
		},
		{
			"from": [9, 1.5, 9],
			"to": [10, 2, 15],
			"rotation": {"angle": 0, "axis": "y", "origin": [12, 3.375, 12]},
			"faces": {
				"north": {"uv": [6, 2, 7, 2.5], "texture": "#19"},
				"east": {"uv": [6, 2, 12, 2.5], "texture": "#19"},
				"south": {"uv": [6, 2, 7, 2.5], "texture": "#19"},
				"west": {"uv": [6, 2, 12, 2.5], "texture": "#19"},
				"up": {"uv": [6, 2, 7, 8], "texture": "#19"},
				"down": {"uv": [6, 2, 7, 8], "texture": "#19"}
			}
		},
		{
			"from": [14, 1.5, 9],
			"to": [15, 2, 15],
			"rotation": {"angle": 0, "axis": "y", "origin": [12, 3.375, 12]},
			"faces": {
				"north": {"uv": [6, 2, 7, 2.5], "texture": "#19"},
				"east": {"uv": [6, 2, 12, 2.5], "texture": "#19"},
				"south": {"uv": [6, 2, 7, 2.5], "texture": "#19"},
				"west": {"uv": [6, 2, 12, 2.5], "texture": "#19"},
				"up": {"uv": [6, 2, 7, 8], "texture": "#19"},
				"down": {"uv": [6, 2, 7, 8], "texture": "#19"}
			}
		},
		{
			"from": [10, 1.5, 14],
			"to": [14, 2, 15],
			"rotation": {"angle": 0, "axis": "y", "origin": [12, 3.375, 12]},
			"faces": {
				"north": {"uv": [6, 2, 10, 2.5], "texture": "#19"},
				"east": {"uv": [6, 2, 7, 2.5], "texture": "#19"},
				"south": {"uv": [6, 2, 10, 2.5], "texture": "#19"},
				"west": {"uv": [6, 2, 7, 2.5], "texture": "#19"},
				"up": {"uv": [6, 2, 7, 6], "rotation": 270, "texture": "#19"},
				"down": {"uv": [6, 2, 7, 6], "rotation": 90, "texture": "#19"}
			}
		},
		{
			"from": [11, 1.5, 11],
			"to": [13, 5, 13],
			"rotation": {"angle": 0, "axis": "y", "origin": [12, 3.375, 12]},
			"faces": {
				"north": {"uv": [0, 11, 2, 14.5], "texture": "#22"},
				"east": {"uv": [0, 11, 2, 14.5], "texture": "#22"},
				"south": {"uv": [0, 11, 2, 14.5], "texture": "#22"},
				"west": {"uv": [0, 11, 2, 14.5], "texture": "#22"},
				"up": {"uv": [0, 8, 2, 10], "rotation": 270, "texture": "#22"},
				"down": {"uv": [0, 11, 2, 13], "rotation": 90, "texture": "#22"}
			}
		},
		{
			"from": [11.5, 5, 12],
			"to": [12.5, 6, 12],
			"rotation": {"angle": 45, "axis": "y", "origin": [12, 3.375, 12]},
			"faces": {
				"north": {"uv": [0, 5, 1, 6], "texture": "#22"},
				"east": {"uv": [0, 5, 0, 6], "texture": "#22"},
				"south": {"uv": [0, 5, 1, 6], "texture": "#22"},
				"west": {"uv": [0, 5, 0, 6], "texture": "#22"},
				"up": {"uv": [0, 5, 0, 6], "rotation": 270, "texture": "#22"},
				"down": {"uv": [0, 5, 0, 6], "rotation": 90, "texture": "#22"}
			}
		},
		{
			"from": [12, 5, 11.5],
			"to": [12, 6, 12.5],
			"rotation": {"angle": 45, "axis": "y", "origin": [12, 3.375, 12]},
			"faces": {
				"north": {"uv": [0, 5, 0, 6], "texture": "#22"},
				"east": {"uv": [0, 5, 1, 6], "texture": "#22"},
				"south": {"uv": [0, 5, 0, 6], "texture": "#22"},
				"west": {"uv": [0, 5, 1, 6], "texture": "#22"},
				"up": {"uv": [0, 5, 0, 6], "rotation": 180, "texture": "#22"},
				"down": {"uv": [0, 5, 0, 6], "rotation": 180, "texture": "#22"}
			}
		},
		{
			"from": [10, 1.5, 9],
			"to": [14, 2, 10],
			"rotation": {"angle": 0, "axis": "y", "origin": [12, 3.375, 12]},
			"faces": {
				"north": {"uv": [6, 2, 10, 2.5], "texture": "#19"},
				"east": {"uv": [6, 2, 7, 2.5], "texture": "#19"},
				"south": {"uv": [6, 2, 10, 2.5], "texture": "#19"},
				"west": {"uv": [6, 2, 7, 2.5], "texture": "#19"},
				"up": {"uv": [6, 2, 7, 6], "rotation": 270, "texture": "#19"},
				"down": {"uv": [6, 2, 7, 6], "rotation": 90, "texture": "#19"}
			}
		},
		{
			"from": [15, 5, 1],
			"to": [16, 6, 8],
			"faces": {
				"north": {"uv": [0, 0, 1, 1], "texture": "#16"},
				"east": {"uv": [0, 0, 7, 1], "texture": "#16"},
				"south": {"uv": [0, 0, 1, 1], "texture": "#16"},
				"west": {"uv": [0, 0, 7, 1], "texture": "#16"},
				"up": {"uv": [0, 0, 1, 7], "texture": "#16"},
				"down": {"uv": [0, 0, 1, 7], "texture": "#16"}
			}
		},
		{
			"from": [15, 4, 3],
			"to": [15.5, 5, 6],
			"rotation": {"angle": 0, "axis": "y", "origin": [0, -1, 0]},
			"faces": {
				"north": {"uv": [0, 0, 0.5, 1], "texture": "#16"},
				"east": {"uv": [0, 0, 3, 1], "texture": "#16"},
				"south": {"uv": [0, 0, 0.5, 1], "texture": "#16"},
				"west": {"uv": [0, 0, 3, 1], "texture": "#16"},
				"up": {"uv": [0, 0, 0.5, 3], "texture": "#16"},
				"down": {"uv": [0, 0, 0.5, 3], "texture": "#16"}
			}
		},
		{
			"from": [8, 5, 0],
			"to": [15, 6, 1],
			"faces": {
				"north": {"uv": [0, 0, 7, 1], "texture": "#16"},
				"east": {"uv": [0, 0, 1, 1], "texture": "#16"},
				"south": {"uv": [0, 0, 7, 1], "texture": "#16"},
				"west": {"uv": [0, 0, 1, 1], "texture": "#16"},
				"up": {"uv": [0, 0, 7, 1], "texture": "#16"},
				"down": {"uv": [0, 0, 7, 1], "texture": "#16"}
			}
		},
		{
			"from": [0.75, 8, 9],
			"to": [1, 15, 15],
			"rotation": {"angle": 0, "axis": "z", "origin": [0.75, 14.5, 12]},
			"faces": {
				"north": {"uv": [10, 9, 10.25, 16], "texture": "#11"},
				"east": {"uv": [10, 9, 16, 16], "texture": "#11"},
				"south": {"uv": [10, 9, 10.25, 16], "texture": "#11"},
				"west": {"uv": [10, 9, 16, 16], "texture": "#11"},
				"up": {"uv": [10, 9, 10.25, 15], "texture": "#11"},
				"down": {"uv": [10, 9, 10.25, 15], "texture": "#11"}
			}
		},
		{
			"from": [15, 11, 9],
			"to": [15.25, 15, 15],
			"faces": {
				"north": {"uv": [0, 0, 0.25, 4], "texture": "#11"},
				"east": {"uv": [0, 0, 6, 4], "texture": "#11"},
				"south": {"uv": [0, 0, 0.25, 4], "texture": "#11"},
				"west": {"uv": [0, 0, 6, 4], "texture": "#11"},
				"up": {"uv": [0, 0, 0.25, 6], "texture": "#11"},
				"down": {"uv": [0, 0, 0.25, 6], "texture": "#11"}
			}
		},
		{
			"from": [15, 1, 1],
			"to": [15.25, 5, 8],
			"faces": {
				"north": {"uv": [0, 0, 0.25, 4], "texture": "#11"},
				"east": {"uv": [9, 4, 16, 8], "texture": "#11"},
				"south": {"uv": [0, 0, 0.25, 4], "texture": "#11"},
				"west": {"uv": [9, 4, 16, 8], "texture": "#11"},
				"up": {"uv": [0, 0, 0.25, 7], "texture": "#11"},
				"down": {"uv": [0, 0, 0.25, 7], "texture": "#11"}
			}
		},
		{
			"from": [0, 0, 15],
			"to": [1, 16, 16],
			"faces": {
				"north": {"uv": [0, 0, 1, 16], "texture": "#16"},
				"east": {"uv": [0, 0, 1, 16], "texture": "#16"},
				"south": {"uv": [0, 0, 1, 16], "texture": "#16"},
				"west": {"uv": [0, 0, 1, 16], "texture": "#16"},
				"up": {"uv": [0, 0, 1, 1], "texture": "#16"},
				"down": {"uv": [0, 0, 1, 1], "texture": "#16"}
			}
		},
		{
			"from": [0, 1, 8],
			"to": [1, 15, 9],
			"faces": {
				"north": {"uv": [0, 0, 1, 14], "texture": "#16"},
				"east": {"uv": [0, 0, 1, 14], "texture": "#16"},
				"south": {"uv": [0, 0, 1, 14], "texture": "#16"},
				"west": {"uv": [0, 0, 1, 14], "texture": "#16"},
				"up": {"uv": [0, 0, 1, 1], "texture": "#16"},
				"down": {"uv": [0, 0, 1, 1], "texture": "#16"}
			}
		},
		{
			"from": [0, 7, 9],
			"to": [1, 8, 15],
			"faces": {
				"north": {"uv": [0, 0, 1, 1], "texture": "#16"},
				"east": {"uv": [0, 0, 6, 1], "texture": "#16"},
				"south": {"uv": [0, 0, 1, 1], "texture": "#16"},
				"west": {"uv": [0, 0, 6, 1], "texture": "#16"},
				"up": {"uv": [0, 0, 1, 6], "texture": "#16"},
				"down": {"uv": [0, 0, 1, 6], "texture": "#16"}
			}
		},
		{
			"from": [0.25, 9, 10],
			"to": [1, 10, 14],
			"rotation": {"angle": 0, "axis": "z", "origin": [0.75, 14.5, 12]},
			"faces": {
				"north": {"uv": [0, 0, 0.75, 1], "texture": "#16"},
				"east": {"uv": [0, 0, 4, 1], "texture": "#16"},
				"south": {"uv": [0, 0, 0.75, 1], "texture": "#16"},
				"west": {"uv": [0, 0, 4, 1], "texture": "#16"},
				"up": {"uv": [0, 0, 0.75, 4], "texture": "#16"},
				"down": {"uv": [0, 0, 0.75, 4], "texture": "#16"}
			}
		},
		{
			"from": [15, 0, 15],
			"to": [16, 16, 16],
			"faces": {
				"north": {"uv": [0, 0, 1, 16], "texture": "#16"},
				"east": {"uv": [0, 0, 1, 16], "texture": "#16"},
				"south": {"uv": [0, 0, 1, 16], "texture": "#16"},
				"west": {"uv": [0, 0, 1, 16], "texture": "#16"},
				"up": {"uv": [0, 0, 1, 1], "texture": "#16"},
				"down": {"uv": [0, 0, 1, 1], "texture": "#16"}
			}
		},
		{
			"from": [0, 0, 0],
			"to": [1, 16, 1],
			"faces": {
				"north": {"uv": [0, 0, 1, 16], "texture": "#16"},
				"east": {"uv": [0, 0, 1, 16], "texture": "#16"},
				"south": {"uv": [0, 0, 1, 16], "texture": "#16"},
				"west": {"uv": [0, 0, 1, 16], "texture": "#16"},
				"up": {"uv": [0, 0, 1, 1], "texture": "#16"},
				"down": {"uv": [0, 0, 1, 1], "texture": "#16"}
			}
		},
		{
			"from": [15, 0, 0],
			"to": [16, 16, 1],
			"faces": {
				"north": {"uv": [0, 0, 1, 16], "texture": "#16"},
				"east": {"uv": [0, 0, 1, 16], "texture": "#16"},
				"south": {"uv": [0, 0, 1, 16], "texture": "#16"},
				"west": {"uv": [0, 0, 1, 16], "texture": "#16"},
				"up": {"uv": [0, 0, 1, 1], "texture": "#16"},
				"down": {"uv": [0, 0, 1, 1], "texture": "#16"}
			}
		},
		{
			"from": [7, 1, 0],
			"to": [8, 15, 1],
			"faces": {
				"north": {"uv": [0, 0, 1, 14], "texture": "#16"},
				"east": {"uv": [0, 0, 1, 14], "texture": "#16"},
				"south": {"uv": [0, 0, 1, 14], "texture": "#16"},
				"west": {"uv": [0, 0, 1, 14], "texture": "#16"},
				"up": {"uv": [0, 0, 1, 1], "texture": "#16"},
				"down": {"uv": [0, 0, 1, 1], "texture": "#16"}
			}
		},
		{
			"from": [15, 1, 8],
			"to": [16, 15, 9],
			"faces": {
				"north": {"uv": [0, 0, 1, 14], "texture": "#16"},
				"east": {"uv": [0, 0, 1, 14], "texture": "#16"},
				"south": {"uv": [0, 0, 1, 14], "texture": "#16"},
				"west": {"uv": [0, 0, 1, 14], "texture": "#16"},
				"up": {"uv": [0, 0, 1, 1], "texture": "#16"},
				"down": {"uv": [0, 0, 1, 1], "texture": "#16"}
			}
		},
		{
			"from": [2, 15, 2],
			"to": [14, 16, 14],
			"faces": {
				"north": {"uv": [0, 0, 12, 1], "texture": "#11"},
				"east": {"uv": [0, 0, 12, 1], "texture": "#11"},
				"south": {"uv": [0, 0, 12, 1], "texture": "#11"},
				"west": {"uv": [0, 0, 12, 1], "texture": "#11"},
				"up": {"uv": [0, 0, 12, 12], "texture": "#11"},
				"down": {"uv": [0, 0, 12, 12], "texture": "#11"}
			}
		},
		{
			"from": [1, 15, 15],
			"to": [15, 16, 16],
			"rotation": {"angle": 0, "axis": "y", "origin": [8, 15.5, 8]},
			"faces": {
				"north": {"uv": [0, 0, 14, 1], "texture": "#16"},
				"east": {"uv": [0, 0, 1, 1], "texture": "#16"},
				"south": {"uv": [0, 0, 14, 1], "texture": "#16"},
				"west": {"uv": [0, 0, 1, 1], "texture": "#16"},
				"up": {"uv": [0, 0, 14, 1], "texture": "#16"},
				"down": {"uv": [0, 0, 14, 1], "texture": "#16"}
			}
		},
		{
			"from": [1, 15, 0],
			"to": [15, 16, 1],
			"rotation": {"angle": 0, "axis": "y", "origin": [8, 15.5, 8]},
			"faces": {
				"north": {"uv": [0, 0, 14, 1], "texture": "#16"},
				"east": {"uv": [0, 0, 1, 1], "texture": "#16"},
				"south": {"uv": [0, 0, 14, 1], "texture": "#16"},
				"west": {"uv": [0, 0, 1, 1], "texture": "#16"},
				"up": {"uv": [0, 0, 14, 1], "texture": "#16"},
				"down": {"uv": [0, 0, 14, 1], "texture": "#16"}
			}
		},
		{
			"from": [0, 15, 1],
			"to": [1, 16, 15],
			"rotation": {"angle": 0, "axis": "y", "origin": [8, 15.5, 8]},
			"faces": {
				"north": {"uv": [0, 0, 1, 1], "texture": "#16"},
				"east": {"uv": [0, 0, 14, 1], "texture": "#16"},
				"south": {"uv": [0, 0, 1, 1], "texture": "#16"},
				"west": {"uv": [0, 0, 14, 1], "texture": "#16"},
				"up": {"uv": [0, 0, 14, 1], "rotation": 270, "texture": "#16"},
				"down": {"uv": [0, 0, 14, 1], "rotation": 90, "texture": "#16"}
			}
		},
		{
			"from": [15, 15, 1],
			"to": [16, 16, 15],
			"rotation": {"angle": 0, "axis": "y", "origin": [8, 15.5, 8]},
			"faces": {
				"north": {"uv": [0, 0, 1, 1], "texture": "#16"},
				"east": {"uv": [0, 0, 14, 1], "texture": "#16"},
				"south": {"uv": [0, 0, 1, 1], "texture": "#16"},
				"west": {"uv": [0, 0, 14, 1], "texture": "#16"},
				"up": {"uv": [0, 0, 14, 1], "rotation": 270, "texture": "#16"},
				"down": {"uv": [0, 0, 14, 1], "rotation": 90, "texture": "#16"}
			}
		},
		{
			"from": [1, 0, 15],
			"to": [15, 1, 16],
			"rotation": {"angle": 0, "axis": "y", "origin": [8, 15.5, 8]},
			"faces": {
				"north": {"uv": [0, 0, 14, 1], "texture": "#16"},
				"east": {"uv": [0, 0, 1, 1], "texture": "#16"},
				"south": {"uv": [0, 0, 14, 1], "texture": "#16"},
				"west": {"uv": [0, 0, 1, 1], "texture": "#16"},
				"up": {"uv": [0, 0, 14, 1], "texture": "#16"},
				"down": {"uv": [0, 0, 14, 1], "texture": "#16"}
			}
		},
		{
			"from": [0, 0, 1],
			"to": [1, 1, 15],
			"rotation": {"angle": 0, "axis": "y", "origin": [8, 15.5, 8]},
			"faces": {
				"north": {"uv": [0, 0, 1, 1], "texture": "#16"},
				"east": {"uv": [0, 0, 14, 1], "texture": "#16"},
				"south": {"uv": [0, 0, 1, 1], "texture": "#16"},
				"west": {"uv": [0, 0, 14, 1], "texture": "#16"},
				"up": {"uv": [0, 0, 14, 1], "rotation": 270, "texture": "#16"},
				"down": {"uv": [0, 0, 14, 1], "rotation": 90, "texture": "#16"}
			}
		},
		{
			"from": [15, 0, 1],
			"to": [16, 1, 15],
			"rotation": {"angle": 0, "axis": "y", "origin": [8, 15.5, 8]},
			"faces": {
				"north": {"uv": [0, 0, 1, 1], "texture": "#16"},
				"east": {"uv": [0, 0, 14, 1], "texture": "#16"},
				"south": {"uv": [0, 0, 1, 1], "texture": "#16"},
				"west": {"uv": [0, 0, 14, 1], "texture": "#16"},
				"up": {"uv": [0, 0, 14, 1], "rotation": 270, "texture": "#16"},
				"down": {"uv": [0, 0, 14, 1], "rotation": 90, "texture": "#16"}
			}
		},
		{
			"from": [1, 0, 0],
			"to": [15, 1, 1],
			"rotation": {"angle": 0, "axis": "y", "origin": [8, 15.5, 8]},
			"faces": {
				"north": {"uv": [0, 0, 14, 1], "texture": "#16"},
				"east": {"uv": [0, 0, 1, 1], "texture": "#16"},
				"south": {"uv": [0, 0, 14, 1], "texture": "#16"},
				"west": {"uv": [0, 0, 1, 1], "texture": "#16"},
				"up": {"uv": [0, 0, 14, 1], "texture": "#16"},
				"down": {"uv": [0, 0, 14, 1], "texture": "#16"}
			}
		},
		{
			"from": [8, 6, 0.75],
			"to": [15, 15, 1],
			"rotation": {"angle": 0, "axis": "y", "origin": [8, 15.5, 8]},
			"faces": {
				"north": {"uv": [0, 3, 7, 12], "texture": "#11"},
				"east": {"uv": [0, 0, 0.25, 9], "texture": "#11"},
				"south": {"uv": [0, 0, 7, 9], "texture": "#11"},
				"west": {"uv": [0, 0, 0.25, 9], "texture": "#11"},
				"up": {"uv": [0, 0, 7, 0.25], "texture": "#11"},
				"down": {"uv": [0, 0, 7, 0.25], "texture": "#11"}
			}
		},
		{
			"from": [1, 15, 2],
			"to": [2, 15.5, 15],
			"rotation": {"angle": 0, "axis": "y", "origin": [8, 15.25, 8]},
			"faces": {
				"north": {"uv": [0, 0, 1, 0.5], "texture": "#11"},
				"east": {"uv": [0, 0, 13, 0.5], "texture": "#11"},
				"south": {"uv": [0, 0, 1, 0.5], "texture": "#11"},
				"west": {"uv": [0, 0, 13, 0.5], "texture": "#11"},
				"up": {"uv": [0, 0, 1, 13], "texture": "#11"},
				"down": {"uv": [0, 0, 1, 13], "texture": "#11"}
			}
		},
		{
			"from": [14, 15, 1],
			"to": [15, 15.5, 14],
			"rotation": {"angle": 0, "axis": "y", "origin": [8, 15.25, 8]},
			"faces": {
				"north": {"uv": [0, 0, 1, 0.5], "texture": "#11"},
				"east": {"uv": [0, 0, 13, 0.5], "texture": "#11"},
				"south": {"uv": [0, 0, 1, 0.5], "texture": "#11"},
				"west": {"uv": [0, 0, 13, 0.5], "texture": "#11"},
				"up": {"uv": [0, 0, 1, 13], "texture": "#11"},
				"down": {"uv": [0, 0, 1, 13], "texture": "#11"}
			}
		},
		{
			"from": [1, 15, 1],
			"to": [14, 15.5, 2],
			"rotation": {"angle": 0, "axis": "y", "origin": [8, 15.25, 8]},
			"faces": {
				"north": {"uv": [0, 0, 13, 0.5], "texture": "#11"},
				"east": {"uv": [0, 0, 1, 0.5], "texture": "#11"},
				"south": {"uv": [0, 0, 13, 0.5], "texture": "#11"},
				"west": {"uv": [0, 0, 1, 0.5], "texture": "#11"},
				"up": {"uv": [0, 0, 1, 13], "rotation": 270, "texture": "#11"},
				"down": {"uv": [0, 0, 1, 13], "rotation": 90, "texture": "#11"}
			}
		},
		{
			"from": [2, 15, 14],
			"to": [15, 15.5, 15],
			"rotation": {"angle": 0, "axis": "y", "origin": [8, 15.25, 8]},
			"faces": {
				"north": {"uv": [0, 0, 13, 0.5], "texture": "#11"},
				"east": {"uv": [0, 0, 1, 0.5], "texture": "#11"},
				"south": {"uv": [0, 0, 13, 0.5], "texture": "#11"},
				"west": {"uv": [0, 0, 1, 0.5], "texture": "#11"},
				"up": {"uv": [0, 0, 1, 13], "rotation": 270, "texture": "#11"},
				"down": {"uv": [0, 0, 1, 13], "rotation": 90, "texture": "#11"}
			}
		},
		{
			"from": [1, 1, 8],
			"to": [15, 15, 9],
			"faces": {
				"north": {"uv": [0, 0, 14, 14], "texture": "#11"},
				"east": {"uv": [0, 0, 1, 14], "texture": "#11"},
				"south": {"uv": [0, 0, 14, 14], "texture": "#11"},
				"west": {"uv": [0, 0, 1, 14], "texture": "#11"},
				"up": {"uv": [0, 0, 14, 1], "texture": "#11"},
				"down": {"uv": [0, 0, 14, 1], "texture": "#11"}
			}
		},
		{
			"from": [1, 1, 15],
			"to": [7, 7, 15.25],
			"faces": {
				"north": {"uv": [0, 0, 6, 6], "texture": "#11"},
				"east": {"uv": [0, 0, 0.25, 6], "texture": "#11"},
				"south": {"uv": [0, 2, 6, 8], "texture": "#11"},
				"west": {"uv": [0, 0, 0.25, 6], "texture": "#11"},
				"up": {"uv": [0, 0, 6, 0.25], "texture": "#11"},
				"down": {"uv": [0, 0, 6, 0.25], "texture": "#11"}
			}
		},
		{
			"from": [7, 1, 1],
			"to": [8, 15, 15],
			"rotation": {"angle": 0, "axis": "y", "origin": [8, 8, 8.5]},
			"faces": {
				"north": {"uv": [0, 0, 1, 14], "texture": "#11"},
				"east": {"uv": [0, 0, 14, 14], "texture": "#11"},
				"south": {"uv": [0, 0, 1, 14], "texture": "#11"},
				"west": {"uv": [0, 0, 14, 14], "texture": "#11"},
				"up": {"uv": [0, 0, 14, 1], "rotation": 270, "texture": "#11"},
				"down": {"uv": [0, 0, 14, 1], "rotation": 90, "texture": "#11"}
			}
		},
		{
			"from": [0.75, 1, 1],
			"to": [1, 15, 8],
			"rotation": {"angle": 0, "axis": "y", "origin": [8, 8, 8.5]},
			"faces": {
				"north": {"uv": [0, 0, 0.25, 14], "texture": "#11"},
				"east": {"uv": [0, 0, 7, 14], "texture": "#11"},
				"south": {"uv": [0, 0, 0.25, 14], "texture": "#11"},
				"west": {"uv": [0, 2, 7, 16], "texture": "#11"},
				"up": {"uv": [0, 0, 7, 0.25], "rotation": 270, "texture": "#11"},
				"down": {"uv": [0, 0, 7, 0.25], "rotation": 90, "texture": "#11"}
			}
		},
		{
			"from": [7, 1, 15],
			"to": [8, 15, 16],
			"rotation": {"angle": 0, "axis": "y", "origin": [8, 8, 8.5]},
			"faces": {
				"north": {"uv": [0, 0, 1, 14], "texture": "#16"},
				"east": {"uv": [0, 0, 1, 14], "texture": "#16"},
				"south": {"uv": [0, 0, 1, 14], "texture": "#16"},
				"west": {"uv": [0, 0, 1, 14], "texture": "#16"},
				"up": {"uv": [0, 0, 1, 1], "rotation": 270, "texture": "#16"},
				"down": {"uv": [0, 0, 1, 1], "rotation": 90, "texture": "#16"}
			}
		},
		{
			"name": "map_background_0",
			"from": [1.984, 16.031, 2.015],
			"to": [2.36, 16.219, 2.767],
			"rotation": {"angle": 0, "axis": "y", "origin": [1.984, 3.999, 2.015]},
			"faces": {
				"north": {"uv": [0.5, 0, 0, 0.25], "texture": "#12"},
				"east": {"uv": [0.25, 0, 0.5, 1], "rotation": 90, "texture": "#12"},
				"south": {"uv": [0, 0.75, 0.5, 1], "texture": "#12"},
				"west": {"uv": [0, 0, 0.25, 1], "rotation": 270, "texture": "#12"},
				"up": {"uv": [0, 0, 0.5, 1], "texture": "#12"},
				"down": {"uv": [0, 1, 0.5, 0], "texture": "#12"}
			}
		},
		{
			"name": "map_background_1",
			"from": [5.18, 16.031, 2.015],
			"to": [5.744, 16.219, 13.671],
			"rotation": {"angle": 0, "axis": "y", "origin": [1.984, 3.999, 2.015]},
			"faces": {
				"north": {"uv": [5, 0, 4.25, 0.25], "texture": "#12"},
				"east": {"uv": [4.75, 0, 5, 15.5], "rotation": 90, "texture": "#12"},
				"south": {"uv": [4.25, 15.25, 5, 15.5], "texture": "#12"},
				"west": {"uv": [4.25, 0, 4.5, 15.5], "rotation": 270, "texture": "#12"},
				"up": {"uv": [4.25, 0, 5, 15.5], "texture": "#12"},
				"down": {"uv": [4.25, 15.5, 5, 0], "texture": "#12"}
			}
		},
		{
			"name": "map_background_2",
			"from": [6.12, 16.031, 2.015],
			"to": [7.248, 16.219, 13.671],
			"rotation": {"angle": 0, "axis": "y", "origin": [1.984, 3.999, 2.015]},
			"faces": {
				"north": {"uv": [7, 0, 5.5, 0.25], "texture": "#12"},
				"east": {"uv": [6.75, 0, 7, 15.5], "rotation": 90, "texture": "#12"},
				"south": {"uv": [5.5, 15.25, 7, 15.5], "texture": "#12"},
				"west": {"uv": [5.5, 0, 5.75, 15.5], "rotation": 270, "texture": "#12"},
				"up": {"uv": [5.5, 0, 7, 15.5], "texture": "#12"},
				"down": {"uv": [5.5, 15.5, 7, 0], "texture": "#12"}
			}
		},
		{
			"name": "map_background_3",
			"from": [7.436, 16.031, 2.015],
			"to": [8.188, 16.219, 14.047],
			"rotation": {"angle": 0, "axis": "y", "origin": [1.984, 3.999, 2.015]},
			"faces": {
				"north": {"uv": [8.25, 0, 7.25, 0.25], "texture": "#12"},
				"east": {"uv": [8, 0, 8.25, 16], "rotation": 90, "texture": "#12"},
				"south": {"uv": [7.25, 15.75, 8.25, 16], "texture": "#12"},
				"west": {"uv": [7.25, 0, 7.5, 16], "rotation": 270, "texture": "#12"},
				"up": {"uv": [7.25, 0, 8.25, 16], "texture": "#12"},
				"down": {"uv": [7.25, 16, 8.25, 0], "texture": "#12"}
			}
		},
		{
			"name": "map_background_4",
			"from": [8.94, 16.031, 2.015],
			"to": [11.196, 16.219, 13.859],
			"rotation": {"angle": 0, "axis": "y", "origin": [1.984, 3.999, 2.015]},
			"faces": {
				"north": {"uv": [12.25, 0, 9.25, 0.25], "texture": "#12"},
				"east": {"uv": [12, 0, 12.25, 15.75], "rotation": 90, "texture": "#12"},
				"south": {"uv": [9.25, 15.5, 12.25, 15.75], "texture": "#12"},
				"west": {"uv": [9.25, 0, 9.5, 15.75], "rotation": 270, "texture": "#12"},
				"up": {"uv": [9.25, 0, 12.25, 15.75], "texture": "#12"},
				"down": {"uv": [9.25, 15.75, 12.25, 0], "texture": "#12"}
			}
		},
		{
			"name": "map_background_5",
			"from": [13.452, 16.031, 2.015],
			"to": [14.016, 16.219, 2.579],
			"rotation": {"angle": 0, "axis": "y", "origin": [1.984, 3.999, 2.015]},
			"faces": {
				"north": {"uv": [16, 0, 15.25, 0.25], "texture": "#12"},
				"east": {"uv": [15.75, 0, 16, 0.75], "rotation": 90, "texture": "#12"},
				"south": {"uv": [15.25, 0.5, 16, 0.75], "texture": "#12"},
				"west": {"uv": [15.25, 0, 15.5, 0.75], "rotation": 270, "texture": "#12"},
				"up": {"uv": [15.25, 0, 16, 0.75], "texture": "#12"},
				"down": {"uv": [15.25, 0.75, 16, 0], "texture": "#12"}
			}
		},
		{
			"name": "map_background_6",
			"from": [2.36, 16.031, 2.203],
			"to": [4.052, 16.219, 13.671],
			"rotation": {"angle": 0, "axis": "y", "origin": [1.984, 3.999, 2.015]},
			"faces": {
				"north": {"uv": [2.75, 0.25, 0.5, 0.5], "texture": "#12"},
				"east": {"uv": [2.5, 0.25, 2.75, 15.5], "rotation": 90, "texture": "#12"},
				"south": {"uv": [0.5, 15.25, 2.75, 15.5], "texture": "#12"},
				"west": {"uv": [0.5, 0.25, 0.75, 15.5], "rotation": 270, "texture": "#12"},
				"up": {"uv": [0.5, 0.25, 2.75, 15.5], "texture": "#12"},
				"down": {"uv": [0.5, 15.5, 2.75, 0.25], "texture": "#12"}
			}
		},
		{
			"name": "map_background_7",
			"from": [4.428, 16.031, 2.203],
			"to": [5.18, 16.219, 14.047],
			"rotation": {"angle": 0, "axis": "y", "origin": [1.984, 3.999, 2.015]},
			"faces": {
				"north": {"uv": [4.25, 0.25, 3.25, 0.5], "texture": "#12"},
				"east": {"uv": [4, 0.25, 4.25, 16], "rotation": 90, "texture": "#12"},
				"south": {"uv": [3.25, 15.75, 4.25, 16], "texture": "#12"},
				"west": {"uv": [3.25, 0.25, 3.5, 16], "rotation": 270, "texture": "#12"},
				"up": {"uv": [3.25, 0.25, 4.25, 16], "texture": "#12"},
				"down": {"uv": [3.25, 16, 4.25, 0.25], "texture": "#12"}
			}
		},
		{
			"name": "map_background_8",
			"from": [5.744, 16.031, 2.203],
			"to": [5.932, 16.219, 13.671],
			"rotation": {"angle": 0, "axis": "y", "origin": [1.984, 3.999, 2.015]},
			"faces": {
				"north": {"uv": [5.25, 0.25, 5, 0.5], "texture": "#12"},
				"east": {"uv": [5, 0.25, 5.25, 15.5], "rotation": 90, "texture": "#12"},
				"south": {"uv": [5, 15.25, 5.25, 15.5], "texture": "#12"},
				"west": {"uv": [5, 0.25, 5.25, 15.5], "rotation": 270, "texture": "#12"},
				"up": {"uv": [5, 0.25, 5.25, 15.5], "texture": "#12"},
				"down": {"uv": [5, 15.5, 5.25, 0.25], "texture": "#12"}
			}
		},
		{
			"name": "map_background_9",
			"from": [7.248, 16.031, 2.203],
			"to": [7.436, 16.219, 14.047],
			"rotation": {"angle": 0, "axis": "y", "origin": [1.984, 3.999, 2.015]},
			"faces": {
				"north": {"uv": [7.25, 0.25, 7, 0.5], "texture": "#12"},
				"east": {"uv": [7, 0.25, 7.25, 16], "rotation": 90, "texture": "#12"},
				"south": {"uv": [7, 15.75, 7.25, 16], "texture": "#12"},
				"west": {"uv": [7, 0.25, 7.25, 16], "rotation": 270, "texture": "#12"},
				"up": {"uv": [7, 0.25, 7.25, 16], "texture": "#12"},
				"down": {"uv": [7, 16, 7.25, 0.25], "texture": "#12"}
			}
		},
		{
			"name": "map_background_10",
			"from": [8.188, 16.031, 2.203],
			"to": [8.376, 16.219, 14.047],
			"rotation": {"angle": 0, "axis": "y", "origin": [1.984, 3.999, 2.015]},
			"faces": {
				"north": {"uv": [8.5, 0.25, 8.25, 0.5], "texture": "#12"},
				"east": {"uv": [8.25, 0.25, 8.5, 16], "rotation": 90, "texture": "#12"},
				"south": {"uv": [8.25, 15.75, 8.5, 16], "texture": "#12"},
				"west": {"uv": [8.25, 0.25, 8.5, 16], "rotation": 270, "texture": "#12"},
				"up": {"uv": [8.25, 0.25, 8.5, 16], "texture": "#12"},
				"down": {"uv": [8.25, 16, 8.5, 0.25], "texture": "#12"}
			}
		},
		{
			"name": "map_background_11",
			"from": [8.564, 16.031, 2.203],
			"to": [8.94, 16.219, 14.047],
			"rotation": {"angle": 0, "axis": "y", "origin": [1.984, 3.999, 2.015]},
			"faces": {
				"north": {"uv": [9.25, 0.25, 8.75, 0.5], "texture": "#12"},
				"east": {"uv": [9, 0.25, 9.25, 16], "rotation": 90, "texture": "#12"},
				"south": {"uv": [8.75, 15.75, 9.25, 16], "texture": "#12"},
				"west": {"uv": [8.75, 0.25, 9, 16], "rotation": 270, "texture": "#12"},
				"up": {"uv": [8.75, 0.25, 9.25, 16], "texture": "#12"},
				"down": {"uv": [8.75, 16, 9.25, 0.25], "texture": "#12"}
			}
		},
		{
			"name": "map_background_12",
			"from": [11.196, 16.031, 2.203],
			"to": [13.452, 16.219, 13.859],
			"rotation": {"angle": 0, "axis": "y", "origin": [1.984, 3.999, 2.015]},
			"faces": {
				"north": {"uv": [15.25, 0.25, 12.25, 0.5], "texture": "#12"},
				"east": {"uv": [15, 0.25, 15.25, 15.75], "rotation": 90, "texture": "#12"},
				"south": {"uv": [12.25, 15.5, 15.25, 15.75], "texture": "#12"},
				"west": {"uv": [12.25, 0.25, 12.5, 15.75], "rotation": 270, "texture": "#12"},
				"up": {"uv": [12.25, 0.25, 15.25, 15.75], "texture": "#12"},
				"down": {"uv": [12.25, 15.75, 15.25, 0.25], "texture": "#12"}
			}
		},
		{
			"name": "map_background_13",
			"from": [4.052, 16.031, 2.391],
			"to": [4.428, 16.219, 14.047],
			"rotation": {"angle": 0, "axis": "y", "origin": [1.984, 3.999, 2.015]},
			"faces": {
				"north": {"uv": [3.25, 0.5, 2.75, 0.75], "texture": "#12"},
				"east": {"uv": [3, 0.5, 3.25, 16], "rotation": 90, "texture": "#12"},
				"south": {"uv": [2.75, 15.75, 3.25, 16], "texture": "#12"},
				"west": {"uv": [2.75, 0.5, 3, 16], "rotation": 270, "texture": "#12"},
				"up": {"uv": [2.75, 0.5, 3.25, 16], "texture": "#12"},
				"down": {"uv": [2.75, 16, 3.25, 0.5], "texture": "#12"}
			}
		},
		{
			"name": "map_background_14",
			"from": [5.932, 16.031, 2.391],
			"to": [6.12, 16.219, 13.859],
			"rotation": {"angle": 0, "axis": "y", "origin": [1.984, 3.999, 2.015]},
			"faces": {
				"north": {"uv": [5.5, 0.5, 5.25, 0.75], "texture": "#12"},
				"east": {"uv": [5.25, 0.5, 5.5, 15.75], "rotation": 90, "texture": "#12"},
				"south": {"uv": [5.25, 15.5, 5.5, 15.75], "texture": "#12"},
				"west": {"uv": [5.25, 0.5, 5.5, 15.75], "rotation": 270, "texture": "#12"},
				"up": {"uv": [5.25, 0.5, 5.5, 15.75], "texture": "#12"},
				"down": {"uv": [5.25, 15.75, 5.5, 0.5], "texture": "#12"}
			}
		},
		{
			"name": "map_background_15",
			"from": [8.376, 16.031, 2.391],
			"to": [8.564, 16.219, 14.047],
			"rotation": {"angle": 0, "axis": "y", "origin": [1.984, 3.999, 2.015]},
			"faces": {
				"north": {"uv": [8.75, 0.5, 8.5, 0.75], "texture": "#12"},
				"east": {"uv": [8.5, 0.5, 8.75, 16], "rotation": 90, "texture": "#12"},
				"south": {"uv": [8.5, 15.75, 8.75, 16], "texture": "#12"},
				"west": {"uv": [8.5, 0.5, 8.75, 16], "rotation": 270, "texture": "#12"},
				"up": {"uv": [8.5, 0.5, 8.75, 16], "texture": "#12"},
				"down": {"uv": [8.5, 16, 8.75, 0.5], "texture": "#12"}
			}
		},
		{
			"name": "map_background_16",
			"from": [13.452, 16.031, 2.579],
			"to": [13.828, 16.219, 13.859],
			"rotation": {"angle": 0, "axis": "y", "origin": [1.984, 3.999, 2.015]},
			"faces": {
				"north": {"uv": [15.75, 0.75, 15.25, 1], "texture": "#12"},
				"east": {"uv": [15.5, 0.75, 15.75, 15.75], "rotation": 90, "texture": "#12"},
				"south": {"uv": [15.25, 15.5, 15.75, 15.75], "texture": "#12"},
				"west": {"uv": [15.25, 0.75, 15.5, 15.75], "rotation": 270, "texture": "#12"},
				"up": {"uv": [15.25, 0.75, 15.75, 15.75], "texture": "#12"},
				"down": {"uv": [15.25, 15.75, 15.75, 0.75], "texture": "#12"}
			}
		},
		{
			"name": "map_background_17",
			"from": [2.172, 16.031, 2.767],
			"to": [2.36, 16.219, 5.023],
			"rotation": {"angle": 0, "axis": "y", "origin": [1.984, 3.999, 2.015]},
			"faces": {
				"north": {"uv": [0.5, 1, 0.25, 1.25], "texture": "#12"},
				"east": {"uv": [0.25, 1, 0.5, 4], "rotation": 90, "texture": "#12"},
				"south": {"uv": [0.25, 3.75, 0.5, 4], "texture": "#12"},
				"west": {"uv": [0.25, 1, 0.5, 4], "rotation": 270, "texture": "#12"},
				"up": {"uv": [0.25, 1, 0.5, 4], "texture": "#12"},
				"down": {"uv": [0.25, 4, 0.5, 1], "texture": "#12"}
			}
		},
		{
			"name": "map_background_18",
			"from": [13.828, 16.031, 2.767],
			"to": [14.016, 16.219, 3.707],
			"rotation": {"angle": 0, "axis": "y", "origin": [1.984, 3.999, 2.015]},
			"faces": {
				"north": {"uv": [16, 1, 15.75, 1.25], "texture": "#12"},
				"east": {"uv": [15.75, 1, 16, 2.25], "rotation": 90, "texture": "#12"},
				"south": {"uv": [15.75, 2, 16, 2.25], "texture": "#12"},
				"west": {"uv": [15.75, 1, 16, 2.25], "rotation": 270, "texture": "#12"},
				"up": {"uv": [15.75, 1, 16, 2.25], "texture": "#12"},
				"down": {"uv": [15.75, 2.25, 16, 1], "texture": "#12"}
			}
		},
		{
			"name": "map_background_19",
			"from": [1.984, 16.031, 3.143],
			"to": [2.172, 16.219, 4.083],
			"rotation": {"angle": 0, "axis": "y", "origin": [1.984, 3.999, 2.015]},
			"faces": {
				"north": {"uv": [0.25, 1.5, 0, 1.75], "texture": "#12"},
				"east": {"uv": [0, 1.5, 0.25, 2.75], "rotation": 90, "texture": "#12"},
				"south": {"uv": [0, 2.5, 0.25, 2.75], "texture": "#12"},
				"west": {"uv": [0, 1.5, 0.25, 2.75], "rotation": 270, "texture": "#12"},
				"up": {"uv": [0, 1.5, 0.25, 2.75], "texture": "#12"},
				"down": {"uv": [0, 2.75, 0.25, 1.5], "texture": "#12"}
			}
		},
		{
			"name": "map_background_20",
			"from": [13.828, 16.031, 4.271],
			"to": [14.016, 16.219, 5.775],
			"rotation": {"angle": 0, "axis": "y", "origin": [1.984, 3.999, 2.015]},
			"faces": {
				"north": {"uv": [16, 3, 15.75, 3.25], "texture": "#12"},
				"east": {"uv": [15.75, 3, 16, 5], "rotation": 90, "texture": "#12"},
				"south": {"uv": [15.75, 4.75, 16, 5], "texture": "#12"},
				"west": {"uv": [15.75, 3, 16, 5], "rotation": 270, "texture": "#12"},
				"up": {"uv": [15.75, 3, 16, 5], "texture": "#12"},
				"down": {"uv": [15.75, 5, 16, 3], "texture": "#12"}
			}
		},
		{
			"name": "map_background_21",
			"from": [2.172, 16.031, 5.211],
			"to": [2.36, 16.219, 9.911],
			"rotation": {"angle": 0, "axis": "y", "origin": [1.984, 3.999, 2.015]},
			"faces": {
				"north": {"uv": [0.5, 4.25, 0.25, 4.5], "texture": "#12"},
				"east": {"uv": [0.25, 4.25, 0.5, 10.5], "rotation": 90, "texture": "#12"},
				"south": {"uv": [0.25, 10.25, 0.5, 10.5], "texture": "#12"},
				"west": {"uv": [0.25, 4.25, 0.5, 10.5], "rotation": 270, "texture": "#12"},
				"up": {"uv": [0.25, 4.25, 0.5, 10.5], "texture": "#12"},
				"down": {"uv": [0.25, 10.5, 0.5, 4.25], "texture": "#12"}
			}
		},
		{
			"name": "map_background_22",
			"from": [1.984, 16.031, 6.527],
			"to": [2.172, 16.219, 7.279],
			"rotation": {"angle": 0, "axis": "y", "origin": [1.984, 3.999, 2.015]},
			"faces": {
				"north": {"uv": [0.25, 6, 0, 6.25], "texture": "#12"},
				"east": {"uv": [0, 6, 0.25, 7], "rotation": 90, "texture": "#12"},
				"south": {"uv": [0, 6.75, 0.25, 7], "texture": "#12"},
				"west": {"uv": [0, 6, 0.25, 7], "rotation": 270, "texture": "#12"},
				"up": {"uv": [0, 6, 0.25, 7], "texture": "#12"},
				"down": {"uv": [0, 7, 0.25, 6], "texture": "#12"}
			}
		},
		{
			"name": "map_background_23",
			"from": [13.828, 16.031, 6.527],
			"to": [14.016, 16.219, 8.219],
			"rotation": {"angle": 0, "axis": "y", "origin": [1.984, 3.999, 2.015]},
			"faces": {
				"north": {"uv": [16, 6, 15.75, 6.25], "texture": "#12"},
				"east": {"uv": [15.75, 6, 16, 8.25], "rotation": 90, "texture": "#12"},
				"south": {"uv": [15.75, 8, 16, 8.25], "texture": "#12"},
				"west": {"uv": [15.75, 6, 16, 8.25], "rotation": 270, "texture": "#12"},
				"up": {"uv": [15.75, 6, 16, 8.25], "texture": "#12"},
				"down": {"uv": [15.75, 8.25, 16, 6], "texture": "#12"}
			}
		},
		{
			"name": "map_background_24",
			"from": [13.828, 16.031, 8.595],
			"to": [14.016, 16.219, 9.347],
			"rotation": {"angle": 0, "axis": "y", "origin": [1.984, 3.999, 2.015]},
			"faces": {
				"north": {"uv": [16, 8.75, 15.75, 9], "texture": "#12"},
				"east": {"uv": [15.75, 8.75, 16, 9.75], "rotation": 90, "texture": "#12"},
				"south": {"uv": [15.75, 9.5, 16, 9.75], "texture": "#12"},
				"west": {"uv": [15.75, 8.75, 16, 9.75], "rotation": 270, "texture": "#12"},
				"up": {"uv": [15.75, 8.75, 16, 9.75], "texture": "#12"},
				"down": {"uv": [15.75, 9.75, 16, 8.75], "texture": "#12"}
			}
		},
		{
			"name": "map_background_25",
			"from": [1.984, 16.031, 9.159],
			"to": [2.172, 16.219, 9.723],
			"rotation": {"angle": 0, "axis": "y", "origin": [1.984, 3.999, 2.015]},
			"faces": {
				"north": {"uv": [0.25, 9.5, 0, 9.75], "texture": "#12"},
				"east": {"uv": [0, 9.5, 0.25, 10.25], "rotation": 90, "texture": "#12"},
				"south": {"uv": [0, 10, 0.25, 10.25], "texture": "#12"},
				"west": {"uv": [0, 9.5, 0.25, 10.25], "rotation": 270, "texture": "#12"},
				"up": {"uv": [0, 9.5, 0.25, 10.25], "texture": "#12"},
				"down": {"uv": [0, 10.25, 0.25, 9.5], "texture": "#12"}
			}
		},
		{
			"name": "map_background_26",
			"from": [13.828, 16.031, 9.723],
			"to": [14.016, 16.219, 11.603],
			"rotation": {"angle": 0, "axis": "y", "origin": [1.984, 3.999, 2.015]},
			"faces": {
				"north": {"uv": [16, 10.25, 15.75, 10.5], "texture": "#12"},
				"east": {"uv": [15.75, 10.25, 16, 12.75], "rotation": 90, "texture": "#12"},
				"south": {"uv": [15.75, 12.5, 16, 12.75], "texture": "#12"},
				"west": {"uv": [15.75, 10.25, 16, 12.75], "rotation": 270, "texture": "#12"},
				"up": {"uv": [15.75, 10.25, 16, 12.75], "texture": "#12"},
				"down": {"uv": [15.75, 12.75, 16, 10.25], "texture": "#12"}
			}
		},
		{
			"name": "map_background_27",
			"from": [2.172, 16.031, 10.099],
			"to": [2.36, 16.219, 13.859],
			"rotation": {"angle": 0, "axis": "y", "origin": [1.984, 3.999, 2.015]},
			"faces": {
				"north": {"uv": [0.5, 10.75, 0.25, 11], "texture": "#12"},
				"east": {"uv": [0.25, 10.75, 0.5, 15.75], "rotation": 90, "texture": "#12"},
				"south": {"uv": [0.25, 15.5, 0.5, 15.75], "texture": "#12"},
				"west": {"uv": [0.25, 10.75, 0.5, 15.75], "rotation": 270, "texture": "#12"},
				"up": {"uv": [0.25, 10.75, 0.5, 15.75], "texture": "#12"},
				"down": {"uv": [0.25, 15.75, 0.5, 10.75], "texture": "#12"}
			}
		},
		{
			"name": "map_background_28",
			"from": [1.984, 16.031, 10.287],
			"to": [2.172, 16.219, 12.543],
			"rotation": {"angle": 0, "axis": "y", "origin": [1.984, 3.999, 2.015]},
			"faces": {
				"north": {"uv": [0.25, 11, 0, 11.25], "texture": "#12"},
				"east": {"uv": [0, 11, 0.25, 14], "rotation": 90, "texture": "#12"},
				"south": {"uv": [0, 13.75, 0.25, 14], "texture": "#12"},
				"west": {"uv": [0, 11, 0.25, 14], "rotation": 270, "texture": "#12"},
				"up": {"uv": [0, 11, 0.25, 14], "texture": "#12"},
				"down": {"uv": [0, 14, 0.25, 11], "texture": "#12"}
			}
		},
		{
			"name": "map_background_29",
			"from": [13.828, 16.031, 12.731],
			"to": [14.016, 16.219, 13.859],
			"rotation": {"angle": 0, "axis": "y", "origin": [1.984, 3.999, 2.015]},
			"faces": {
				"north": {"uv": [16, 14.25, 15.75, 14.5], "texture": "#12"},
				"east": {"uv": [15.75, 14.25, 16, 15.75], "rotation": 90, "texture": "#12"},
				"south": {"uv": [15.75, 15.5, 16, 15.75], "texture": "#12"},
				"west": {"uv": [15.75, 14.25, 16, 15.75], "rotation": 270, "texture": "#12"},
				"up": {"uv": [15.75, 14.25, 16, 15.75], "texture": "#12"},
				"down": {"uv": [15.75, 15.75, 16, 14.25], "texture": "#12"}
			}
		},
		{
			"name": "map_background_30",
			"from": [1.984, 16.031, 12.919],
			"to": [2.172, 16.219, 13.671],
			"rotation": {"angle": 0, "axis": "y", "origin": [1.984, 3.999, 2.015]},
			"faces": {
				"north": {"uv": [0.25, 14.5, 0, 14.75], "texture": "#12"},
				"east": {"uv": [0, 14.5, 0.25, 15.5], "rotation": 90, "texture": "#12"},
				"south": {"uv": [0, 15.25, 0.25, 15.5], "texture": "#12"},
				"west": {"uv": [0, 14.5, 0.25, 15.5], "rotation": 270, "texture": "#12"},
				"up": {"uv": [0, 14.5, 0.25, 15.5], "texture": "#12"},
				"down": {"uv": [0, 15.5, 0.25, 14.5], "texture": "#12"}
			}
		},
		{
			"name": "map_background_31",
			"from": [2.36, 16.031, 13.671],
			"to": [3.112, 16.219, 13.859],
			"rotation": {"angle": 0, "axis": "y", "origin": [1.984, 3.999, 2.015]},
			"faces": {
				"north": {"uv": [1.5, 15.5, 0.5, 15.75], "texture": "#12"},
				"east": {"uv": [1.25, 15.5, 1.5, 15.75], "rotation": 90, "texture": "#12"},
				"south": {"uv": [0.5, 15.5, 1.5, 15.75], "texture": "#12"},
				"west": {"uv": [0.5, 15.5, 0.75, 15.75], "rotation": 270, "texture": "#12"},
				"up": {"uv": [0.5, 15.5, 1.5, 15.75], "texture": "#12"},
				"down": {"uv": [0.5, 15.75, 1.5, 15.5], "texture": "#12"}
			}
		},
		{
			"name": "map_background_32",
			"from": [3.676, 16.031, 13.671],
			"to": [4.052, 16.219, 13.859],
			"rotation": {"angle": 0, "axis": "y", "origin": [1.984, 3.999, 2.015]},
			"faces": {
				"north": {"uv": [2.75, 15.5, 2.25, 15.75], "texture": "#12"},
				"east": {"uv": [2.5, 15.5, 2.75, 15.75], "rotation": 90, "texture": "#12"},
				"south": {"uv": [2.25, 15.5, 2.75, 15.75], "texture": "#12"},
				"west": {"uv": [2.25, 15.5, 2.5, 15.75], "rotation": 270, "texture": "#12"},
				"up": {"uv": [2.25, 15.5, 2.75, 15.75], "texture": "#12"},
				"down": {"uv": [2.25, 15.75, 2.75, 15.5], "texture": "#12"}
			}
		},
		{
			"name": "map_background_33",
			"from": [5.18, 16.031, 13.671],
			"to": [5.556, 16.219, 13.859],
			"rotation": {"angle": 0, "axis": "y", "origin": [1.984, 3.999, 2.015]},
			"faces": {
				"north": {"uv": [4.75, 15.5, 4.25, 15.75], "texture": "#12"},
				"east": {"uv": [4.5, 15.5, 4.75, 15.75], "rotation": 90, "texture": "#12"},
				"south": {"uv": [4.25, 15.5, 4.75, 15.75], "texture": "#12"},
				"west": {"uv": [4.25, 15.5, 4.5, 15.75], "rotation": 270, "texture": "#12"},
				"up": {"uv": [4.25, 15.5, 4.75, 15.75], "texture": "#12"},
				"down": {"uv": [4.25, 15.75, 4.75, 15.5], "texture": "#12"}
			}
		},
		{
			"name": "map_background_34",
			"from": [6.12, 16.031, 13.671],
			"to": [6.872, 16.219, 13.859],
			"rotation": {"angle": 0, "axis": "y", "origin": [1.984, 3.999, 2.015]},
			"faces": {
				"north": {"uv": [6.5, 15.5, 5.5, 15.75], "texture": "#12"},
				"east": {"uv": [6.25, 15.5, 6.5, 15.75], "rotation": 90, "texture": "#12"},
				"south": {"uv": [5.5, 15.5, 6.5, 15.75], "texture": "#12"},
				"west": {"uv": [5.5, 15.5, 5.75, 15.75], "rotation": 270, "texture": "#12"},
				"up": {"uv": [5.5, 15.5, 6.5, 15.75], "texture": "#12"},
				"down": {"uv": [5.5, 15.75, 6.5, 15.5], "texture": "#12"}
			}
		},
		{
			"name": "map_background_35",
			"from": [9.128, 16.031, 13.859],
			"to": [9.692, 16.219, 14.047],
			"rotation": {"angle": 0, "axis": "y", "origin": [1.984, 3.999, 2.015]},
			"faces": {
				"north": {"uv": [10.25, 15.75, 9.5, 16], "texture": "#12"},
				"east": {"uv": [10, 15.75, 10.25, 16], "rotation": 90, "texture": "#12"},
				"south": {"uv": [9.5, 15.75, 10.25, 16], "texture": "#12"},
				"west": {"uv": [9.5, 15.75, 9.75, 16], "rotation": 270, "texture": "#12"},
				"up": {"uv": [9.5, 15.75, 10.25, 16], "texture": "#12"},
				"down": {"uv": [9.5, 16, 10.25, 15.75], "texture": "#12"}
			}
		},
		{
			"name": "map_background_36",
			"from": [9.88, 16.031, 13.859],
			"to": [12.324, 16.219, 14.047],
			"rotation": {"angle": 0, "axis": "y", "origin": [1.984, 3.999, 2.015]},
			"faces": {
				"north": {"uv": [13.75, 15.75, 10.5, 16], "texture": "#12"},
				"east": {"uv": [13.5, 15.75, 13.75, 16], "rotation": 90, "texture": "#12"},
				"south": {"uv": [10.5, 15.75, 13.75, 16], "texture": "#12"},
				"west": {"uv": [10.5, 15.75, 10.75, 16], "rotation": 270, "texture": "#12"},
				"up": {"uv": [10.5, 15.75, 13.75, 16], "texture": "#12"},
				"down": {"uv": [10.5, 16, 13.75, 15.75], "texture": "#12"}
			}
		},
		{
			"name": "map_background_37",
			"from": [13.076, 16.031, 13.859],
			"to": [13.64, 16.219, 14.047],
			"rotation": {"angle": 0, "axis": "y", "origin": [1.984, 3.999, 2.015]},
			"faces": {
				"north": {"uv": [15.5, 15.75, 14.75, 16], "texture": "#12"},
				"east": {"uv": [15.25, 15.75, 15.5, 16], "rotation": 90, "texture": "#12"},
				"south": {"uv": [14.75, 15.75, 15.5, 16], "texture": "#12"},
				"west": {"uv": [14.75, 15.75, 15, 16], "rotation": 270, "texture": "#12"},
				"up": {"uv": [14.75, 15.75, 15.5, 16], "texture": "#12"},
				"down": {"uv": [14.75, 16, 15.5, 15.75], "texture": "#12"}
			}
		},
		{
			"from": [4.35106, 16.24, 3.87134],
			"to": [6.43106, 16.76, 5.95134],
			"rotation": {"angle": 22.5, "axis": "y", "origin": [5.39106, 16.5, 5.91134]},
			"faces": {
				"north": {"uv": [2, 2, 6, 3], "texture": "#up"},
				"east": {"uv": [2, 2, 6, 3], "texture": "#up"},
				"south": {"uv": [2, 2, 6, 3], "texture": "#up"},
				"west": {"uv": [2, 2, 6, 3], "texture": "#up"},
				"up": {"uv": [2, 2, 6, 6], "texture": "#up"},
				"down": {"uv": [2, 2, 6, 6], "texture": "#up"}
			}
		},
		{
			"from": [0.35106, 0.99, 8.87134],
			"to": [2.43106, 1.51, 10.95134],
			"rotation": {"angle": 22.5, "axis": "y", "origin": [5.39106, 16.5, 5.91134]},
			"faces": {
				"north": {"uv": [2, 2, 6, 3], "texture": "#up"},
				"east": {"uv": [2, 2, 6, 3], "texture": "#up"},
				"south": {"uv": [2, 2, 6, 3], "texture": "#up"},
				"west": {"uv": [2, 2, 6, 3], "texture": "#up"},
				"up": {"uv": [2, 2, 6, 6], "texture": "#up"},
				"down": {"uv": [2, 2, 6, 6], "texture": "#up"}
			}
		},
		{
			"name": "lantern_5",
			"from": [2.46, 8.11, 10.65],
			"to": [5.94, 11.59, 14.71],
			"rotation": {"angle": -22.5, "axis": "y", "origin": [4.2, 11.85, 12.46]},
			"faces": {
				"north": {"uv": [0, 9, 6, 15], "rotation": 90, "texture": "#14"},
				"east": {"uv": [0, 9, 6, 2], "rotation": 90, "texture": "#14"},
				"south": {"uv": [6, 9, 0, 15], "rotation": 270, "texture": "#14"},
				"west": {"uv": [0, 2, 6, 9], "rotation": 90, "texture": "#14"},
				"up": {"uv": [0, 2, 6, 9], "rotation": 180, "texture": "#14"},
				"down": {"uv": [0, 2, 6, 9], "texture": "#14"}
			}
		},
		{
			"name": "lantern_6",
			"from": [3.04, 8.69, 14.71],
			"to": [5.36, 11.01, 15.87],
			"rotation": {"angle": -22.5, "axis": "y", "origin": [4.2, 11.85, 12.46]},
			"faces": {
				"north": {"uv": [7, 2, 11, 6], "rotation": 90, "texture": "#14"},
				"east": {"uv": [1, 2, 5, 0], "rotation": 90, "texture": "#14"},
				"south": {"uv": [5, 10, 1, 14], "rotation": 270, "texture": "#14"},
				"west": {"uv": [1, 0, 5, 2], "rotation": 90, "texture": "#14"},
				"up": {"uv": [1, 0, 5, 2], "rotation": 180, "texture": "#14"},
				"down": {"uv": [1, 0, 5, 2], "texture": "#14"}
			}
		},
		{
			"from": [0, 7, 1.75],
			"to": [0.5, 14, 2.75],
			"rotation": {"angle": 0, "axis": "y", "origin": [5, -2, -0.25]},
			"faces": {
				"north": {"uv": [0, 2, 0.5, 9], "texture": "#20"},
				"east": {"uv": [0, 2, 1, 9], "texture": "#20"},
				"south": {"uv": [0, 2, 0.5, 9], "texture": "#20"},
				"west": {"uv": [0, 2, 1, 9], "texture": "#20"},
				"up": {"uv": [0, 2, 0.5, 3], "texture": "#20"},
				"down": {"uv": [0, 2, 0.5, 3], "texture": "#20"}
			}
		},
		{
			"from": [13, 11, 7.75],
			"to": [13.5, 11.5, 14.75],
			"rotation": {"angle": 45, "axis": "y", "origin": [13.25, 11.25, 13.125]},
			"faces": {
				"north": {"uv": [0, 2, 0.5, 3], "rotation": 180, "texture": "#20"},
				"east": {"uv": [0, 2, 1, 9], "rotation": 90, "texture": "#20"},
				"south": {"uv": [1, 5, 1.5, 6], "texture": "#20"},
				"west": {"uv": [0, 2, 1, 9], "rotation": 270, "texture": "#20"},
				"up": {"uv": [0, 2, 0.5, 9], "texture": "#20"},
				"down": {"uv": [0, 2, 0.5, 9], "rotation": 180, "texture": "#20"}
			}
		},
		{
			"from": [13.1, 11.1, 14.75],
			"to": [13.4, 11.4, 15.25],
			"rotation": {"angle": 45, "axis": "y", "origin": [13.25, 11.25, 13.125]},
			"faces": {
				"north": {"uv": [0, 2, 0.5, 2.5], "rotation": 180, "texture": "#20"},
				"east": {"uv": [0, 2, 0.5, 3], "rotation": 90, "texture": "#20"},
				"south": {"uv": [0, 2, 0.5, 2.5], "texture": "#20"},
				"west": {"uv": [0, 2, 0.5, 3], "rotation": 270, "texture": "#20"},
				"up": {"uv": [0, 2, 0.5, 3], "texture": "#20"},
				"down": {"uv": [0, 2, 0.5, 3], "rotation": 180, "texture": "#20"}
			}
		},
		{
			"from": [10.25, 11, 11.5],
			"to": [10.75, 11.5, 15.5],
			"rotation": {"angle": 45, "axis": "y", "origin": [10.5, 11.25, 13.875]},
			"faces": {
				"north": {"uv": [0, 2, 0.5, 2.5], "rotation": 180, "texture": "#20"},
				"east": {"uv": [0, 2, 0.5, 6], "rotation": 90, "texture": "#20"},
				"south": {"uv": [0, 5, 0.5, 5.5], "texture": "#20"},
				"west": {"uv": [0, 2, 0.5, 6], "rotation": 270, "texture": "#20"},
				"up": {"uv": [0, 2, 0.5, 6], "texture": "#20"},
				"down": {"uv": [0, 2, 0.5, 6], "rotation": 180, "texture": "#20"}
			}
		},
		{
			"from": [10.35, 11.1, 15.5],
			"to": [10.65, 11.4, 16],
			"rotation": {"angle": 45, "axis": "y", "origin": [10.5, 11.25, 13.875]},
			"faces": {
				"north": {"uv": [0, 2, 0.5, 2.5], "rotation": 180, "texture": "#20"},
				"east": {"uv": [0, 2, 0.5, 3], "rotation": 90, "texture": "#20"},
				"south": {"uv": [0, 2, 0.5, 2.5], "texture": "#20"},
				"west": {"uv": [0, 2, 0.5, 3], "rotation": 270, "texture": "#20"},
				"up": {"uv": [0, 2, 0.5, 3], "texture": "#20"},
				"down": {"uv": [0, 2, 0.5, 3], "rotation": 180, "texture": "#20"}
			}
		},
		{
			"from": [0.25, 7, 1.75],
			"to": [0.75, 14, 2.75],
			"rotation": {"angle": -45, "axis": "x", "origin": [0.5, 14, 2.25]},
			"faces": {
				"north": {"uv": [0, 2, 0.5, 9], "texture": "#20"},
				"east": {"uv": [0, 2, 1, 9], "texture": "#20"},
				"south": {"uv": [0, 2, 0.5, 9], "texture": "#20"},
				"west": {"uv": [0, 2, 1, 9], "texture": "#20"},
				"up": {"uv": [0, 2, 0.5, 3], "texture": "#20"},
				"down": {"uv": [0, 2, 0.5, 3], "texture": "#20"}
			}
		},
		{
			"from": [-0.25, 10.75, 2],
			"to": [0, 11, 8],
			"rotation": {"angle": -22.5, "axis": "x", "origin": [0.5, 10.5, 2.25]},
			"faces": {
				"north": {"uv": [12, 8, 12.25, 8.25], "rotation": 180, "texture": "#15"},
				"east": {"uv": [12, 8, 12.25, 14], "rotation": 90, "texture": "#15"},
				"south": {"uv": [12, 8, 12.25, 8.25], "texture": "#15"},
				"west": {"uv": [12, 8, 12.25, 14], "rotation": 270, "texture": "#15"},
				"up": {"uv": [12, 8, 12.25, 14], "texture": "#15"},
				"down": {"uv": [12, 8, 12.25, 14], "rotation": 180, "texture": "#15"}
			}
		},
		{
			"from": [-0.25, 10, 2],
			"to": [0, 10.25, 8],
			"rotation": {"angle": -22.5, "axis": "x", "origin": [0.5, 10.5, 2.25]},
			"faces": {
				"north": {"uv": [12, 8, 12.25, 8.25], "rotation": 180, "texture": "#15"},
				"east": {"uv": [12, 8, 12.25, 14], "rotation": 90, "texture": "#15"},
				"south": {"uv": [12, 8, 12.25, 8.25], "texture": "#15"},
				"west": {"uv": [12, 8, 12.25, 14], "rotation": 270, "texture": "#15"},
				"up": {"uv": [12, 8, 12.25, 14], "texture": "#15"},
				"down": {"uv": [12, 8, 12.25, 14], "rotation": 180, "texture": "#15"}
			}
		},
		{
			"from": [-0.25, 10.25, 2],
			"to": [0, 10.75, 2.5],
			"rotation": {"angle": -22.5, "axis": "x", "origin": [0.5, 10.5, 2.25]},
			"faces": {
				"north": {"uv": [12, 8, 12.25, 8.5], "rotation": 180, "texture": "#15"},
				"east": {"uv": [12, 8, 12.5, 8.5], "rotation": 90, "texture": "#15"},
				"south": {"uv": [12, 8, 12.25, 8.5], "texture": "#15"},
				"west": {"uv": [12, 8, 12.5, 8.5], "rotation": 270, "texture": "#15"},
				"up": {"uv": [12, 8, 12.25, 8.5], "texture": "#15"},
				"down": {"uv": [12, 8, 12.25, 8.5], "rotation": 180, "texture": "#15"}
			}
		},
		{
			"from": [-0.5, 10.25, 4.75],
			"to": [0.25, 10.75, 5.25],
			"rotation": {"angle": -22.5, "axis": "x", "origin": [0.5, 10.5, 2.25]},
			"faces": {
				"north": {"uv": [0, 6.5, 0.75, 7], "rotation": 180, "texture": "#20"},
				"east": {"uv": [0, 6.5, 0.5, 7], "rotation": 90, "texture": "#20"},
				"south": {"uv": [0, 6.5, 0.75, 7], "texture": "#20"},
				"west": {"uv": [0, 6.5, 0.5, 7], "rotation": 270, "texture": "#20"},
				"up": {"uv": [0, 6.5, 0.75, 7], "texture": "#20"},
				"down": {"uv": [0, 6.5, 0.75, 7], "rotation": 180, "texture": "#20"}
			}
		},
		{
			"from": [-0.25, 10.25, 7.75],
			"to": [0, 10.75, 8],
			"rotation": {"angle": -22.5, "axis": "x", "origin": [0.5, 10.5, 2.25]},
			"faces": {
				"north": {"uv": [0, 0, 0.25, 0.5], "rotation": 180, "texture": "#15"},
				"east": {"uv": [0, 0, 0.5, 0.25], "rotation": 90, "texture": "#15"},
				"south": {"uv": [0, 0, 0.25, 0.5], "texture": "#15"},
				"west": {"uv": [0, 0, 0.5, 0.25], "rotation": 270, "texture": "#15"},
				"up": {"uv": [0, 0, 0.25, 0.25], "texture": "#15"},
				"down": {"uv": [0, 0, 0.25, 0.25], "rotation": 180, "texture": "#15"}
			}
		},
		{
			"name": "spyglass_model_0",
			"from": [3.25, 0.4361, 3.27342],
			"to": [5.25, 15.4361, 5.27342],
			"rotation": {"angle": 22.5, "axis": "x", "origin": [11.25, 8.1861, 4.52342]},
			"faces": {
				"north": {"uv": [0, 15, 2, 0], "rotation": 180, "texture": "#20"},
				"east": {"uv": [0, 0, 2, 15], "texture": "#20"},
				"south": {"uv": [0, 0, 2, 15], "texture": "#20"},
				"west": {"uv": [0, 0, 2, 15], "texture": "#20"},
				"up": {"uv": [2, 0, 0, 2], "rotation": 180, "texture": "#20"},
				"down": {"uv": [0, 13, 2, 15], "texture": "#20"}
			}
		},
		{
			"name": "cobweb_0",
			"from": [4, 6.52, 9.62],
			"to": [4, 6.88, 9.98],
			"rotation": {"angle": -45, "axis": "y", "origin": [4, 4, 12.5]},
			"faces": {
				"north": {"uv": [1, 0, 0, 1], "rotation": 270, "texture": "#21"},
				"east": {"uv": [0, 0, 1, 1], "rotation": 90, "texture": "#21"},
				"south": {"uv": [0, 0, 1, 1], "rotation": 90, "texture": "#21"},
				"west": {"uv": [0, 1, 1, 0], "rotation": 90, "texture": "#21"},
				"up": {"uv": [0, 0, 1, 1], "texture": "#21"},
				"down": {"uv": [0, 0, 1, 1], "rotation": 180, "texture": "#21"}
			}
		},
		{
			"name": "cobweb_1",
			"from": [4, 3.64, 9.62],
			"to": [4, 4, 11.06],
			"rotation": {"angle": -45, "axis": "y", "origin": [4, 4, 12.5]},
			"faces": {
				"north": {"uv": [9, 0, 8, 1], "rotation": 270, "texture": "#21"},
				"east": {"uv": [8, 0, 9, 4], "rotation": 90, "texture": "#21"},
				"south": {"uv": [8, 3, 9, 4], "rotation": 90, "texture": "#21"},
				"west": {"uv": [8, 4, 9, 0], "rotation": 90, "texture": "#21"},
				"up": {"uv": [8, 0, 9, 4], "texture": "#21"},
				"down": {"uv": [8, 0, 9, 4], "rotation": 180, "texture": "#21"}
			}
		},
		{
			"name": "cobweb_2",
			"from": [4, 1.12, 9.62],
			"to": [4, 1.48, 9.98],
			"rotation": {"angle": -45, "axis": "y", "origin": [4, 4, 12.5]},
			"faces": {
				"north": {"uv": [16, 0, 15, 1], "rotation": 270, "texture": "#21"},
				"east": {"uv": [15, 0, 16, 1], "rotation": 90, "texture": "#21"},
				"south": {"uv": [15, 0, 16, 1], "rotation": 90, "texture": "#21"},
				"west": {"uv": [15, 1, 16, 0], "rotation": 90, "texture": "#21"},
				"up": {"uv": [15, 0, 16, 1], "texture": "#21"},
				"down": {"uv": [15, 0, 16, 1], "rotation": 180, "texture": "#21"}
			}
		},
		{
			"name": "cobweb_3",
			"from": [4, 6.16, 9.98],
			"to": [4, 6.52, 10.34],
			"rotation": {"angle": -45, "axis": "y", "origin": [4, 4, 12.5]},
			"faces": {
				"north": {"uv": [2, 1, 1, 2], "rotation": 270, "texture": "#21"},
				"east": {"uv": [1, 1, 2, 2], "rotation": 90, "texture": "#21"},
				"south": {"uv": [1, 1, 2, 2], "rotation": 90, "texture": "#21"},
				"west": {"uv": [1, 2, 2, 1], "rotation": 90, "texture": "#21"},
				"up": {"uv": [1, 1, 2, 2], "texture": "#21"},
				"down": {"uv": [1, 1, 2, 2], "rotation": 180, "texture": "#21"}
			}
		},
		{
			"name": "cobweb_4",
			"from": [4, 4, 9.98],
			"to": [4, 4.72, 10.34],
			"rotation": {"angle": -45, "axis": "y", "origin": [4, 4, 12.5]},
			"faces": {
				"north": {"uv": [8, 1, 6, 2], "rotation": 270, "texture": "#21"},
				"east": {"uv": [6, 1, 8, 2], "rotation": 90, "texture": "#21"},
				"south": {"uv": [6, 1, 8, 2], "rotation": 90, "texture": "#21"},
				"west": {"uv": [6, 2, 8, 1], "rotation": 90, "texture": "#21"},
				"up": {"uv": [6, 1, 7, 2], "texture": "#21"},
				"down": {"uv": [7, 1, 8, 2], "rotation": 180, "texture": "#21"}
			}
		},
		{
			"name": "cobweb_5",
			"from": [4, 2.92, 9.98],
			"to": [4, 3.64, 10.34],
			"rotation": {"angle": -45, "axis": "y", "origin": [4, 4, 12.5]},
			"faces": {
				"north": {"uv": [11, 1, 9, 2], "rotation": 270, "texture": "#21"},
				"east": {"uv": [9, 1, 11, 2], "rotation": 90, "texture": "#21"},
				"south": {"uv": [9, 1, 11, 2], "rotation": 90, "texture": "#21"},
				"west": {"uv": [9, 2, 11, 1], "rotation": 90, "texture": "#21"},
				"up": {"uv": [9, 1, 10, 2], "texture": "#21"},
				"down": {"uv": [10, 1, 11, 2], "rotation": 180, "texture": "#21"}
			}
		},
		{
			"name": "cobweb_6",
			"from": [4, 1.48, 9.98],
			"to": [4, 1.84, 10.34],
			"rotation": {"angle": -45, "axis": "y", "origin": [4, 4, 12.5]},
			"faces": {
				"north": {"uv": [15, 1, 14, 2], "rotation": 270, "texture": "#21"},
				"east": {"uv": [14, 1, 15, 2], "rotation": 90, "texture": "#21"},
				"south": {"uv": [14, 1, 15, 2], "rotation": 90, "texture": "#21"},
				"west": {"uv": [14, 2, 15, 1], "rotation": 90, "texture": "#21"},
				"up": {"uv": [14, 1, 15, 2], "texture": "#21"},
				"down": {"uv": [14, 1, 15, 2], "rotation": 180, "texture": "#21"}
			}
		},
		{
			"name": "cobweb_7",
			"from": [4, 4.72, 10.34],
			"to": [4, 6.16, 10.7],
			"rotation": {"angle": -45, "axis": "y", "origin": [4, 4, 12.5]},
			"faces": {
				"north": {"uv": [6, 2, 2, 3], "rotation": 270, "texture": "#21"},
				"east": {"uv": [2, 2, 6, 3], "rotation": 90, "texture": "#21"},
				"south": {"uv": [2, 2, 6, 3], "rotation": 90, "texture": "#21"},
				"west": {"uv": [2, 3, 6, 2], "rotation": 90, "texture": "#21"},
				"up": {"uv": [2, 2, 3, 3], "texture": "#21"},
				"down": {"uv": [5, 2, 6, 3], "rotation": 180, "texture": "#21"}
			}
		},
		{
			"name": "cobweb_8",
			"from": [4, 2.56, 10.34],
			"to": [4, 2.92, 10.7],
			"rotation": {"angle": -45, "axis": "y", "origin": [4, 4, 12.5]},
			"faces": {
				"north": {"uv": [12, 2, 11, 3], "rotation": 270, "texture": "#21"},
				"east": {"uv": [11, 2, 12, 3], "rotation": 90, "texture": "#21"},
				"south": {"uv": [11, 2, 12, 3], "rotation": 90, "texture": "#21"},
				"west": {"uv": [11, 3, 12, 2], "rotation": 90, "texture": "#21"},
				"up": {"uv": [11, 2, 12, 3], "texture": "#21"},
				"down": {"uv": [11, 2, 12, 3], "rotation": 180, "texture": "#21"}
			}
		},
		{
			"name": "cobweb_9",
			"from": [4, 1.84, 10.34],
			"to": [4, 2.2, 10.7],
			"rotation": {"angle": -45, "axis": "y", "origin": [4, 4, 12.5]},
			"faces": {
				"north": {"uv": [14, 2, 13, 3], "rotation": 270, "texture": "#21"},
				"east": {"uv": [13, 2, 14, 3], "rotation": 90, "texture": "#21"},
				"south": {"uv": [13, 2, 14, 3], "rotation": 90, "texture": "#21"},
				"west": {"uv": [13, 3, 14, 2], "rotation": 90, "texture": "#21"},
				"up": {"uv": [13, 2, 14, 3], "texture": "#21"},
				"down": {"uv": [13, 2, 14, 3], "rotation": 180, "texture": "#21"}
			}
		},
		{
			"name": "cobweb_10",
			"from": [4, 5.44, 10.7],
			"to": [4, 5.8, 11.42],
			"rotation": {"angle": -45, "axis": "y", "origin": [4, 4, 12.5]},
			"faces": {
				"north": {"uv": [4, 3, 3, 4], "rotation": 270, "texture": "#21"},
				"east": {"uv": [3, 3, 4, 5], "rotation": 90, "texture": "#21"},
				"south": {"uv": [3, 4, 4, 5], "rotation": 90, "texture": "#21"},
				"west": {"uv": [3, 5, 4, 3], "rotation": 90, "texture": "#21"},
				"up": {"uv": [3, 3, 4, 5], "texture": "#21"},
				"down": {"uv": [3, 3, 4, 5], "rotation": 180, "texture": "#21"}
			}
		},
		{
			"name": "cobweb_11",
			"from": [4, 4, 10.7],
			"to": [4, 4.36, 14.3],
			"rotation": {"angle": -45, "axis": "y", "origin": [4, 4, 12.5]},
			"faces": {
				"north": {"uv": [8, 3, 7, 4], "rotation": 270, "texture": "#21"},
				"east": {"uv": [7, 3, 8, 13], "rotation": 90, "texture": "#21"},
				"south": {"uv": [7, 12, 8, 13], "rotation": 90, "texture": "#21"},
				"west": {"uv": [7, 13, 8, 3], "rotation": 90, "texture": "#21"},
				"up": {"uv": [7, 3, 8, 13], "texture": "#21"},
				"down": {"uv": [7, 3, 8, 13], "rotation": 180, "texture": "#21"}
			}
		},
		{
			"name": "cobweb_12",
			"from": [4, 2.2, 10.7],
			"to": [4, 2.56, 11.06],
			"rotation": {"angle": -45, "axis": "y", "origin": [4, 4, 12.5]},
			"faces": {
				"north": {"uv": [13, 3, 12, 4], "rotation": 270, "texture": "#21"},
				"east": {"uv": [12, 3, 13, 4], "rotation": 90, "texture": "#21"},
				"south": {"uv": [12, 3, 13, 4], "rotation": 90, "texture": "#21"},
				"west": {"uv": [12, 4, 13, 3], "rotation": 90, "texture": "#21"},
				"up": {"uv": [12, 3, 13, 4], "texture": "#21"},
				"down": {"uv": [12, 3, 13, 4], "rotation": 180, "texture": "#21"}
			}
		},
		{
			"name": "cobweb_13",
			"from": [4, 5.08, 11.06],
			"to": [4, 5.44, 11.42],
			"rotation": {"angle": -45, "axis": "y", "origin": [4, 4, 12.5]},
			"faces": {
				"north": {"uv": [5, 4, 4, 5], "rotation": 270, "texture": "#21"},
				"east": {"uv": [4, 4, 5, 5], "rotation": 90, "texture": "#21"},
				"south": {"uv": [4, 4, 5, 5], "rotation": 90, "texture": "#21"},
				"west": {"uv": [4, 5, 5, 4], "rotation": 90, "texture": "#21"},
				"up": {"uv": [4, 4, 5, 5], "texture": "#21"},
				"down": {"uv": [4, 4, 5, 5], "rotation": 180, "texture": "#21"}
			}
		},
		{
			"name": "cobweb_14",
			"from": [4, 4.36, 11.06],
			"to": [4, 4.72, 11.42],
			"rotation": {"angle": -45, "axis": "y", "origin": [4, 4, 12.5]},
			"faces": {
				"north": {"uv": [7, 4, 6, 5], "rotation": 270, "texture": "#21"},
				"east": {"uv": [6, 4, 7, 5], "rotation": 90, "texture": "#21"},
				"south": {"uv": [6, 4, 7, 5], "rotation": 90, "texture": "#21"},
				"west": {"uv": [6, 5, 7, 4], "rotation": 90, "texture": "#21"},
				"up": {"uv": [6, 4, 7, 5], "texture": "#21"},
				"down": {"uv": [6, 4, 7, 5], "rotation": 180, "texture": "#21"}
			}
		},
		{
			"name": "cobweb_15",
			"from": [4, 3.28, 11.06],
			"to": [4, 3.64, 11.42],
			"rotation": {"angle": -45, "axis": "y", "origin": [4, 4, 12.5]},
			"faces": {
				"north": {"uv": [10, 4, 9, 5], "rotation": 270, "texture": "#21"},
				"east": {"uv": [9, 4, 10, 5], "rotation": 90, "texture": "#21"},
				"south": {"uv": [9, 4, 10, 5], "rotation": 90, "texture": "#21"},
				"west": {"uv": [9, 5, 10, 4], "rotation": 90, "texture": "#21"},
				"up": {"uv": [9, 4, 10, 5], "texture": "#21"},
				"down": {"uv": [9, 4, 10, 5], "rotation": 180, "texture": "#21"}
			}
		},
		{
			"name": "cobweb_16",
			"from": [4, 2.56, 11.06],
			"to": [4, 2.92, 11.42],
			"rotation": {"angle": -45, "axis": "y", "origin": [4, 4, 12.5]},
			"faces": {
				"north": {"uv": [12, 4, 11, 5], "rotation": 270, "texture": "#21"},
				"east": {"uv": [11, 4, 12, 5], "rotation": 90, "texture": "#21"},
				"south": {"uv": [11, 4, 12, 5], "rotation": 90, "texture": "#21"},
				"west": {"uv": [11, 5, 12, 4], "rotation": 90, "texture": "#21"},
				"up": {"uv": [11, 4, 12, 5], "texture": "#21"},
				"down": {"uv": [11, 4, 12, 5], "rotation": 180, "texture": "#21"}
			}
		},
		{
			"name": "cobweb_17",
			"from": [4, 1.84, 11.06],
			"to": [4, 2.2, 11.42],
			"rotation": {"angle": -45, "axis": "y", "origin": [4, 4, 12.5]},
			"faces": {
				"north": {"uv": [14, 4, 13, 5], "rotation": 270, "texture": "#21"},
				"east": {"uv": [13, 4, 14, 5], "rotation": 90, "texture": "#21"},
				"south": {"uv": [13, 4, 14, 5], "rotation": 90, "texture": "#21"},
				"west": {"uv": [13, 5, 14, 4], "rotation": 90, "texture": "#21"},
				"up": {"uv": [13, 4, 14, 5], "texture": "#21"},
				"down": {"uv": [13, 4, 14, 5], "rotation": 180, "texture": "#21"}
			}
		},
		{
			"name": "cobweb_18",
			"from": [4, 5.8, 11.42],
			"to": [4, 6.16, 12.5],
			"rotation": {"angle": -45, "axis": "y", "origin": [4, 4, 12.5]},
			"faces": {
				"north": {"uv": [3, 5, 2, 6], "rotation": 270, "texture": "#21"},
				"east": {"uv": [2, 5, 3, 8], "rotation": 90, "texture": "#21"},
				"south": {"uv": [2, 7, 3, 8], "rotation": 90, "texture": "#21"},
				"west": {"uv": [2, 8, 3, 5], "rotation": 90, "texture": "#21"},
				"up": {"uv": [2, 5, 3, 8], "texture": "#21"},
				"down": {"uv": [2, 5, 3, 8], "rotation": 180, "texture": "#21"}
			}
		},
		{
			"name": "cobweb_19",
			"from": [4, 4.72, 11.42],
			"to": [4, 5.08, 11.78],
			"rotation": {"angle": -45, "axis": "y", "origin": [4, 4, 12.5]},
			"faces": {
				"north": {"uv": [6, 5, 5, 6], "rotation": 270, "texture": "#21"},
				"east": {"uv": [5, 5, 6, 6], "rotation": 90, "texture": "#21"},
				"south": {"uv": [5, 5, 6, 6], "rotation": 90, "texture": "#21"},
				"west": {"uv": [5, 6, 6, 5], "rotation": 90, "texture": "#21"},
				"up": {"uv": [5, 5, 6, 6], "texture": "#21"},
				"down": {"uv": [5, 5, 6, 6], "rotation": 180, "texture": "#21"}
			}
		},
		{
			"name": "cobweb_20",
			"from": [4, 2.92, 11.42],
			"to": [4, 3.28, 11.78],
			"rotation": {"angle": -45, "axis": "y", "origin": [4, 4, 12.5]},
			"faces": {
				"north": {"uv": [11, 5, 10, 6], "rotation": 270, "texture": "#21"},
				"east": {"uv": [10, 5, 11, 6], "rotation": 90, "texture": "#21"},
				"south": {"uv": [10, 5, 11, 6], "rotation": 90, "texture": "#21"},
				"west": {"uv": [10, 6, 11, 5], "rotation": 90, "texture": "#21"},
				"up": {"uv": [10, 5, 11, 6], "texture": "#21"},
				"down": {"uv": [10, 5, 11, 6], "rotation": 180, "texture": "#21"}
			}
		},
		{
			"name": "cobweb_21",
			"from": [4, 1.48, 11.42],
			"to": [4, 1.84, 12.14],
			"rotation": {"angle": -45, "axis": "y", "origin": [4, 4, 12.5]},
			"faces": {
				"north": {"uv": [15, 5, 14, 6], "rotation": 270, "texture": "#21"},
				"east": {"uv": [14, 5, 15, 7], "rotation": 90, "texture": "#21"},
				"south": {"uv": [14, 6, 15, 7], "rotation": 90, "texture": "#21"},
				"west": {"uv": [14, 7, 15, 5], "rotation": 90, "texture": "#21"},
				"up": {"uv": [14, 5, 15, 7], "texture": "#21"},
				"down": {"uv": [14, 5, 15, 7], "rotation": 180, "texture": "#21"}
			}
		},
		{
			"name": "cobweb_22",
			"from": [4, 5.08, 11.78],
			"to": [4, 5.44, 12.86],
			"rotation": {"angle": -45, "axis": "y", "origin": [4, 4, 12.5]},
			"faces": {
				"north": {"uv": [5, 6, 4, 7], "rotation": 270, "texture": "#21"},
				"east": {"uv": [4, 6, 5, 9], "rotation": 90, "texture": "#21"},
				"south": {"uv": [4, 8, 5, 9], "rotation": 90, "texture": "#21"},
				"west": {"uv": [4, 9, 5, 6], "rotation": 90, "texture": "#21"},
				"up": {"uv": [4, 6, 5, 9], "texture": "#21"},
				"down": {"uv": [4, 6, 5, 9], "rotation": 180, "texture": "#21"}
			}
		},
		{
			"name": "cobweb_23",
			"from": [4, 4.36, 11.78],
			"to": [4, 4.72, 12.5],
			"rotation": {"angle": -45, "axis": "y", "origin": [4, 4, 12.5]},
			"faces": {
				"north": {"uv": [7, 6, 6, 7], "rotation": 270, "texture": "#21"},
				"east": {"uv": [6, 6, 7, 8], "rotation": 90, "texture": "#21"},
				"south": {"uv": [6, 7, 7, 8], "rotation": 90, "texture": "#21"},
				"west": {"uv": [6, 8, 7, 6], "rotation": 90, "texture": "#21"},
				"up": {"uv": [6, 6, 7, 8], "texture": "#21"},
				"down": {"uv": [6, 6, 7, 8], "rotation": 180, "texture": "#21"}
			}
		},
		{
			"name": "cobweb_24",
			"from": [4, 3.28, 11.78],
			"to": [4, 3.64, 12.14],
			"rotation": {"angle": -45, "axis": "y", "origin": [4, 4, 12.5]},
			"faces": {
				"north": {"uv": [10, 6, 9, 7], "rotation": 270, "texture": "#21"},
				"east": {"uv": [9, 6, 10, 7], "rotation": 90, "texture": "#21"},
				"south": {"uv": [9, 6, 10, 7], "rotation": 90, "texture": "#21"},
				"west": {"uv": [9, 7, 10, 6], "rotation": 90, "texture": "#21"},
				"up": {"uv": [9, 6, 10, 7], "texture": "#21"},
				"down": {"uv": [9, 6, 10, 7], "rotation": 180, "texture": "#21"}
			}
		},
		{
			"name": "cobweb_25",
			"from": [4, 2.56, 11.78],
			"to": [4, 2.92, 12.14],
			"rotation": {"angle": -45, "axis": "y", "origin": [4, 4, 12.5]},
			"faces": {
				"north": {"uv": [12, 6, 11, 7], "rotation": 270, "texture": "#21"},
				"east": {"uv": [11, 6, 12, 7], "rotation": 90, "texture": "#21"},
				"south": {"uv": [11, 6, 12, 7], "rotation": 90, "texture": "#21"},
				"west": {"uv": [11, 7, 12, 6], "rotation": 90, "texture": "#21"},
				"up": {"uv": [11, 6, 12, 7], "texture": "#21"},
				"down": {"uv": [11, 6, 12, 7], "rotation": 180, "texture": "#21"}
			}
		},
		{
			"name": "cobweb_26",
			"from": [4, 6.16, 12.14],
			"to": [4, 6.88, 12.5],
			"rotation": {"angle": -45, "axis": "y", "origin": [4, 4, 12.5]},
			"faces": {
				"north": {"uv": [2, 7, 0, 8], "rotation": 270, "texture": "#21"},
				"east": {"uv": [0, 7, 2, 8], "rotation": 90, "texture": "#21"},
				"south": {"uv": [0, 7, 2, 8], "rotation": 90, "texture": "#21"},
				"west": {"uv": [0, 8, 2, 7], "rotation": 90, "texture": "#21"},
				"up": {"uv": [0, 7, 1, 8], "texture": "#21"},
				"down": {"uv": [1, 7, 2, 8], "rotation": 180, "texture": "#21"}
			}
		},
		{
			"name": "cobweb_27",
			"from": [4, 5.44, 12.14],
			"to": [4, 5.8, 12.5],
			"rotation": {"angle": -45, "axis": "y", "origin": [4, 4, 12.5]},
			"faces": {
				"north": {"uv": [4, 7, 3, 8], "rotation": 270, "texture": "#21"},
				"east": {"uv": [3, 7, 4, 8], "rotation": 90, "texture": "#21"},
				"south": {"uv": [3, 7, 4, 8], "rotation": 90, "texture": "#21"},
				"west": {"uv": [3, 8, 4, 7], "rotation": 90, "texture": "#21"},
				"up": {"uv": [3, 7, 4, 8], "texture": "#21"},
				"down": {"uv": [3, 7, 4, 8], "rotation": 180, "texture": "#21"}
			}
		},
		{
			"name": "cobweb_28",
			"from": [4, 4.72, 12.14],
			"to": [4, 5.08, 12.5],
			"rotation": {"angle": -45, "axis": "y", "origin": [4, 4, 12.5]},
			"faces": {
				"north": {"uv": [6, 7, 5, 8], "rotation": 270, "texture": "#21"},
				"east": {"uv": [5, 7, 6, 8], "rotation": 90, "texture": "#21"},
				"south": {"uv": [5, 7, 6, 8], "rotation": 90, "texture": "#21"},
				"west": {"uv": [5, 8, 6, 7], "rotation": 90, "texture": "#21"},
				"up": {"uv": [5, 7, 6, 8], "texture": "#21"},
				"down": {"uv": [5, 7, 6, 8], "rotation": 180, "texture": "#21"}
			}
		},
		{
			"name": "cobweb_29",
			"from": [4, 3.64, 12.14],
			"to": [4, 4, 12.86],
			"rotation": {"angle": -45, "axis": "y", "origin": [4, 4, 12.5]},
			"faces": {
				"north": {"uv": [9, 7, 8, 8], "rotation": 270, "texture": "#21"},
				"east": {"uv": [8, 7, 9, 9], "rotation": 90, "texture": "#21"},
				"south": {"uv": [8, 8, 9, 9], "rotation": 90, "texture": "#21"},
				"west": {"uv": [8, 9, 9, 7], "rotation": 90, "texture": "#21"},
				"up": {"uv": [8, 7, 9, 9], "texture": "#21"},
				"down": {"uv": [8, 7, 9, 9], "rotation": 180, "texture": "#21"}
			}
		},
		{
			"name": "cobweb_30",
			"from": [4, 2.2, 12.14],
			"to": [4, 2.56, 13.58],
			"rotation": {"angle": -45, "axis": "y", "origin": [4, 4, 12.5]},
			"faces": {
				"north": {"uv": [13, 7, 12, 8], "rotation": 270, "texture": "#21"},
				"east": {"uv": [12, 7, 13, 11], "rotation": 90, "texture": "#21"},
				"south": {"uv": [12, 10, 13, 11], "rotation": 90, "texture": "#21"},
				"west": {"uv": [12, 11, 13, 7], "rotation": 90, "texture": "#21"},
				"up": {"uv": [12, 7, 13, 11], "texture": "#21"},
				"down": {"uv": [12, 7, 13, 11], "rotation": 180, "texture": "#21"}
			}
		},
		{
			"name": "cobweb_31",
			"from": [4, 1.12, 12.14],
			"to": [4, 1.48, 13.22],
			"rotation": {"angle": -45, "axis": "y", "origin": [4, 4, 12.5]},
			"faces": {
				"north": {"uv": [16, 7, 15, 8], "rotation": 270, "texture": "#21"},
				"east": {"uv": [15, 7, 16, 10], "rotation": 90, "texture": "#21"},
				"south": {"uv": [15, 9, 16, 10], "rotation": 90, "texture": "#21"},
				"west": {"uv": [15, 10, 16, 7], "rotation": 90, "texture": "#21"},
				"up": {"uv": [15, 7, 16, 10], "texture": "#21"},
				"down": {"uv": [15, 7, 16, 10], "rotation": 180, "texture": "#21"}
			}
		},
		{
			"name": "cobweb_32",
			"from": [4, 6.16, 12.5],
			"to": [4, 6.52, 12.86],
			"rotation": {"angle": -45, "axis": "y", "origin": [4, 4, 12.5]},
			"faces": {
				"north": {"uv": [2, 8, 1, 9], "rotation": 270, "texture": "#21"},
				"east": {"uv": [1, 8, 2, 9], "rotation": 90, "texture": "#21"},
				"south": {"uv": [1, 8, 2, 9], "rotation": 90, "texture": "#21"},
				"west": {"uv": [1, 9, 2, 8], "rotation": 90, "texture": "#21"},
				"up": {"uv": [1, 8, 2, 9], "texture": "#21"},
				"down": {"uv": [1, 8, 2, 9], "rotation": 180, "texture": "#21"}
			}
		},
		{
			"name": "cobweb_33",
			"from": [4, 2.56, 12.5],
			"to": [4, 3.64, 12.86],
			"rotation": {"angle": -45, "axis": "y", "origin": [4, 4, 12.5]},
			"faces": {
				"north": {"uv": [12, 8, 9, 9], "rotation": 270, "texture": "#21"},
				"east": {"uv": [9, 8, 12, 9], "rotation": 90, "texture": "#21"},
				"south": {"uv": [9, 8, 12, 9], "rotation": 90, "texture": "#21"},
				"west": {"uv": [9, 9, 12, 8], "rotation": 90, "texture": "#21"},
				"up": {"uv": [9, 8, 10, 9], "texture": "#21"},
				"down": {"uv": [11, 8, 12, 9], "rotation": 180, "texture": "#21"}
			}
		},
		{
			"name": "cobweb_34",
			"from": [4, 1.48, 12.5],
			"to": [4, 2.2, 12.86],
			"rotation": {"angle": -45, "axis": "y", "origin": [4, 4, 12.5]},
			"faces": {
				"north": {"uv": [15, 8, 13, 9], "rotation": 270, "texture": "#21"},
				"east": {"uv": [13, 8, 15, 9], "rotation": 90, "texture": "#21"},
				"south": {"uv": [13, 8, 15, 9], "rotation": 90, "texture": "#21"},
				"west": {"uv": [13, 9, 15, 8], "rotation": 90, "texture": "#21"},
				"up": {"uv": [13, 8, 14, 9], "texture": "#21"},
				"down": {"uv": [14, 8, 15, 9], "rotation": 180, "texture": "#21"}
			}
		},
		{
			"name": "cobweb_35",
			"from": [4, 5.8, 12.86],
			"to": [4, 6.16, 13.58],
			"rotation": {"angle": -45, "axis": "y", "origin": [4, 4, 12.5]},
			"faces": {
				"north": {"uv": [3, 9, 2, 10], "rotation": 270, "texture": "#21"},
				"east": {"uv": [2, 9, 3, 11], "rotation": 90, "texture": "#21"},
				"south": {"uv": [2, 10, 3, 11], "rotation": 90, "texture": "#21"},
				"west": {"uv": [2, 11, 3, 9], "rotation": 90, "texture": "#21"},
				"up": {"uv": [2, 9, 3, 11], "texture": "#21"},
				"down": {"uv": [2, 9, 3, 11], "rotation": 180, "texture": "#21"}
			}
		},
		{
			"name": "cobweb_36",
			"from": [4, 4.36, 12.86],
			"to": [4, 5.08, 13.22],
			"rotation": {"angle": -45, "axis": "y", "origin": [4, 4, 12.5]},
			"faces": {
				"north": {"uv": [7, 9, 5, 10], "rotation": 270, "texture": "#21"},
				"east": {"uv": [5, 9, 7, 10], "rotation": 90, "texture": "#21"},
				"south": {"uv": [5, 9, 7, 10], "rotation": 90, "texture": "#21"},
				"west": {"uv": [5, 10, 7, 9], "rotation": 90, "texture": "#21"},
				"up": {"uv": [5, 9, 6, 10], "texture": "#21"},
				"down": {"uv": [6, 9, 7, 10], "rotation": 180, "texture": "#21"}
			}
		},
		{
			"name": "cobweb_37",
			"from": [4, 3.28, 12.86],
			"to": [4, 3.64, 13.22],
			"rotation": {"angle": -45, "axis": "y", "origin": [4, 4, 12.5]},
			"faces": {
				"north": {"uv": [10, 9, 9, 10], "rotation": 270, "texture": "#21"},
				"east": {"uv": [9, 9, 10, 10], "rotation": 90, "texture": "#21"},
				"south": {"uv": [9, 9, 10, 10], "rotation": 90, "texture": "#21"},
				"west": {"uv": [9, 10, 10, 9], "rotation": 90, "texture": "#21"},
				"up": {"uv": [9, 9, 10, 10], "texture": "#21"},
				"down": {"uv": [9, 9, 10, 10], "rotation": 180, "texture": "#21"}
			}
		},
		{
			"name": "cobweb_38",
			"from": [4, 4.72, 13.22],
			"to": [4, 5.08, 13.94],
			"rotation": {"angle": -45, "axis": "y", "origin": [4, 4, 12.5]},
			"faces": {
				"north": {"uv": [6, 10, 5, 11], "rotation": 270, "texture": "#21"},
				"east": {"uv": [5, 10, 6, 12], "rotation": 90, "texture": "#21"},
				"south": {"uv": [5, 11, 6, 12], "rotation": 90, "texture": "#21"},
				"west": {"uv": [5, 12, 6, 10], "rotation": 90, "texture": "#21"},
				"up": {"uv": [5, 10, 6, 12], "texture": "#21"},
				"down": {"uv": [5, 10, 6, 12], "rotation": 180, "texture": "#21"}
			}
		},
		{
			"name": "cobweb_39",
			"from": [4, 2.92, 13.22],
			"to": [4, 3.28, 13.94],
			"rotation": {"angle": -45, "axis": "y", "origin": [4, 4, 12.5]},
			"faces": {
				"north": {"uv": [11, 10, 10, 11], "rotation": 270, "texture": "#21"},
				"east": {"uv": [10, 10, 11, 12], "rotation": 90, "texture": "#21"},
				"south": {"uv": [10, 11, 11, 12], "rotation": 90, "texture": "#21"},
				"west": {"uv": [10, 12, 11, 10], "rotation": 90, "texture": "#21"},
				"up": {"uv": [10, 10, 11, 12], "texture": "#21"},
				"down": {"uv": [10, 10, 11, 12], "rotation": 180, "texture": "#21"}
			}
		},
		{
			"name": "cobweb_40",
			"from": [4, 1.48, 13.22],
			"to": [4, 1.84, 13.94],
			"rotation": {"angle": -45, "axis": "y", "origin": [4, 4, 12.5]},
			"faces": {
				"north": {"uv": [15, 10, 14, 11], "rotation": 270, "texture": "#21"},
				"east": {"uv": [14, 10, 15, 12], "rotation": 90, "texture": "#21"},
				"south": {"uv": [14, 11, 15, 12], "rotation": 90, "texture": "#21"},
				"west": {"uv": [14, 12, 15, 10], "rotation": 90, "texture": "#21"},
				"up": {"uv": [14, 10, 15, 12], "texture": "#21"},
				"down": {"uv": [14, 10, 15, 12], "rotation": 180, "texture": "#21"}
			}
		},
		{
			"name": "cobweb_41",
			"from": [4, 5.44, 13.58],
			"to": [4, 5.8, 14.3],
			"rotation": {"angle": -45, "axis": "y", "origin": [4, 4, 12.5]},
			"faces": {
				"north": {"uv": [4, 11, 3, 12], "rotation": 270, "texture": "#21"},
				"east": {"uv": [3, 11, 4, 13], "rotation": 90, "texture": "#21"},
				"south": {"uv": [3, 12, 4, 13], "rotation": 90, "texture": "#21"},
				"west": {"uv": [3, 13, 4, 11], "rotation": 90, "texture": "#21"},
				"up": {"uv": [3, 11, 4, 13], "texture": "#21"},
				"down": {"uv": [3, 11, 4, 13], "rotation": 180, "texture": "#21"}
			}
		},
		{
			"name": "cobweb_42",
			"from": [4, 3.28, 13.58],
			"to": [4, 3.64, 13.94],
			"rotation": {"angle": -45, "axis": "y", "origin": [4, 4, 12.5]},
			"faces": {
				"north": {"uv": [10, 11, 9, 12], "rotation": 270, "texture": "#21"},
				"east": {"uv": [9, 11, 10, 12], "rotation": 90, "texture": "#21"},
				"south": {"uv": [9, 11, 10, 12], "rotation": 90, "texture": "#21"},
				"west": {"uv": [9, 12, 10, 11], "rotation": 90, "texture": "#21"},
				"up": {"uv": [9, 11, 10, 12], "texture": "#21"},
				"down": {"uv": [9, 11, 10, 12], "rotation": 180, "texture": "#21"}
			}
		},
		{
			"name": "cobweb_43",
			"from": [4, 2.56, 13.58],
			"to": [4, 2.92, 13.94],
			"rotation": {"angle": -45, "axis": "y", "origin": [4, 4, 12.5]},
			"faces": {
				"north": {"uv": [12, 11, 11, 12], "rotation": 270, "texture": "#21"},
				"east": {"uv": [11, 11, 12, 12], "rotation": 90, "texture": "#21"},
				"south": {"uv": [11, 11, 12, 12], "rotation": 90, "texture": "#21"},
				"west": {"uv": [11, 12, 12, 11], "rotation": 90, "texture": "#21"},
				"up": {"uv": [11, 11, 12, 12], "texture": "#21"},
				"down": {"uv": [11, 11, 12, 12], "rotation": 180, "texture": "#21"}
			}
		},
		{
			"name": "cobweb_44",
			"from": [4, 5.08, 13.94],
			"to": [4, 5.44, 14.3],
			"rotation": {"angle": -45, "axis": "y", "origin": [4, 4, 12.5]},
			"faces": {
				"north": {"uv": [5, 12, 4, 13], "rotation": 270, "texture": "#21"},
				"east": {"uv": [4, 12, 5, 13], "rotation": 90, "texture": "#21"},
				"south": {"uv": [4, 12, 5, 13], "rotation": 90, "texture": "#21"},
				"west": {"uv": [4, 13, 5, 12], "rotation": 90, "texture": "#21"},
				"up": {"uv": [4, 12, 5, 13], "texture": "#21"},
				"down": {"uv": [4, 12, 5, 13], "rotation": 180, "texture": "#21"}
			}
		},
		{
			"name": "cobweb_45",
			"from": [4, 4.36, 13.94],
			"to": [4, 4.72, 15.38],
			"rotation": {"angle": -45, "axis": "y", "origin": [4, 4, 12.5]},
			"faces": {
				"north": {"uv": [7, 12, 6, 13], "rotation": 270, "texture": "#21"},
				"east": {"uv": [6, 12, 7, 16], "rotation": 90, "texture": "#21"},
				"south": {"uv": [6, 15, 7, 16], "rotation": 90, "texture": "#21"},
				"west": {"uv": [6, 16, 7, 12], "rotation": 90, "texture": "#21"},
				"up": {"uv": [6, 12, 7, 16], "texture": "#21"},
				"down": {"uv": [6, 12, 7, 16], "rotation": 180, "texture": "#21"}
			}
		},
		{
			"name": "cobweb_46",
			"from": [4, 3.64, 13.94],
			"to": [4, 4, 14.3],
			"rotation": {"angle": -45, "axis": "y", "origin": [4, 4, 12.5]},
			"faces": {
				"north": {"uv": [9, 12, 8, 13], "rotation": 270, "texture": "#21"},
				"east": {"uv": [8, 12, 9, 13], "rotation": 90, "texture": "#21"},
				"south": {"uv": [8, 12, 9, 13], "rotation": 90, "texture": "#21"},
				"west": {"uv": [8, 13, 9, 12], "rotation": 90, "texture": "#21"},
				"up": {"uv": [8, 12, 9, 13], "texture": "#21"},
				"down": {"uv": [8, 12, 9, 13], "rotation": 180, "texture": "#21"}
			}
		},
		{
			"name": "cobweb_47",
			"from": [4, 1.84, 13.94],
			"to": [4, 2.56, 14.66],
			"rotation": {"angle": -45, "axis": "y", "origin": [4, 4, 12.5]},
			"faces": {
				"north": {"uv": [14, 12, 12, 13], "rotation": 270, "texture": "#21"},
				"east": {"uv": [12, 12, 14, 14], "rotation": 90, "texture": "#21"},
				"south": {"uv": [12, 13, 14, 14], "rotation": 90, "texture": "#21"},
				"west": {"uv": [12, 14, 14, 12], "rotation": 90, "texture": "#21"},
				"up": {"uv": [12, 12, 13, 14], "texture": "#21"},
				"down": {"uv": [13, 12, 14, 14], "rotation": 180, "texture": "#21"}
			}
		},
		{
			"name": "cobweb_48",
			"from": [4, 5.8, 14.3],
			"to": [4, 6.16, 14.66],
			"rotation": {"angle": -45, "axis": "y", "origin": [4, 4, 12.5]},
			"faces": {
				"north": {"uv": [3, 13, 2, 14], "rotation": 270, "texture": "#21"},
				"east": {"uv": [2, 13, 3, 14], "rotation": 90, "texture": "#21"},
				"south": {"uv": [2, 13, 3, 14], "rotation": 90, "texture": "#21"},
				"west": {"uv": [2, 14, 3, 13], "rotation": 90, "texture": "#21"},
				"up": {"uv": [2, 13, 3, 14], "texture": "#21"},
				"down": {"uv": [2, 13, 3, 14], "rotation": 180, "texture": "#21"}
			}
		},
		{
			"name": "cobweb_49",
			"from": [4, 4.72, 14.3],
			"to": [4, 5.08, 14.66],
			"rotation": {"angle": -45, "axis": "y", "origin": [4, 4, 12.5]},
			"faces": {
				"north": {"uv": [6, 13, 5, 14], "rotation": 270, "texture": "#21"},
				"east": {"uv": [5, 13, 6, 14], "rotation": 90, "texture": "#21"},
				"south": {"uv": [5, 13, 6, 14], "rotation": 90, "texture": "#21"},
				"west": {"uv": [5, 14, 6, 13], "rotation": 90, "texture": "#21"},
				"up": {"uv": [5, 13, 6, 14], "texture": "#21"},
				"down": {"uv": [5, 13, 6, 14], "rotation": 180, "texture": "#21"}
			}
		},
		{
			"name": "cobweb_50",
			"from": [4, 2.56, 14.3],
			"to": [4, 3.28, 14.66],
			"rotation": {"angle": -45, "axis": "y", "origin": [4, 4, 12.5]},
			"faces": {
				"north": {"uv": [12, 13, 10, 14], "rotation": 270, "texture": "#21"},
				"east": {"uv": [10, 13, 12, 14], "rotation": 90, "texture": "#21"},
				"south": {"uv": [10, 13, 12, 14], "rotation": 90, "texture": "#21"},
				"west": {"uv": [10, 14, 12, 13], "rotation": 90, "texture": "#21"},
				"up": {"uv": [10, 13, 11, 14], "texture": "#21"},
				"down": {"uv": [11, 13, 12, 14], "rotation": 180, "texture": "#21"}
			}
		},
		{
			"name": "cobweb_51",
			"from": [4, 6.16, 14.66],
			"to": [4, 6.52, 15.02],
			"rotation": {"angle": -45, "axis": "y", "origin": [4, 4, 12.5]},
			"faces": {
				"north": {"uv": [2, 14, 1, 15], "rotation": 270, "texture": "#21"},
				"east": {"uv": [1, 14, 2, 15], "rotation": 90, "texture": "#21"},
				"south": {"uv": [1, 14, 2, 15], "rotation": 90, "texture": "#21"},
				"west": {"uv": [1, 15, 2, 14], "rotation": 90, "texture": "#21"},
				"up": {"uv": [1, 14, 2, 15], "texture": "#21"},
				"down": {"uv": [1, 14, 2, 15], "rotation": 180, "texture": "#21"}
			}
		},
		{
			"name": "cobweb_52",
			"from": [4, 3.28, 14.66],
			"to": [4, 4.36, 15.02],
			"rotation": {"angle": -45, "axis": "y", "origin": [4, 4, 12.5]},
			"faces": {
				"north": {"uv": [10, 14, 7, 15], "rotation": 270, "texture": "#21"},
				"east": {"uv": [7, 14, 10, 15], "rotation": 90, "texture": "#21"},
				"south": {"uv": [7, 14, 10, 15], "rotation": 90, "texture": "#21"},
				"west": {"uv": [7, 15, 10, 14], "rotation": 90, "texture": "#21"},
				"up": {"uv": [7, 14, 8, 15], "texture": "#21"},
				"down": {"uv": [9, 14, 10, 15], "rotation": 180, "texture": "#21"}
			}
		},
		{
			"name": "cobweb_53",
			"from": [4, 1.48, 14.66],
			"to": [4, 1.84, 15.02],
			"rotation": {"angle": -45, "axis": "y", "origin": [4, 4, 12.5]},
			"faces": {
				"north": {"uv": [15, 14, 14, 15], "rotation": 270, "texture": "#21"},
				"east": {"uv": [14, 14, 15, 15], "rotation": 90, "texture": "#21"},
				"south": {"uv": [14, 14, 15, 15], "rotation": 90, "texture": "#21"},
				"west": {"uv": [14, 15, 15, 14], "rotation": 90, "texture": "#21"},
				"up": {"uv": [14, 14, 15, 15], "texture": "#21"},
				"down": {"uv": [14, 14, 15, 15], "rotation": 180, "texture": "#21"}
			}
		},
		{
			"name": "cobweb_54",
			"from": [4, 6.52, 15.02],
			"to": [4, 6.88, 15.38],
			"rotation": {"angle": -45, "axis": "y", "origin": [4, 4, 12.5]},
			"faces": {
				"north": {"uv": [1, 15, 0, 16], "rotation": 270, "texture": "#21"},
				"east": {"uv": [0, 15, 1, 16], "rotation": 90, "texture": "#21"},
				"south": {"uv": [0, 15, 1, 16], "rotation": 90, "texture": "#21"},
				"west": {"uv": [0, 16, 1, 15], "rotation": 90, "texture": "#21"},
				"up": {"uv": [0, 15, 1, 16], "texture": "#21"},
				"down": {"uv": [0, 15, 1, 16], "rotation": 180, "texture": "#21"}
			}
		},
		{
			"name": "cobweb_55",
			"from": [4, 1.12, 15.02],
			"to": [4, 1.48, 15.38],
			"rotation": {"angle": -45, "axis": "y", "origin": [4, 4, 12.5]},
			"faces": {
				"north": {"uv": [16, 15, 15, 16], "rotation": 270, "texture": "#21"},
				"east": {"uv": [15, 15, 16, 16], "rotation": 90, "texture": "#21"},
				"south": {"uv": [15, 15, 16, 16], "rotation": 90, "texture": "#21"},
				"west": {"uv": [15, 16, 16, 15], "rotation": 90, "texture": "#21"},
				"up": {"uv": [15, 15, 16, 16], "texture": "#21"},
				"down": {"uv": [15, 15, 16, 16], "rotation": 180, "texture": "#21"}
			}
		},
		{
			"from": [1.72, 8.87, 16.89456],
			"to": [3.28, 9.13, 17.41456],
			"rotation": {"angle": 45, "axis": "x", "origin": [2.5, 9, 16.78033]},
			"faces": {
				"north": {"uv": [0, 9, 3, 9.5], "texture": "#14"},
				"east": {"uv": [0, 9, 1, 9.5], "texture": "#14"},
				"south": {"uv": [0, 9, 3, 9.5], "texture": "#14"},
				"west": {"uv": [0, 9, 1, 9.5], "texture": "#14"},
				"up": {"uv": [0, 9, 3, 10], "texture": "#14"},
				"down": {"uv": [0, 9, 3, 10], "texture": "#14"}
			}
		},
		{
			"from": [1.72, 8.87, 15.33456],
			"to": [3.28, 9.13, 15.85456],
			"rotation": {"angle": 45, "axis": "x", "origin": [2.5, 9, 16.78033]},
			"faces": {
				"north": {"uv": [0, 9, 3, 9.5], "texture": "#14"},
				"east": {"uv": [0, 9, 1, 9.5], "texture": "#14"},
				"south": {"uv": [0, 9, 3, 9.5], "texture": "#14"},
				"west": {"uv": [0, 9, 1, 9.5], "texture": "#14"},
				"up": {"uv": [0, 9, 3, 10], "texture": "#14"},
				"down": {"uv": [0, 9, 3, 10], "texture": "#14"}
			}
		},
		{
			"from": [1.72, 8.87, 15.85456],
			"to": [2.24, 9.13, 16.89456],
			"rotation": {"angle": 45, "axis": "x", "origin": [2.5, 9, 16.78033]},
			"faces": {
				"north": {"uv": [0, 9, 1, 9.5], "texture": "#14"},
				"east": {"uv": [0, 9, 2, 9.5], "texture": "#14"},
				"south": {"uv": [0, 9, 1, 9.5], "texture": "#14"},
				"west": {"uv": [0, 9, 2, 9.5], "texture": "#14"},
				"up": {"uv": [0, 9, 1, 11], "texture": "#14"},
				"down": {"uv": [0, 9, 1, 11], "texture": "#14"}
			}
		},
		{
			"from": [2.76, 8.87, 15.85456],
			"to": [3.28, 9.13, 16.89456],
			"rotation": {"angle": 45, "axis": "x", "origin": [2.5, 9, 16.78033]},
			"faces": {
				"north": {"uv": [0, 9, 1, 9.5], "texture": "#14"},
				"east": {"uv": [0, 9, 2, 9.5], "texture": "#14"},
				"south": {"uv": [0, 9, 1, 9.5], "texture": "#14"},
				"west": {"uv": [0, 9, 2, 9.5], "texture": "#14"},
				"up": {"uv": [0, 9, 1, 11], "texture": "#14"},
				"down": {"uv": [0, 9, 1, 11], "texture": "#14"}
			}
		},
		{
			"from": [2.37, 8.03153, 16.4488],
			"to": [2.63, 9.07153, 16.9688],
			"rotation": {"angle": 0, "axis": "x", "origin": [2.5, 9, 16.78033]},
			"faces": {
				"north": {"uv": [3, 10, 5, 10.5], "rotation": 270, "texture": "#14"},
				"east": {"uv": [3, 10, 4, 12], "texture": "#14"},
				"south": {"uv": [3, 10, 5, 10.5], "rotation": 90, "texture": "#14"},
				"west": {"uv": [3, 10, 4, 12], "rotation": 180, "texture": "#14"},
				"up": {"uv": [3, 10, 4, 10.5], "rotation": 90, "texture": "#14"},
				"down": {"uv": [3, 10, 4, 10.5], "rotation": 90, "texture": "#14"}
			}
		},
		{
			"from": [2.37, 8.03153, 17.4888],
			"to": [2.63, 9.07153, 18.0088],
			"rotation": {"angle": 0, "axis": "x", "origin": [2.5, 9, 16.78033]},
			"faces": {
				"north": {"uv": [3, 10, 5, 10.5], "rotation": 270, "texture": "#14"},
				"east": {"uv": [3, 10, 4, 12], "texture": "#14"},
				"south": {"uv": [3, 10, 5, 10.5], "rotation": 90, "texture": "#14"},
				"west": {"uv": [3, 10, 4, 12], "rotation": 180, "texture": "#14"},
				"up": {"uv": [3, 10, 4, 10.5], "rotation": 90, "texture": "#14"},
				"down": {"uv": [3, 10, 4, 10.5], "rotation": 90, "texture": "#14"}
			}
		},
		{
			"from": [2.37, 9.07153, 16.4488],
			"to": [2.63, 9.59153, 18.0088],
			"rotation": {"angle": 0, "axis": "x", "origin": [2.5, 9, 16.78033]},
			"faces": {
				"north": {"uv": [3, 10, 4, 10.5], "rotation": 270, "texture": "#14"},
				"east": {"uv": [3, 10, 6, 11], "texture": "#14"},
				"south": {"uv": [3, 10, 4, 10.5], "rotation": 90, "texture": "#14"},
				"west": {"uv": [3, 10, 6, 11], "rotation": 180, "texture": "#14"},
				"up": {"uv": [3, 10, 6, 10.5], "rotation": 90, "texture": "#14"},
				"down": {"uv": [3, 10, 6, 10.5], "rotation": 90, "texture": "#14"}
			}
		},
		{
			"from": [2.37, 7.51153, 16.4488],
			"to": [2.63, 8.03153, 18.0088],
			"rotation": {"angle": 0, "axis": "x", "origin": [2.5, 9, 16.78033]},
			"faces": {
				"north": {"uv": [3, 10, 4, 10.5], "rotation": 270, "texture": "#14"},
				"east": {"uv": [3, 10, 6, 11], "texture": "#14"},
				"south": {"uv": [3, 10, 4, 10.5], "rotation": 90, "texture": "#14"},
				"west": {"uv": [3, 10, 6, 11], "rotation": 180, "texture": "#14"},
				"up": {"uv": [3, 10, 6, 10.5], "rotation": 90, "texture": "#14"},
				"down": {"uv": [3, 10, 6, 10.5], "rotation": 90, "texture": "#14"}
			}
		},
		{
			"from": [12, 1, 5],
			"to": [14, 11, 7],
			"rotation": {"angle": 0, "axis": "y", "origin": [12, 1, 6]},
			"faces": {
				"north": {"uv": [9, 2, 11, 12], "texture": "#18"},
				"east": {"uv": [9, 2, 11, 12], "texture": "#18"},
				"south": {"uv": [9, 2, 11, 12], "texture": "#18"},
				"west": {"uv": [9, 2, 11, 12], "texture": "#18"},
				"up": {"uv": [13, 6, 15, 8], "texture": "#18"},
				"down": {"uv": [13, 6, 15, 8], "texture": "#18"}
			}
		},
		{
			"from": [9, 1, 5],
			"to": [11, 11, 7],
			"rotation": {"angle": -22.5, "axis": "x", "origin": [9, 1, 6]},
			"faces": {
				"north": {"uv": [9, 2, 11, 12], "texture": "#18"},
				"east": {"uv": [9, 2, 11, 12], "texture": "#18"},
				"south": {"uv": [9, 2, 11, 12], "texture": "#18"},
				"west": {"uv": [9, 2, 11, 12], "texture": "#18"},
				"up": {"uv": [13, 6, 15, 8], "texture": "#18"},
				"down": {"uv": [13, 6, 15, 8], "texture": "#18"}
			}
		},
		{
			"from": [12, 1, 2],
			"to": [14, 9, 4],
			"rotation": {"angle": 0, "axis": "y", "origin": [12, 1, 3]},
			"faces": {
				"north": {"uv": [5, 5, 7, 13], "texture": "#18"},
				"east": {"uv": [5, 5, 7, 13], "texture": "#18"},
				"south": {"uv": [5, 5, 7, 13], "texture": "#18"},
				"west": {"uv": [5, 5, 7, 13], "texture": "#18"},
				"up": {"uv": [13, 6, 15, 8], "texture": "#18"},
				"down": {"uv": [13, 6, 15, 8], "texture": "#18"}
			}
		}
	],
	"groups": [
		0,
		1,
		2,
		3,
		4,
		5,
		6,
		7,
		8,
		9,
		10,
		11,
		12,
		13,
		14,
		15,
		16,
		17,
		18,
		19,
		20,
		21,
		22,
		23,
		24,
		25,
		26,
		27,
		28,
		29,
		30,
		31,
		32,
		33,
		34,
		35,
		36,
		37,
		38,
		39,
		40,
		41,
		42,
		43,
		44,
		45,
		46,
		47,
		48,
		49,
		50,
		{
			"name": "map_background",
			"origin": [8, 8, 8],
			"color": 0,
			"nbt": "{}",
			"armAnimationEnabled": false,
			"children": [51, 52, 53, 54, 55, 56, 57, 58, 59, 60, 61, 62, 63, 64, 65, 66, 67, 68, 69, 70, 71, 72, 73, 74, 75, 76, 77, 78, 79, 80, 81, 82, 83, 84, 85, 86, 87, 88]
		},
		89,
		90,
		{
			"name": "lantern",
			"origin": [8, 8, 8],
			"color": 0,
			"nbt": "{}",
			"armAnimationEnabled": false,
			"children": [91, 92]
		},
		{
			"name": "group",
			"origin": [-4.5, 12.5, 2.5],
			"color": 0,
			"nbt": "{}",
			"armAnimationEnabled": false,
			"children": [
				93,
				{
					"name": "group",
					"origin": [11.25, 11.5, 20.25],
					"color": 0,
					"nbt": "{}",
					"armAnimationEnabled": false,
					"children": [94, 95]
				},
				{
					"name": "group",
					"origin": [11.25, 11.5, 20.25],
					"color": 0,
					"nbt": "{}",
					"armAnimationEnabled": false,
					"children": [96, 97]
				},
				98,
				99,
				100,
				101,
				102,
				103
			]
		},
		{
			"name": "spyglass_model",
			"origin": [8, 8, 8],
			"color": 0,
			"nbt": "{}",
			"armAnimationEnabled": false,
			"children": [104]
		},
		{
			"name": "group",
			"origin": [18, 9.14805, 5.22836],
			"color": 0,
			"nbt": "{}",
			"armAnimationEnabled": false,
			"children": []
		},
		{
			"name": "cobweb",
			"origin": [8, 8, 8],
			"color": 0,
			"nbt": "{}",
			"armAnimationEnabled": false,
			"children": [
				105,
				106,
				107,
				108,
				109,
				110,
				111,
				112,
				113,
				114,
				115,
				116,
				117,
				118,
				119,
				120,
				121,
				122,
				123,
				124,
				125,
				126,
				127,
				128,
				129,
				130,
				131,
				132,
				133,
				134,
				135,
				136,
				137,
				138,
				139,
				140,
				141,
				142,
				143,
				144,
				145,
				146,
				147,
				148,
				149,
				150,
				151,
				152,
				153,
				154,
				155,
				156,
				157,
				158,
				159,
				160
			]
		},
		{
			"name": "filled_map",
			"origin": [8, 8, 8],
			"color": 0,
			"nbt": "{}",
			"armAnimationEnabled": false,
			"children": []
		},
		{
			"name": "group",
			"origin": [2.5, 10.25, 17.41456],
			"color": 0,
			"nbt": "{}",
			"armAnimationEnabled": false,
			"children": [161, 162, 163, 164, 165, 166, 167, 168]
		},
		169,
		170,
		171
	]
}