{
	"credit": "Made with Blockbench",
	"textures": {
		"1": "block/barrel_bottom",
		"2": "block/barrel_side",
		"particle": "block/barrel_top_open"
	},
	"elements": [
		{
			"from": [0, 0, 0],
			"to": [16, 1, 16],
			"faces": {
				"north": {"uv": [0, 0, 16, 1], "texture": "#1"},
				"east": {"uv": [0, 0, 16, 1], "texture": "#1"},
				"south": {"uv": [0, 0, 16, 1], "texture": "#1"},
				"west": {"uv": [0, 0, 16, 1], "texture": "#1"},
				"up": {"uv": [0, 0, 16, 16], "texture": "#1"},
				"down": {"uv": [0, 0, 16, 16], "texture": "#1"}
			}
		},
		{
			"from": [0, 1, 0],
			"to": [16, 16, 1],
			"faces": {
				"north": {"uv": [0, 0, 16, 15], "texture": "#2"},
				"east": {"uv": [0, 0, 1, 15], "texture": "#2"},
				"south": {"uv": [0, 0, 16, 15], "texture": "#1"},
				"west": {"uv": [0, 0, 1, 15], "texture": "#2"},
				"up": {"uv": [0, 0, 16, 1], "texture": "#1"},
				"down": {"uv": [0, 0, 16, 1], "texture": "#2"}
			}
		},
		{
			"from": [0, 1, 15],
			"to": [16, 16, 16],
			"faces": {
				"north": {"uv": [0, 0, 16, 15], "texture": "#1"},
				"east": {"uv": [0, 0, 1, 15], "texture": "#2"},
				"south": {"uv": [0, 0, 16, 15], "texture": "#2"},
				"west": {"uv": [0, 0, 1, 15], "texture": "#2"},
				"up": {"uv": [0, 15, 16, 16], "texture": "#1"},
				"down": {"uv": [0, 0, 16, 1], "texture": "#2"}
			}
		},
		{
			"from": [0, 1, 1],
			"to": [1, 16, 15],
			"faces": {
				"north": {"uv": [0, 0, 1, 15], "texture": "#2"},
				"east": {"uv": [1, 0, 15, 15], "texture": "#1"},
				"south": {"uv": [0, 0, 1, 15], "texture": "#2"},
				"west": {"uv": [1, 0, 15, 15], "texture": "#2"},
				"up": {"uv": [1, 15, 15, 16], "rotation": 90, "texture": "#1"},
				"down": {"uv": [0, 0, 1, 14], "texture": "#2"}
			}
		},
		{
			"from": [15, 1, 1],
			"to": [16, 16, 15],
			"faces": {
				"north": {"uv": [0, 0, 1, 15], "texture": "#2"},
				"east": {"uv": [1, 0, 15, 15], "texture": "#2"},
				"south": {"uv": [0, 0, 1, 15], "texture": "#2"},
				"west": {"uv": [1, 0, 15, 15], "texture": "#1"},
				"up": {"uv": [1, 0, 15, 1], "rotation": 90, "texture": "#1"},
				"down": {"uv": [0, 0, 1, 14], "texture": "#2"}
			}
		},
		{
			"from": [14.9, 16, 12],
			"to": [15.9, 19, 13],
			"faces": {
				"north": {"uv": [8, 0, 9, 3], "texture": "#2"},
				"east": {"uv": [8, 0, 9, 3], "texture": "#2"},
				"south": {"uv": [8, 0, 9, 3], "texture": "#2"},
				"west": {"uv": [8, 0, 9, 3], "texture": "#2"},
				"up": {"uv": [8, 0, 9, 1], "rotation": 90, "texture": "#2"},
				"down": {"uv": [8, 0, 9, 1], "texture": "#2"}
			}
		},
		{
			"from": [14.9, 16, 3],
			"to": [15.9, 19, 4],
			"faces": {
				"north": {"uv": [8, 0, 9, 3], "texture": "#2"},
				"east": {"uv": [8, 0, 9, 3], "texture": "#2"},
				"south": {"uv": [8, 0, 9, 3], "texture": "#2"},
				"west": {"uv": [8, 0, 9, 3], "texture": "#2"},
				"up": {"uv": [8, 0, 9, 1], "rotation": 90, "texture": "#2"},
				"down": {"uv": [8, 0, 9, 1], "texture": "#2"}
			}
		},
		{
			"from": [14.9, 18, 4],
			"to": [15.9, 19, 12],
			"faces": {
				"north": {"uv": [4, 1, 5, 2], "texture": "#2"},
				"east": {"uv": [4, 1, 12, 2], "texture": "#2"},
				"south": {"uv": [4, 1, 5, 2], "texture": "#2"},
				"west": {"uv": [4, 1, 12, 2], "texture": "#2"},
				"up": {"uv": [4, 1, 12, 2], "rotation": 90, "texture": "#2"},
				"down": {"uv": [4, 1, 12, 2], "rotation": 90, "texture": "#2"}
			}
		},
		{
			"from": [0.1, 16, 12],
			"to": [1.1, 19, 13],
			"faces": {
				"north": {"uv": [8, 0, 9, 3], "texture": "#2"},
				"east": {"uv": [8, 0, 9, 3], "texture": "#2"},
				"south": {"uv": [8, 0, 9, 3], "texture": "#2"},
				"west": {"uv": [8, 0, 9, 3], "texture": "#2"},
				"up": {"uv": [8, 0, 9, 1], "rotation": 90, "texture": "#2"},
				"down": {"uv": [8, 0, 9, 1], "texture": "#2"}
			}
		},
		{
			"from": [0.1, 16, 3],
			"to": [1.1, 19, 4],
			"faces": {
				"north": {"uv": [8, 0, 9, 3], "texture": "#2"},
				"east": {"uv": [8, 0, 9, 3], "texture": "#2"},
				"south": {"uv": [8, 0, 9, 3], "texture": "#2"},
				"west": {"uv": [8, 0, 9, 3], "texture": "#2"},
				"up": {"uv": [8, 0, 9, 1], "rotation": 90, "texture": "#2"},
				"down": {"uv": [8, 0, 9, 1], "texture": "#2"}
			}
		},
		{
			"from": [0.1, 18, 4],
			"to": [1.1, 19, 12],
			"faces": {
				"north": {"uv": [4, 1, 5, 2], "texture": "#2"},
				"east": {"uv": [4, 1, 12, 2], "texture": "#2"},
				"south": {"uv": [4, 1, 5, 2], "texture": "#2"},
				"west": {"uv": [4, 1, 12, 2], "texture": "#2"},
				"up": {"uv": [4, 1, 12, 2], "rotation": 90, "texture": "#2"},
				"down": {"uv": [4, 1, 12, 2], "rotation": 90, "texture": "#2"}
			}
		},
		{
			"from": [9, 16, 0.1],
			"to": [10, 18, 1.1],
			"rotation": {"angle": 0, "axis": "y", "origin": [8, 18, 8]},
			"faces": {
				"north": {"uv": [5, 5, 6, 7], "texture": "#2"},
				"east": {"uv": [5, 5, 6, 7], "texture": "#2"},
				"south": {"uv": [5, 5, 6, 7], "texture": "#2"},
				"west": {"uv": [5, 5, 6, 7], "texture": "#2"},
				"up": {"uv": [5, 5, 6, 6], "texture": "#2"},
				"down": {"uv": [5, 5, 6, 6], "rotation": 90, "texture": "#2"}
			}
		},
		{
			"from": [6, 16, 0.1],
			"to": [7, 18, 1.1],
			"rotation": {"angle": 0, "axis": "y", "origin": [8, 18, 8]},
			"faces": {
				"north": {"uv": [5, 5, 6, 7], "texture": "#2"},
				"east": {"uv": [5, 5, 6, 7], "texture": "#2"},
				"south": {"uv": [5, 5, 6, 7], "texture": "#2"},
				"west": {"uv": [5, 5, 6, 7], "texture": "#2"},
				"up": {"uv": [5, 5, 6, 6], "texture": "#2"},
				"down": {"uv": [5, 5, 6, 6], "rotation": 90, "texture": "#2"}
			}
		},
		{
			"from": [7, 17, 0.1],
			"to": [9, 18, 1.1],
			"rotation": {"angle": 0, "axis": "y", "origin": [8, 18, 8]},
			"faces": {
				"north": {"uv": [4, 5, 6, 6], "texture": "#2"},
				"east": {"uv": [4, 5, 5, 6], "texture": "#2"},
				"south": {"uv": [4, 5, 6, 6], "texture": "#2"},
				"west": {"uv": [4, 5, 5, 6], "texture": "#2"},
				"up": {"uv": [3, 5, 5, 6], "texture": "#2"},
				"down": {"uv": [4, 5, 6, 6], "rotation": 180, "texture": "#2"}
			}
		},
		{
			"from": [7, 17, 14.9],
			"to": [9, 18, 15.9],
			"rotation": {"angle": 0, "axis": "y", "origin": [8, 18, 8]},
			"faces": {
				"north": {"uv": [4, 5, 6, 6], "texture": "#2"},
				"east": {"uv": [4, 5, 5, 6], "texture": "#2"},
				"south": {"uv": [4, 5, 6, 6], "texture": "#2"},
				"west": {"uv": [4, 5, 5, 6], "texture": "#2"},
				"up": {"uv": [3, 5, 5, 6], "texture": "#2"},
				"down": {"uv": [4, 5, 6, 6], "rotation": 180, "texture": "#2"}
			}
		},
		{
			"from": [6, 16, 14.9],
			"to": [7, 18, 15.9],
			"rotation": {"angle": 0, "axis": "y", "origin": [8, 18, 8]},
			"faces": {
				"north": {"uv": [5, 5, 6, 7], "texture": "#2"},
				"east": {"uv": [5, 5, 6, 7], "texture": "#2"},
				"south": {"uv": [5, 5, 6, 7], "texture": "#2"},
				"west": {"uv": [5, 5, 6, 7], "texture": "#2"},
				"up": {"uv": [5, 5, 6, 6], "texture": "#2"},
				"down": {"uv": [5, 5, 6, 6], "rotation": 90, "texture": "#2"}
			}
		},
		{
			"from": [9, 16, 14.9],
			"to": [10, 18, 15.9],
			"rotation": {"angle": 0, "axis": "y", "origin": [8, 18, 8]},
			"faces": {
				"north": {"uv": [5, 5, 6, 7], "texture": "#2"},
				"east": {"uv": [5, 5, 6, 7], "texture": "#2"},
				"south": {"uv": [5, 5, 6, 7], "texture": "#2"},
				"west": {"uv": [5, 5, 6, 7], "texture": "#2"},
				"up": {"uv": [5, 5, 6, 6], "texture": "#2"},
				"down": {"uv": [5, 5, 6, 6], "rotation": 90, "texture": "#2"}
			}
		}
	],
	"display": {
		"thirdperson_righthand": {
			"rotation": [75, 45, 0],
			"translation": [0, 2.5, 0],
			"scale": [0.375, 0.375, 0.375]
		},
		"thirdperson_lefthand": {
			"rotation": [75, 45, 0],
			"translation": [0, 2.5, 0],
			"scale": [0.375, 0.375, 0.375]
		},
		"firstperson_righthand": {
			"rotation": [0, 45, 0],
			"scale": [0.4, 0.4, 0.4]
		},
		"firstperson_lefthand": {
			"rotation": [0, 225, 0],
			"scale": [0.4, 0.4, 0.4]
		},
		"ground": {
			"translation": [0, 3, 0],
			"scale": [0.25, 0.25, 0.25]
		},
		"gui": {
			"rotation": [30, 225, 0],
			"translation": [0, -0.5, 0],
			"scale": [0.625, 0.625, 0.625]
		},
		"fixed": {
			"rotation": [-90, 0, 0],
			"translation": [0, 0, -7.25]
		}
	}
}