{
	"credit": "Made with Blockbench",
	"textures": {
		"1": "block/barrel_bottom",
		"4": "block/stripped_spruce_log",
		"5": "block/spruce_log",
		"7": "block/iron_block",
		"8": "block/dark_oak_log",
		"9": "block/campfire_log",
		"10": "block/spruce_log_top",
		"particle": "block/barrel_top_open"
	},
	"elements": [
		{
			"from": [0, 0, 0],
			"to": [16, 1, 16],
			"faces": {
				"north": {"uv": [0, 0, 16, 1], "texture": "#5"},
				"east": {"uv": [0, 0, 16, 1], "texture": "#5"},
				"south": {"uv": [0, 0, 16, 1], "texture": "#5"},
				"west": {"uv": [0, 0, 16, 1], "texture": "#5"},
				"up": {"uv": [0, 0, 16, 16], "texture": "#5"},
				"down": {"uv": [0, 0, 16, 16], "texture": "#5"}
			}
		},
		{
			"from": [13, 1, 0],
			"to": [16, 14, 3],
			"faces": {
				"north": {"uv": [0, 0, 3, 13], "texture": "#5"},
				"east": {"uv": [0, 0, 3, 13], "texture": "#5"},
				"south": {"uv": [0, 0, 3, 13], "texture": "#5"},
				"west": {"uv": [0, 0, 3, 13], "texture": "#5"},
				"up": {"uv": [0, 0, 3, 3], "texture": "#5"},
				"down": {"uv": [0, 0, 3, 3], "texture": "#5"}
			}
		},
		{
			"from": [0, 1, 0],
			"to": [3, 14, 3],
			"faces": {
				"north": {"uv": [0, 0, 3, 13], "texture": "#5"},
				"east": {"uv": [0, 0, 3, 13], "texture": "#5"},
				"south": {"uv": [0, 0, 3, 13], "texture": "#5"},
				"west": {"uv": [0, 0, 3, 13], "texture": "#5"},
				"up": {"uv": [0, 0, 3, 3], "texture": "#5"},
				"down": {"uv": [0, 0, 3, 3], "texture": "#5"}
			}
		},
		{
			"from": [0, 1, 13],
			"to": [3, 14, 16],
			"faces": {
				"north": {"uv": [0, 0, 3, 13], "texture": "#5"},
				"east": {"uv": [0, 0, 3, 13], "texture": "#5"},
				"south": {"uv": [0, 0, 3, 13], "texture": "#5"},
				"west": {"uv": [0, 0, 3, 13], "texture": "#5"},
				"up": {"uv": [0, 0, 3, 3], "texture": "#5"},
				"down": {"uv": [0, 0, 3, 3], "texture": "#5"}
			}
		},
		{
			"from": [12, 16, 10],
			"to": [19, 19, 13],
			"rotation": {"angle": 45, "axis": "y", "origin": [9.5, 17.5, 14.5]},
			"faces": {
				"north": {"uv": [0, 0, 3, 7], "rotation": 270, "texture": "#5"},
				"east": {"uv": [5, 5, 11, 11], "rotation": 90, "texture": "#10"},
				"south": {"uv": [0, 0, 3, 7], "rotation": 90, "texture": "#5"},
				"west": {"uv": [5, 5, 11, 11], "rotation": 90, "texture": "#10"},
				"up": {"uv": [0, 0, 3, 7], "rotation": 90, "texture": "#5"},
				"down": {"uv": [0, 0, 3, 7], "rotation": 90, "texture": "#5"}
			}
		},
		{
			"from": [6, 16, 10],
			"to": [12, 17, 13],
			"rotation": {"angle": 45, "axis": "y", "origin": [9.5, 17.5, 14.5]},
			"faces": {
				"north": {"uv": [0, 0, 1, 6], "rotation": 270, "texture": "#5"},
				"east": {"uv": [0, 4, 1, 7], "rotation": 90, "texture": "#9"},
				"south": {"uv": [0, 0, 1, 6], "rotation": 90, "texture": "#5"},
				"west": {"uv": [9, 5, 11, 11], "rotation": 90, "texture": "#10"},
				"up": {"uv": [2, 8, 5, 13], "rotation": 90, "texture": "#10"},
				"down": {"uv": [0, 0, 3, 6], "rotation": 90, "texture": "#5"}
			}
		},
		{
			"from": [13, 1, 13],
			"to": [16, 14, 16],
			"faces": {
				"north": {"uv": [0, 0, 3, 13], "texture": "#5"},
				"east": {"uv": [0, 0, 3, 13], "texture": "#5"},
				"south": {"uv": [0, 0, 3, 13], "texture": "#5"},
				"west": {"uv": [0, 0, 3, 13], "texture": "#5"},
				"up": {"uv": [0, 0, 3, 3], "texture": "#5"},
				"down": {"uv": [0, 0, 3, 3], "texture": "#5"}
			}
		},
		{
			"from": [0, 14, 0],
			"to": [16, 16, 16],
			"faces": {
				"north": {"uv": [0, 0, 16, 2], "texture": "#1"},
				"east": {"uv": [0, 0, 16, 2], "texture": "#1"},
				"south": {"uv": [0, 0, 16, 2], "texture": "#1"},
				"west": {"uv": [0, 0, 16, 2], "texture": "#1"},
				"up": {"uv": [0, 0, 16, 16], "texture": "#1"},
				"down": {"uv": [0, 0, 16, 16], "texture": "#1"}
			}
		},
		{
			"from": [1, 16, 1],
			"to": [4, 18, 4],
			"faces": {
				"north": {"uv": [0, 0, 3, 2], "texture": "#8"},
				"east": {"uv": [0, 0, 3, 2], "texture": "#8"},
				"south": {"uv": [0, 0, 3, 2], "texture": "#8"},
				"west": {"uv": [0, 0, 3, 2], "texture": "#8"},
				"up": {"uv": [0, 0, 3, 3], "texture": "#8"},
				"down": {"uv": [0, 0, 3, 3], "texture": "#8"}
			}
		},
		{
			"from": [2, 17.1, 3],
			"to": [5, 17.1, 6],
			"faces": {
				"north": {"uv": [0, 0, 3, 0], "texture": "#7"},
				"east": {"uv": [0, 0, 3, 0], "texture": "#7"},
				"south": {"uv": [0, 0, 3, 0], "texture": "#7"},
				"west": {"uv": [0, 0, 3, 0], "texture": "#7"},
				"up": {"uv": [0, 11, 3, 14], "texture": "#7"},
				"down": {"uv": [0, 11, 3, 14], "texture": "#7"}
			}
		},
		{
			"from": [3, 17.1, 6],
			"to": [6, 17.1, 8],
			"faces": {
				"north": {"uv": [0, 0, 3, 0], "texture": "#7"},
				"east": {"uv": [0, 0, 2, 0], "texture": "#7"},
				"south": {"uv": [0, 0, 3, 0], "texture": "#7"},
				"west": {"uv": [0, 0, 2, 0], "texture": "#7"},
				"up": {"uv": [0, 11, 3, 13], "texture": "#7"},
				"down": {"uv": [0, 11, 3, 13], "texture": "#7"}
			}
		},
		{
			"from": [4, 17.1, 8],
			"to": [7, 17.1, 10],
			"faces": {
				"north": {"uv": [0, 0, 3, 0], "texture": "#7"},
				"east": {"uv": [0, 0, 2, 0], "texture": "#7"},
				"south": {"uv": [0, 0, 3, 0], "texture": "#7"},
				"west": {"uv": [0, 0, 2, 0], "texture": "#7"},
				"up": {"uv": [0, 11, 3, 13], "texture": "#7"},
				"down": {"uv": [0, 11, 3, 13], "texture": "#7"}
			}
		},
		{
			"from": [5, 17.1, 10],
			"to": [8, 17.1, 12],
			"faces": {
				"north": {"uv": [0, 0, 3, 0], "texture": "#7"},
				"east": {"uv": [0, 0, 2, 0], "texture": "#7"},
				"south": {"uv": [0, 0, 3, 0], "texture": "#7"},
				"west": {"uv": [0, 0, 2, 0], "texture": "#7"},
				"up": {"uv": [0, 11, 3, 13], "texture": "#7"},
				"down": {"uv": [0, 11, 3, 13], "texture": "#7"}
			}
		},
		{
			"from": [2, 8, 1],
			"to": [14, 13, 2],
			"rotation": {"angle": 0, "axis": "y", "origin": [8, 1.5, 7.5]},
			"faces": {
				"north": {"uv": [2, 3, 14, 8], "texture": "#1"},
				"east": {"uv": [2, 3, 3, 8], "texture": "#1"},
				"south": {"uv": [2, 3, 14, 8], "texture": "#1"},
				"west": {"uv": [2, 3, 3, 8], "texture": "#1"},
				"up": {"uv": [2, 3, 14, 4], "texture": "#1"},
				"down": {"uv": [2, 3, 14, 4], "texture": "#1"}
			}
		},
		{
			"from": [3, 1, 3],
			"to": [13, 14, 13],
			"rotation": {"angle": 0, "axis": "y", "origin": [8, 1.5, 7.5]},
			"faces": {
				"north": {"uv": [3, 2, 13, 15], "texture": "#4"},
				"east": {"uv": [3, 2, 13, 15], "texture": "#4"},
				"south": {"uv": [3, 2, 13, 15], "texture": "#4"},
				"west": {"uv": [3, 2, 13, 15], "texture": "#4"},
				"up": {"uv": [3, 2, 13, 12], "texture": "#4"},
				"down": {"uv": [3, 2, 13, 12], "texture": "#4"}
			}
		},
		{
			"from": [2, 8, 14],
			"to": [14, 13, 15],
			"rotation": {"angle": 0, "axis": "y", "origin": [8, 1.5, 7.5]},
			"faces": {
				"north": {"uv": [2, 3, 14, 8], "texture": "#1"},
				"east": {"uv": [2, 3, 3, 8], "texture": "#1"},
				"south": {"uv": [2, 3, 14, 8], "texture": "#1"},
				"west": {"uv": [2, 3, 3, 8], "texture": "#1"},
				"up": {"uv": [2, 3, 14, 4], "texture": "#1"},
				"down": {"uv": [2, 3, 14, 4], "texture": "#1"}
			}
		},
		{
			"from": [15, 8, 3],
			"to": [16, 13, 13],
			"rotation": {"angle": 0, "axis": "y", "origin": [8, 1.5, 7.5]},
			"faces": {
				"north": {"uv": [0, 0, 1, 5], "texture": "#1"},
				"east": {"uv": [3, 7, 13, 12], "texture": "#1"},
				"south": {"uv": [0, 0, 1, 5], "texture": "#1"},
				"west": {"uv": [3, 7, 13, 12], "texture": "#1"},
				"up": {"uv": [3, 7, 13, 8], "rotation": 270, "texture": "#1"},
				"down": {"uv": [3, 7, 13, 8], "rotation": 90, "texture": "#1"}
			}
		},
		{
			"from": [15.75, 10, 6],
			"to": [16.75, 11, 10],
			"rotation": {"angle": 0, "axis": "y", "origin": [8, 1.5, 7.5]},
			"faces": {
				"north": {"uv": [8, 3, 9, 4], "texture": "#5"},
				"east": {"uv": [6, 3, 10, 4], "texture": "#5"},
				"south": {"uv": [8, 3, 9, 4], "texture": "#5"},
				"west": {"uv": [6, 3, 10, 4], "texture": "#5"},
				"up": {"uv": [6, 3, 10, 4], "rotation": 270, "texture": "#5"},
				"down": {"uv": [6, 3, 10, 4], "rotation": 90, "texture": "#5"}
			}
		},
		{
			"from": [-0.5, 10, 6],
			"to": [0.5, 11, 10],
			"rotation": {"angle": 0, "axis": "y", "origin": [8, 1.5, 7.5]},
			"faces": {
				"north": {"uv": [8, 3, 9, 4], "texture": "#5"},
				"east": {"uv": [6, 3, 10, 4], "texture": "#5"},
				"south": {"uv": [8, 3, 9, 4], "texture": "#5"},
				"west": {"uv": [6, 3, 10, 4], "texture": "#5"},
				"up": {"uv": [6, 3, 10, 4], "rotation": 270, "texture": "#5"},
				"down": {"uv": [6, 3, 10, 4], "rotation": 90, "texture": "#5"}
			}
		},
		{
			"from": [13, 8, 3],
			"to": [15, 9, 13],
			"rotation": {"angle": 0, "axis": "y", "origin": [8, 1.5, 7.5]},
			"faces": {
				"north": {"uv": [0, 0, 2, 1], "texture": "#1"},
				"east": {"uv": [3, 3, 13, 4], "texture": "#1"},
				"south": {"uv": [0, 0, 2, 1], "texture": "#1"},
				"west": {"uv": [3, 3, 13, 4], "texture": "#1"},
				"up": {"uv": [3, 3, 13, 5], "rotation": 270, "texture": "#1"},
				"down": {"uv": [3, 3, 13, 5], "rotation": 90, "texture": "#1"}
			}
		},
		{
			"from": [0, 8, 3],
			"to": [1, 13, 13],
			"rotation": {"angle": 0, "axis": "y", "origin": [8, 1.5, 7.5]},
			"faces": {
				"north": {"uv": [2, 3, 3, 8], "texture": "#1"},
				"east": {"uv": [2, 3, 12, 8], "texture": "#1"},
				"south": {"uv": [2, 3, 3, 8], "texture": "#1"},
				"west": {"uv": [2, 3, 12, 8], "texture": "#1"},
				"up": {"uv": [2, 3, 12, 4], "rotation": 270, "texture": "#1"},
				"down": {"uv": [2, 3, 12, 4], "rotation": 90, "texture": "#1"}
			}
		},
		{
			"from": [1, 8, 3],
			"to": [3, 9, 13],
			"rotation": {"angle": 0, "axis": "y", "origin": [8, 1.5, 7.5]},
			"faces": {
				"north": {"uv": [3, 2, 5, 3], "texture": "#1"},
				"east": {"uv": [3, 2, 13, 3], "texture": "#1"},
				"south": {"uv": [3, 2, 5, 3], "texture": "#1"},
				"west": {"uv": [3, 2, 13, 3], "texture": "#1"},
				"up": {"uv": [3, 2, 13, 4], "rotation": 270, "texture": "#1"},
				"down": {"uv": [3, 2, 13, 4], "rotation": 90, "texture": "#1"}
			}
		},
		{
			"from": [14, 2, 3],
			"to": [15, 7, 13],
			"rotation": {"angle": 0, "axis": "y", "origin": [8, 1.5, 7.5]},
			"faces": {
				"north": {"uv": [0, 0, 1, 5], "texture": "#1"},
				"east": {"uv": [3, 3, 13, 8], "texture": "#1"},
				"south": {"uv": [0, 0, 1, 5], "texture": "#1"},
				"west": {"uv": [3, 3, 13, 8], "texture": "#1"},
				"up": {"uv": [3, 3, 13, 4], "rotation": 270, "texture": "#1"},
				"down": {"uv": [3, 3, 13, 4], "rotation": 90, "texture": "#1"}
			}
		},
		{
			"from": [2, 2, 14],
			"to": [14, 7, 15],
			"rotation": {"angle": 0, "axis": "y", "origin": [8, 1.5, 7.5]},
			"faces": {
				"north": {"uv": [2, 3, 14, 8], "texture": "#1"},
				"east": {"uv": [2, 3, 3, 8], "texture": "#1"},
				"south": {"uv": [2, 3, 14, 8], "texture": "#1"},
				"west": {"uv": [2, 3, 3, 8], "texture": "#1"},
				"up": {"uv": [2, 3, 14, 4], "texture": "#1"},
				"down": {"uv": [2, 3, 14, 4], "texture": "#1"}
			}
		},
		{
			"from": [1, 2, 3],
			"to": [2, 7, 13],
			"rotation": {"angle": 0, "axis": "y", "origin": [8, 1.5, 7.5]},
			"faces": {
				"north": {"uv": [2, 3, 3, 8], "texture": "#1"},
				"east": {"uv": [2, 3, 12, 8], "texture": "#1"},
				"south": {"uv": [2, 3, 3, 8], "texture": "#1"},
				"west": {"uv": [2, 3, 12, 8], "texture": "#1"},
				"up": {"uv": [2, 3, 12, 4], "rotation": 270, "texture": "#1"},
				"down": {"uv": [2, 3, 12, 4], "rotation": 90, "texture": "#1"}
			}
		},
		{
			"from": [3, 2, 0],
			"to": [13, 7, 1],
			"rotation": {"angle": 0, "axis": "y", "origin": [8, 1.5, 7.5]},
			"faces": {
				"north": {"uv": [3, 7, 13, 12], "texture": "#1"},
				"east": {"uv": [3, 7, 4, 12], "texture": "#1"},
				"south": {"uv": [3, 7, 13, 12], "texture": "#1"},
				"west": {"uv": [3, 7, 4, 12], "texture": "#1"},
				"up": {"uv": [3, 7, 13, 8], "texture": "#1"},
				"down": {"uv": [3, 7, 13, 8], "texture": "#1"}
			}
		},
		{
			"from": [3, 2, 1],
			"to": [13, 3, 3],
			"rotation": {"angle": 0, "axis": "y", "origin": [8, 1.5, 7.5]},
			"faces": {
				"north": {"uv": [3, 6, 13, 7], "texture": "#1"},
				"east": {"uv": [3, 6, 5, 7], "texture": "#1"},
				"south": {"uv": [3, 6, 13, 7], "texture": "#1"},
				"west": {"uv": [3, 6, 5, 7], "texture": "#1"},
				"up": {"uv": [3, 6, 13, 8], "texture": "#1"},
				"down": {"uv": [3, 6, 13, 8], "texture": "#1"}
			}
		},
		{
			"from": [3, 2, 12],
			"to": [13, 3, 14],
			"rotation": {"angle": 0, "axis": "y", "origin": [8, 1.5, 7.5]},
			"faces": {
				"north": {"uv": [3, 7, 13, 8], "texture": "#1"},
				"east": {"uv": [3, 7, 5, 8], "texture": "#1"},
				"south": {"uv": [3, 7, 13, 8], "texture": "#1"},
				"west": {"uv": [3, 7, 5, 8], "texture": "#1"},
				"up": {"uv": [3, 7, 13, 9], "texture": "#1"},
				"down": {"uv": [3, 7, 13, 9], "texture": "#1"}
			}
		},
		{
			"from": [6, 4, -0.5],
			"to": [10, 5, 0.5],
			"rotation": {"angle": 0, "axis": "y", "origin": [8, 1.5, 7.5]},
			"faces": {
				"north": {"uv": [3, 7, 7, 8], "texture": "#5"},
				"east": {"uv": [3, 7, 4, 8], "texture": "#5"},
				"south": {"uv": [3, 7, 7, 8], "texture": "#5"},
				"west": {"uv": [3, 7, 4, 8], "texture": "#5"},
				"up": {"uv": [3, 7, 7, 8], "texture": "#5"},
				"down": {"uv": [3, 7, 7, 8], "texture": "#5"}
			}
		},
		{
			"from": [6, 4, 14.5],
			"to": [10, 5, 15.5],
			"rotation": {"angle": 0, "axis": "y", "origin": [8, 1.5, 7.5]},
			"faces": {
				"north": {"uv": [3, 7, 7, 8], "texture": "#5"},
				"east": {"uv": [3, 7, 4, 8], "texture": "#5"},
				"south": {"uv": [3, 7, 7, 8], "texture": "#5"},
				"west": {"uv": [3, 7, 4, 8], "texture": "#5"},
				"up": {"uv": [3, 7, 7, 8], "texture": "#5"},
				"down": {"uv": [3, 7, 7, 8], "texture": "#5"}
			}
		}
	],
	"display": {
		"thirdperson_righthand": {
			"rotation": [75, 45, 0],
			"translation": [0, 2.5, 0],
			"scale": [0.375, 0.375, 0.375]
		},
		"thirdperson_lefthand": {
			"rotation": [75, 45, 0],
			"translation": [0, 2.5, 0],
			"scale": [0.375, 0.375, 0.375]
		},
		"firstperson_righthand": {
			"rotation": [0, 45, 0],
			"scale": [0.4, 0.4, 0.4]
		},
		"firstperson_lefthand": {
			"rotation": [0, 225, 0],
			"scale": [0.4, 0.4, 0.4]
		},
		"ground": {
			"translation": [0, 3, 0],
			"scale": [0.25, 0.25, 0.25]
		},
		"gui": {
			"rotation": [30, 225, 0],
			"translation": [0, -0.5, 0],
			"scale": [0.625, 0.625, 0.625]
		},
		"fixed": {
			"rotation": [-90, 0, 0],
			"translation": [0, 0, -7.25]
		}
	}
}