{
	"credit": "Made with Blockbench",
	"textures": {
		"1": "block/barrel_bottom",
		"4": "block/spruce_planks",
		"6": "block/stripped_dark_oak_log",
		"7": "block/stripped_spruce_log",
		"13": "block/target_top",
		"15": "block/hay_block_top",
		"16": "item/arrow",
		"17": "item/bow",
		"18": "item/stick",
		"particle": "block/barrel_top_open"
	},
	"elements": [
		{
			"from": [0, 0, 0],
			"to": [16, 1, 16],
			"faces": {
				"north": {"uv": [0, 0, 16, 1], "texture": "#1"},
				"east": {"uv": [0, 0, 16, 1], "texture": "#1"},
				"south": {"uv": [0, 0, 16, 1], "texture": "#1"},
				"west": {"uv": [0, 0, 16, 1], "texture": "#1"},
				"up": {"uv": [0, 0, 16, 16], "texture": "#1"},
				"down": {"uv": [0, 0, 16, 16], "texture": "#1"}
			}
		},
		{
			"from": [0, 1, 14],
			"to": [2, 15, 16],
			"faces": {
				"north": {"uv": [0, 0, 2, 14], "texture": "#4"},
				"east": {"uv": [0, 0, 2, 14], "texture": "#4"},
				"south": {"uv": [0, 0, 2, 14], "texture": "#4"},
				"west": {"uv": [0, 0, 2, 14], "texture": "#4"},
				"up": {"uv": [0, 0, 2, 2], "texture": "#4"},
				"down": {"uv": [0, 0, 2, 2], "texture": "#4"}
			}
		},
		{
			"from": [2, 2, 14],
			"to": [14, 4, 15],
			"rotation": {"angle": 0, "axis": "y", "origin": [2, 1, 0]},
			"faces": {
				"north": {"uv": [2, 2, 14, 4], "texture": "#4"},
				"east": {"uv": [0, 0, 1, 2], "texture": "#4"},
				"south": {"uv": [2, 2, 14, 4], "texture": "#4"},
				"west": {"uv": [0, 0, 1, 2], "texture": "#4"},
				"up": {"uv": [0, 0, 12, 1], "texture": "#4"},
				"down": {"uv": [0, 0, 12, 1], "texture": "#4"}
			}
		},
		{
			"from": [2, 5, 14],
			"to": [14, 7, 15],
			"rotation": {"angle": 0, "axis": "y", "origin": [2, 4, 0]},
			"faces": {
				"north": {"uv": [2, 2, 14, 4], "texture": "#4"},
				"east": {"uv": [0, 0, 1, 2], "texture": "#4"},
				"south": {"uv": [2, 2, 14, 4], "texture": "#4"},
				"west": {"uv": [0, 0, 1, 2], "texture": "#4"},
				"up": {"uv": [0, 0, 12, 1], "texture": "#4"},
				"down": {"uv": [0, 0, 12, 1], "texture": "#4"}
			}
		},
		{
			"from": [14, 1, 14],
			"to": [16, 15, 16],
			"faces": {
				"north": {"uv": [0, 0, 2, 14], "texture": "#4"},
				"east": {"uv": [0, 0, 2, 14], "texture": "#4"},
				"south": {"uv": [0, 0, 2, 14], "texture": "#4"},
				"west": {"uv": [0, 0, 2, 14], "texture": "#4"},
				"up": {"uv": [0, 0, 2, 2], "texture": "#4"},
				"down": {"uv": [0, 0, 2, 2], "texture": "#4"}
			}
		},
		{
			"from": [14, 1, 0],
			"to": [16, 15, 2],
			"faces": {
				"north": {"uv": [0, 0, 2, 14], "texture": "#4"},
				"east": {"uv": [0, 0, 2, 14], "texture": "#4"},
				"south": {"uv": [0, 0, 2, 14], "texture": "#4"},
				"west": {"uv": [0, 0, 2, 14], "texture": "#4"},
				"up": {"uv": [0, 0, 2, 2], "texture": "#4"},
				"down": {"uv": [0, 0, 2, 2], "texture": "#4"}
			}
		},
		{
			"from": [15, 9, 2],
			"to": [16, 11, 14],
			"rotation": {"angle": 0, "axis": "y", "origin": [1, 8, 2]},
			"faces": {
				"north": {"uv": [0, 0, 1, 2], "texture": "#4"},
				"east": {"uv": [2, 2, 14, 4], "texture": "#4"},
				"south": {"uv": [0, 0, 1, 2], "texture": "#4"},
				"west": {"uv": [2, 2, 14, 4], "texture": "#4"},
				"up": {"uv": [0, 0, 1, 12], "texture": "#4"},
				"down": {"uv": [0, 0, 1, 12], "texture": "#4"}
			}
		},
		{
			"from": [12, 1, 2],
			"to": [14, 15, 4],
			"faces": {
				"north": {"uv": [0, 0, 2, 14], "texture": "#7"},
				"east": {"uv": [0, 0, 2, 14], "texture": "#7"},
				"south": {"uv": [0, 0, 2, 14], "texture": "#7"},
				"west": {"uv": [0, 0, 2, 14], "texture": "#7"},
				"up": {"uv": [0, 0, 2, 2], "texture": "#7"},
				"down": {"uv": [0, 0, 2, 2], "texture": "#7"}
			}
		},
		{
			"from": [2, 1, 2],
			"to": [4, 15, 4],
			"faces": {
				"north": {"uv": [0, 0, 2, 14], "texture": "#7"},
				"east": {"uv": [0, 0, 2, 14], "texture": "#7"},
				"south": {"uv": [0, 0, 2, 14], "texture": "#7"},
				"west": {"uv": [0, 0, 2, 14], "texture": "#7"},
				"up": {"uv": [0, 0, 2, 2], "texture": "#7"},
				"down": {"uv": [0, 0, 2, 2], "texture": "#7"}
			}
		},
		{
			"from": [4, 1, 12],
			"to": [12, 14, 12],
			"rotation": {"angle": 0, "axis": "y", "origin": [8, 7.5, 8]},
			"faces": {
				"north": {"uv": [0, 0, 8, 13], "texture": "#6"},
				"east": {"uv": [0, 0, 0, 13], "texture": "#6"},
				"south": {"uv": [0, 0, 8, 13], "texture": "#6"},
				"west": {"uv": [0, 0, 0, 13], "texture": "#6"},
				"up": {"uv": [0, 0, 8, 0], "texture": "#6"},
				"down": {"uv": [0, 0, 8, 0], "texture": "#6"}
			}
		},
		{
			"from": [4, 1, 4],
			"to": [12, 14, 4],
			"rotation": {"angle": 0, "axis": "y", "origin": [8, 7.5, 8]},
			"faces": {
				"north": {"uv": [0, 0, 8, 13], "texture": "#6"},
				"east": {"uv": [0, 0, 0, 13], "texture": "#6"},
				"south": {"uv": [0, 0, 8, 13], "texture": "#6"},
				"west": {"uv": [0, 0, 0, 13], "texture": "#6"},
				"up": {"uv": [0, 0, 8, 0], "texture": "#6"},
				"down": {"uv": [0, 0, 8, 0], "texture": "#6"}
			}
		},
		{
			"from": [4, 1, 4],
			"to": [4, 14, 12],
			"rotation": {"angle": 0, "axis": "y", "origin": [8, 7.5, 8]},
			"faces": {
				"north": {"uv": [0, 0, 0, 13], "texture": "#6"},
				"east": {"uv": [0, 0, 8, 13], "texture": "#6"},
				"south": {"uv": [0, 0, 0, 13], "texture": "#6"},
				"west": {"uv": [0, 0, 8, 13], "texture": "#6"},
				"up": {"uv": [0, 0, 8, 0], "rotation": 270, "texture": "#6"},
				"down": {"uv": [0, 0, 8, 0], "rotation": 90, "texture": "#6"}
			}
		},
		{
			"from": [12, 1, 4],
			"to": [12, 14, 12],
			"rotation": {"angle": 0, "axis": "y", "origin": [8, 7.5, 8]},
			"faces": {
				"north": {"uv": [0, 0, 0, 13], "texture": "#6"},
				"east": {"uv": [0, 0, 8, 13], "texture": "#6"},
				"south": {"uv": [0, 0, 0, 13], "texture": "#6"},
				"west": {"uv": [0, 0, 8, 13], "texture": "#6"},
				"up": {"uv": [0, 0, 8, 0], "rotation": 270, "texture": "#6"},
				"down": {"uv": [0, 0, 8, 0], "rotation": 90, "texture": "#6"}
			}
		},
		{
			"from": [2, 1, 12],
			"to": [4, 15, 14],
			"faces": {
				"north": {"uv": [0, 0, 2, 14], "texture": "#7"},
				"east": {"uv": [0, 0, 2, 14], "texture": "#7"},
				"south": {"uv": [0, 0, 2, 14], "texture": "#7"},
				"west": {"uv": [0, 0, 2, 14], "texture": "#7"},
				"up": {"uv": [0, 0, 2, 2], "texture": "#7"},
				"down": {"uv": [0, 0, 2, 2], "texture": "#7"}
			}
		},
		{
			"from": [12, 1, 12],
			"to": [14, 15, 14],
			"faces": {
				"north": {"uv": [0, 0, 2, 14], "texture": "#7"},
				"east": {"uv": [0, 0, 2, 14], "texture": "#7"},
				"south": {"uv": [0, 0, 2, 14], "texture": "#7"},
				"west": {"uv": [0, 0, 2, 14], "texture": "#7"},
				"up": {"uv": [0, 0, 2, 2], "texture": "#7"},
				"down": {"uv": [0, 0, 2, 2], "texture": "#7"}
			}
		},
		{
			"from": [0, 1, 0],
			"to": [2, 15, 2],
			"faces": {
				"north": {"uv": [0, 0, 2, 14], "texture": "#4"},
				"east": {"uv": [0, 0, 2, 14], "texture": "#4"},
				"south": {"uv": [0, 0, 2, 14], "texture": "#4"},
				"west": {"uv": [0, 0, 2, 14], "texture": "#4"},
				"up": {"uv": [0, 0, 2, 2], "texture": "#4"},
				"down": {"uv": [0, 0, 2, 2], "texture": "#4"}
			}
		},
		{
			"from": [1, 2, 2],
			"to": [2, 4, 14],
			"rotation": {"angle": 0, "axis": "y", "origin": [0, 1, 2]},
			"faces": {
				"north": {"uv": [0, 0, 1, 2], "texture": "#4"},
				"east": {"uv": [0, 0, 12, 2], "texture": "#4"},
				"south": {"uv": [0, 0, 1, 2], "texture": "#4"},
				"west": {"uv": [0, 0, 12, 2], "texture": "#4"},
				"up": {"uv": [0, 0, 1, 12], "texture": "#4"},
				"down": {"uv": [0, 0, 1, 12], "texture": "#4"}
			}
		},
		{
			"from": [1, 5, 2],
			"to": [2, 7, 14],
			"rotation": {"angle": 0, "axis": "y", "origin": [0, 4, 2]},
			"faces": {
				"north": {"uv": [0, 0, 1, 2], "texture": "#4"},
				"east": {"uv": [0, 0, 12, 2], "texture": "#4"},
				"south": {"uv": [0, 0, 1, 2], "texture": "#4"},
				"west": {"uv": [0, 0, 12, 2], "texture": "#4"},
				"up": {"uv": [0, 0, 1, 12], "texture": "#4"},
				"down": {"uv": [0, 0, 1, 12], "texture": "#4"}
			}
		},
		{
			"from": [0, 15, 0],
			"to": [2, 16, 16],
			"faces": {
				"north": {"uv": [0, 0, 2, 1], "texture": "#7"},
				"east": {"uv": [0, 0, 16, 1], "texture": "#7"},
				"south": {"uv": [0, 0, 2, 1], "texture": "#7"},
				"west": {"uv": [0, 0, 16, 1], "texture": "#7"},
				"up": {"uv": [0, 0, 2, 16], "texture": "#7"},
				"down": {"uv": [0, 0, 2, 16], "texture": "#7"}
			}
		},
		{
			"from": [2, 15, 14],
			"to": [14, 16, 16],
			"faces": {
				"north": {"uv": [0, 0, 12, 1], "texture": "#7"},
				"east": {"uv": [0, 0, 2, 1], "texture": "#7"},
				"south": {"uv": [0, 0, 12, 1], "texture": "#7"},
				"west": {"uv": [0, 0, 2, 1], "texture": "#7"},
				"up": {"uv": [0, 0, 12, 2], "texture": "#7"},
				"down": {"uv": [0, 0, 12, 2], "texture": "#7"}
			}
		},
		{
			"from": [2, 15, 0],
			"to": [14, 16, 2],
			"faces": {
				"north": {"uv": [0, 0, 12, 1], "texture": "#7"},
				"east": {"uv": [0, 0, 2, 1], "texture": "#7"},
				"south": {"uv": [0, 0, 12, 1], "texture": "#7"},
				"west": {"uv": [0, 0, 2, 1], "texture": "#7"},
				"up": {"uv": [0, 0, 12, 2], "texture": "#7"},
				"down": {"uv": [0, 0, 12, 2], "texture": "#7"}
			}
		},
		{
			"from": [2, 2, 1],
			"to": [14, 4, 2],
			"faces": {
				"north": {"uv": [2, 2, 14, 4], "texture": "#4"},
				"east": {"uv": [0, 0, 1, 2], "texture": "#4"},
				"south": {"uv": [2, 2, 14, 4], "texture": "#4"},
				"west": {"uv": [0, 0, 1, 2], "texture": "#4"},
				"up": {"uv": [2, 2, 14, 3], "texture": "#4"},
				"down": {"uv": [2, 2, 14, 3], "texture": "#4"}
			}
		},
		{
			"from": [2, 5, 1],
			"to": [14, 7, 2],
			"rotation": {"angle": 0, "axis": "y", "origin": [0, -2, 0]},
			"faces": {
				"north": {"uv": [2, 2, 14, 4], "texture": "#4"},
				"east": {"uv": [0, 0, 1, 2], "texture": "#4"},
				"south": {"uv": [2, 2, 14, 4], "texture": "#4"},
				"west": {"uv": [0, 0, 1, 2], "texture": "#4"},
				"up": {"uv": [2, 2, 14, 3], "texture": "#4"},
				"down": {"uv": [2, 2, 14, 3], "texture": "#4"}
			}
		},
		{
			"from": [4, 14, 2],
			"to": [12, 15, 14],
			"rotation": {"angle": 0, "axis": "y", "origin": [8, 14.5, 8]},
			"faces": {
				"north": {"uv": [0, 0, 8, 1], "texture": "#6"},
				"east": {"uv": [0, 0, 12, 1], "texture": "#6"},
				"south": {"uv": [0, 0, 8, 1], "texture": "#6"},
				"west": {"uv": [0, 0, 12, 1], "texture": "#6"},
				"up": {"uv": [4, 2, 12, 14], "texture": "#6"},
				"down": {"uv": [4, 2, 12, 14], "texture": "#6"}
			}
		},
		{
			"from": [12, 14, 4],
			"to": [14, 15, 12],
			"rotation": {"angle": 0, "axis": "y", "origin": [8, 14.5, 8]},
			"faces": {
				"north": {"uv": [0, 0, 2, 1], "texture": "#6"},
				"east": {"uv": [0, 0, 8, 1], "texture": "#6"},
				"south": {"uv": [0, 0, 2, 1], "texture": "#6"},
				"west": {"uv": [0, 0, 8, 1], "texture": "#6"},
				"up": {"uv": [4, 0, 12, 2], "rotation": 270, "texture": "#6"},
				"down": {"uv": [4, 0, 12, 2], "rotation": 90, "texture": "#6"}
			}
		},
		{
			"from": [2, 14, 4],
			"to": [4, 15, 12],
			"rotation": {"angle": 0, "axis": "y", "origin": [8, 14.5, 8]},
			"faces": {
				"north": {"uv": [0, 0, 2, 1], "texture": "#6"},
				"east": {"uv": [0, 0, 8, 1], "texture": "#6"},
				"south": {"uv": [0, 0, 2, 1], "texture": "#6"},
				"west": {"uv": [0, 0, 8, 1], "texture": "#6"},
				"up": {"uv": [4, 14, 12, 16], "rotation": 270, "texture": "#6"},
				"down": {"uv": [4, 0, 12, 2], "rotation": 90, "texture": "#6"}
			}
		},
		{
			"from": [14, 15, 0],
			"to": [16, 16, 16],
			"faces": {
				"north": {"uv": [0, 0, 2, 1], "texture": "#7"},
				"east": {"uv": [0, 0, 16, 1], "texture": "#7"},
				"south": {"uv": [0, 0, 2, 1], "texture": "#7"},
				"west": {"uv": [0, 0, 16, 1], "texture": "#7"},
				"up": {"uv": [14, 0, 16, 16], "texture": "#7"},
				"down": {"uv": [0, 0, 2, 16], "texture": "#7"}
			}
		},
		{
			"name": "arrow_0",
			"from": [12.08385, 8.92542, 2.85],
			"to": [13.64385, 9.96542, 3.37],
			"rotation": {"angle": 45, "axis": "z", "origin": [10.26385, 6.45542, 3.11]},
			"faces": {
				"north": {"uv": [12, 4, 15, 2], "rotation": 180, "texture": "#16"},
				"east": {"uv": [14, 2, 15, 4], "texture": "#16"},
				"south": {"uv": [12, 2, 15, 4], "texture": "#16"},
				"west": {"uv": [12, 2, 13, 4], "texture": "#16"},
				"up": {"uv": [15, 2, 12, 3], "rotation": 180, "texture": "#16"},
				"down": {"uv": [12, 3, 15, 4], "texture": "#16"}
			}
		},
		{
			"name": "arrow_1",
			"from": [11.04385, 7.88542, 2.85],
			"to": [12.08385, 9.44542, 3.37],
			"rotation": {"angle": 45, "axis": "z", "origin": [10.26385, 6.45542, 3.11]},
			"faces": {
				"north": {"uv": [10, 6, 12, 3], "rotation": 180, "texture": "#16"},
				"east": {"uv": [11, 3, 12, 6], "texture": "#16"},
				"south": {"uv": [10, 3, 12, 6], "texture": "#16"},
				"west": {"uv": [10, 3, 11, 6], "texture": "#16"},
				"up": {"uv": [12, 3, 10, 4], "rotation": 180, "texture": "#16"},
				"down": {"uv": [10, 5, 12, 6], "texture": "#16"}
			}
		},
		{
			"name": "arrow_2",
			"from": [12.08385, 7.88542, 2.85],
			"to": [13.12385, 8.92542, 3.37],
			"rotation": {"angle": 45, "axis": "z", "origin": [10.26385, 6.45542, 3.11]},
			"faces": {
				"north": {"uv": [12, 6, 14, 4], "rotation": 180, "texture": "#16"},
				"east": {"uv": [13, 4, 14, 6], "texture": "#16"},
				"south": {"uv": [12, 4, 14, 6], "texture": "#16"},
				"west": {"uv": [12, 4, 13, 6], "texture": "#16"},
				"up": {"uv": [14, 4, 12, 5], "rotation": 180, "texture": "#16"},
				"down": {"uv": [12, 5, 14, 6], "texture": "#16"}
			}
		},
		{
			"name": "arrow_3",
			"from": [10.52385, 7.36542, 2.85],
			"to": [11.56385, 7.88542, 3.37],
			"rotation": {"angle": 45, "axis": "z", "origin": [10.26385, 6.45542, 3.11]},
			"faces": {
				"north": {"uv": [9, 7, 11, 6], "rotation": 180, "texture": "#16"},
				"east": {"uv": [10, 6, 11, 7], "texture": "#16"},
				"south": {"uv": [9, 6, 11, 7], "texture": "#16"},
				"west": {"uv": [9, 6, 10, 7], "texture": "#16"},
				"up": {"uv": [11, 6, 9, 7], "rotation": 180, "texture": "#16"},
				"down": {"uv": [9, 6, 11, 7], "texture": "#16"}
			}
		},
		{
			"name": "arrow_4",
			"from": [12.08385, 7.36542, 2.85],
			"to": [12.60385, 7.88542, 3.37],
			"rotation": {"angle": 45, "axis": "z", "origin": [10.26385, 6.45542, 3.11]},
			"faces": {
				"north": {"uv": [12, 7, 13, 6], "rotation": 180, "texture": "#16"},
				"east": {"uv": [12, 6, 13, 7], "texture": "#16"},
				"south": {"uv": [12, 6, 13, 7], "texture": "#16"},
				"west": {"uv": [12, 6, 13, 7], "texture": "#16"},
				"up": {"uv": [13, 6, 12, 7], "rotation": 180, "texture": "#16"},
				"down": {"uv": [12, 6, 13, 7], "texture": "#16"}
			}
		},
		{
			"name": "arrow_5",
			"from": [10.00385, 6.84542, 2.85],
			"to": [11.04385, 7.36542, 3.37],
			"rotation": {"angle": 45, "axis": "z", "origin": [10.26385, 6.45542, 3.11]},
			"faces": {
				"north": {"uv": [8, 8, 10, 7], "rotation": 180, "texture": "#16"},
				"east": {"uv": [9, 7, 10, 8], "texture": "#16"},
				"south": {"uv": [8, 7, 10, 8], "texture": "#16"},
				"west": {"uv": [8, 7, 9, 8], "texture": "#16"},
				"up": {"uv": [10, 7, 8, 8], "rotation": 180, "texture": "#16"},
				"down": {"uv": [8, 7, 10, 8], "texture": "#16"}
			}
		},
		{
			"name": "arrow_6",
			"from": [9.48385, 6.32542, 2.85],
			"to": [10.52385, 6.84542, 3.37],
			"rotation": {"angle": 45, "axis": "z", "origin": [10.26385, 6.45542, 3.11]},
			"faces": {
				"north": {"uv": [7, 9, 9, 8], "rotation": 180, "texture": "#16"},
				"east": {"uv": [8, 8, 9, 9], "texture": "#16"},
				"south": {"uv": [7, 8, 9, 9], "texture": "#16"},
				"west": {"uv": [7, 8, 8, 9], "texture": "#16"},
				"up": {"uv": [9, 8, 7, 9], "rotation": 180, "texture": "#16"},
				"down": {"uv": [7, 8, 9, 9], "texture": "#16"}
			}
		},
		{
			"name": "arrow_7",
			"from": [8.96385, 5.80542, 2.85],
			"to": [10.00385, 6.32542, 3.37],
			"rotation": {"angle": 45, "axis": "z", "origin": [10.26385, 6.45542, 3.11]},
			"faces": {
				"north": {"uv": [6, 10, 8, 9], "rotation": 180, "texture": "#16"},
				"east": {"uv": [7, 9, 8, 10], "texture": "#16"},
				"south": {"uv": [6, 9, 8, 10], "texture": "#16"},
				"west": {"uv": [6, 9, 7, 10], "texture": "#16"},
				"up": {"uv": [8, 9, 6, 10], "rotation": 180, "texture": "#16"},
				"down": {"uv": [6, 9, 8, 10], "texture": "#16"}
			}
		},
		{
			"name": "arrow_8",
			"from": [8.44385, 5.28542, 2.85],
			"to": [9.48385, 5.80542, 3.37],
			"rotation": {"angle": 45, "axis": "z", "origin": [10.26385, 6.45542, 3.11]},
			"faces": {
				"north": {"uv": [5, 11, 7, 10], "rotation": 180, "texture": "#16"},
				"east": {"uv": [6, 10, 7, 11], "texture": "#16"},
				"south": {"uv": [5, 10, 7, 11], "texture": "#16"},
				"west": {"uv": [5, 10, 6, 11], "texture": "#16"},
				"up": {"uv": [7, 10, 5, 11], "rotation": 180, "texture": "#16"},
				"down": {"uv": [5, 10, 7, 11], "texture": "#16"}
			}
		},
		{
			"name": "arrow_9",
			"from": [7.40385, 4.24542, 2.85],
			"to": [8.96385, 5.28542, 3.37],
			"rotation": {"angle": 45, "axis": "z", "origin": [10.26385, 6.45542, 3.11]},
			"faces": {
				"north": {"uv": [3, 13, 6, 11], "rotation": 180, "texture": "#16"},
				"east": {"uv": [5, 11, 6, 13], "texture": "#16"},
				"south": {"uv": [3, 11, 6, 13], "texture": "#16"},
				"west": {"uv": [3, 11, 4, 13], "texture": "#16"},
				"up": {"uv": [6, 11, 3, 12], "rotation": 180, "texture": "#16"},
				"down": {"uv": [3, 12, 6, 13], "texture": "#16"}
			}
		},
		{
			"name": "arrow_10",
			"from": [6.88385, 3.72542, 2.85],
			"to": [7.40385, 4.76542, 3.37],
			"rotation": {"angle": 45, "axis": "z", "origin": [10.26385, 6.45542, 3.11]},
			"faces": {
				"north": {"uv": [2, 14, 3, 12], "rotation": 180, "texture": "#16"},
				"east": {"uv": [2, 12, 3, 14], "texture": "#16"},
				"south": {"uv": [2, 12, 3, 14], "texture": "#16"},
				"west": {"uv": [2, 12, 3, 14], "texture": "#16"},
				"up": {"uv": [3, 12, 2, 13], "rotation": 180, "texture": "#16"},
				"down": {"uv": [2, 13, 3, 14], "texture": "#16"}
			}
		},
		{
			"name": "arrow_11",
			"from": [7.40385, 3.72542, 2.85],
			"to": [8.44385, 4.24542, 3.37],
			"rotation": {"angle": 45, "axis": "z", "origin": [10.26385, 6.45542, 3.11]},
			"faces": {
				"north": {"uv": [3, 14, 5, 13], "rotation": 180, "texture": "#16"},
				"east": {"uv": [4, 13, 5, 14], "texture": "#16"},
				"south": {"uv": [3, 13, 5, 14], "texture": "#16"},
				"west": {"uv": [3, 13, 4, 14], "texture": "#16"},
				"up": {"uv": [5, 13, 3, 14], "rotation": 180, "texture": "#16"},
				"down": {"uv": [3, 13, 5, 14], "texture": "#16"}
			}
		},
		{
			"name": "arrow_12",
			"from": [7.40385, 3.20542, 2.85],
			"to": [7.92385, 3.72542, 3.37],
			"rotation": {"angle": 45, "axis": "z", "origin": [10.26385, 6.45542, 3.11]},
			"faces": {
				"north": {"uv": [3, 15, 4, 14], "rotation": 180, "texture": "#16"},
				"east": {"uv": [3, 14, 4, 15], "texture": "#16"},
				"south": {"uv": [3, 14, 4, 15], "texture": "#16"},
				"west": {"uv": [3, 14, 4, 15], "texture": "#16"},
				"up": {"uv": [4, 14, 3, 15], "rotation": 180, "texture": "#16"},
				"down": {"uv": [3, 14, 4, 15], "texture": "#16"}
			}
		},
		{
			"name": "bow_0",
			"from": [10.43028, 9.89425, 12.21],
			"to": [12.75028, 11.63425, 12.79],
			"rotation": {"angle": 45, "axis": "z", "origin": [8.98028, 7.57425, 12.5]},
			"faces": {
				"north": {"uv": [11, 4, 15, 1], "rotation": 180, "texture": "#17"},
				"east": {"uv": [14, 1, 15, 4], "texture": "#17"},
				"south": {"uv": [11, 1, 15, 4], "texture": "#17"},
				"west": {"uv": [11, 1, 12, 4], "texture": "#17"},
				"up": {"uv": [15, 1, 11, 2], "rotation": 180, "texture": "#17"},
				"down": {"uv": [11, 3, 15, 4], "texture": "#17"}
			}
		},
		{
			"name": "bow_1",
			"from": [8.69028, 9.31425, 12.21],
			"to": [10.43028, 11.05425, 12.79],
			"rotation": {"angle": 45, "axis": "z", "origin": [8.98028, 7.57425, 12.5]},
			"faces": {
				"north": {"uv": [8, 5, 11, 2], "rotation": 180, "texture": "#17"},
				"east": {"uv": [10, 2, 11, 5], "texture": "#17"},
				"south": {"uv": [8, 2, 11, 5], "texture": "#17"},
				"west": {"uv": [8, 2, 9, 5], "texture": "#17"},
				"up": {"uv": [11, 2, 8, 3], "rotation": 180, "texture": "#17"},
				"down": {"uv": [8, 4, 11, 5], "texture": "#17"}
			}
		},
		{
			"name": "bow_2",
			"from": [12.75028, 10.47425, 12.21],
			"to": [13.33028, 11.05425, 12.79],
			"rotation": {"angle": 45, "axis": "z", "origin": [8.98028, 7.57425, 12.5]},
			"faces": {
				"north": {"uv": [15, 3, 16, 2], "rotation": 180, "texture": "#17"},
				"east": {"uv": [15, 2, 16, 3], "texture": "#17"},
				"south": {"uv": [15, 2, 16, 3], "texture": "#17"},
				"west": {"uv": [15, 2, 16, 3], "texture": "#17"},
				"up": {"uv": [16, 2, 15, 3], "rotation": 180, "texture": "#17"},
				"down": {"uv": [15, 2, 16, 3], "texture": "#17"}
			}
		},
		{
			"name": "bow_3",
			"from": [7.53028, 8.73425, 12.21],
			"to": [8.69028, 10.47425, 12.79],
			"rotation": {"angle": 45, "axis": "z", "origin": [8.98028, 7.57425, 12.5]},
			"faces": {
				"north": {"uv": [6, 6, 8, 3], "rotation": 180, "texture": "#17"},
				"east": {"uv": [7, 3, 8, 6], "texture": "#17"},
				"south": {"uv": [6, 3, 8, 6], "texture": "#17"},
				"west": {"uv": [6, 3, 7, 6], "texture": "#17"},
				"up": {"uv": [8, 3, 6, 4], "rotation": 180, "texture": "#17"},
				"down": {"uv": [6, 5, 8, 6], "texture": "#17"}
			}
		},
		{
			"name": "bow_4",
			"from": [6.95028, 7.57425, 12.21],
			"to": [7.53028, 9.89425, 12.79],
			"rotation": {"angle": 45, "axis": "z", "origin": [8.98028, 7.57425, 12.5]},
			"faces": {
				"north": {"uv": [5, 8, 6, 4], "rotation": 180, "texture": "#17"},
				"east": {"uv": [5, 4, 6, 8], "texture": "#17"},
				"south": {"uv": [5, 4, 6, 8], "texture": "#17"},
				"west": {"uv": [5, 4, 6, 8], "texture": "#17"},
				"up": {"uv": [6, 4, 5, 5], "rotation": 180, "texture": "#17"},
				"down": {"uv": [5, 7, 6, 8], "texture": "#17"}
			}
		},
		{
			"name": "bow_5",
			"from": [11.59028, 9.31425, 12.21],
			"to": [12.17028, 9.89425, 12.79],
			"rotation": {"angle": 45, "axis": "z", "origin": [8.98028, 7.57425, 12.5]},
			"faces": {
				"north": {"uv": [13, 5, 14, 4], "rotation": 180, "texture": "#17"},
				"east": {"uv": [13, 4, 14, 5], "texture": "#17"},
				"south": {"uv": [13, 4, 14, 5], "texture": "#17"},
				"west": {"uv": [13, 4, 14, 5], "texture": "#17"},
				"up": {"uv": [14, 4, 13, 5], "rotation": 180, "texture": "#17"},
				"down": {"uv": [13, 4, 14, 5], "texture": "#17"}
			}
		},
		{
			"name": "bow_6",
			"from": [6.37028, 5.83425, 12.21],
			"to": [6.95028, 9.31425, 12.79],
			"rotation": {"angle": 45, "axis": "z", "origin": [8.98028, 7.57425, 12.5]},
			"faces": {
				"north": {"uv": [4, 11, 5, 5], "rotation": 180, "texture": "#17"},
				"east": {"uv": [4, 5, 5, 11], "texture": "#17"},
				"south": {"uv": [4, 5, 5, 11], "texture": "#17"},
				"west": {"uv": [4, 5, 5, 11], "texture": "#17"},
				"up": {"uv": [5, 5, 4, 6], "rotation": 180, "texture": "#17"},
				"down": {"uv": [4, 10, 5, 11], "texture": "#17"}
			}
		},
		{
			"name": "bow_7",
			"from": [11.01028, 8.73425, 12.21],
			"to": [11.59028, 9.31425, 12.79],
			"rotation": {"angle": 45, "axis": "z", "origin": [8.98028, 7.57425, 12.5]},
			"faces": {
				"north": {"uv": [12, 6, 13, 5], "rotation": 180, "texture": "#17"},
				"east": {"uv": [12, 5, 13, 6], "texture": "#17"},
				"south": {"uv": [12, 5, 13, 6], "texture": "#17"},
				"west": {"uv": [12, 5, 13, 6], "texture": "#17"},
				"up": {"uv": [13, 5, 12, 6], "rotation": 180, "texture": "#17"},
				"down": {"uv": [12, 5, 13, 6], "texture": "#17"}
			}
		},
		{
			"name": "bow_8",
			"from": [5.79028, 3.51425, 12.21],
			"to": [6.37028, 8.73425, 12.79],
			"rotation": {"angle": 45, "axis": "z", "origin": [8.98028, 7.57425, 12.5]},
			"faces": {
				"north": {"uv": [3, 15, 4, 6], "rotation": 180, "texture": "#17"},
				"east": {"uv": [3, 6, 4, 15], "texture": "#17"},
				"south": {"uv": [3, 6, 4, 15], "texture": "#17"},
				"west": {"uv": [3, 6, 4, 15], "texture": "#17"},
				"up": {"uv": [4, 6, 3, 7], "rotation": 180, "texture": "#17"},
				"down": {"uv": [3, 14, 4, 15], "texture": "#17"}
			}
		},
		{
			"name": "bow_9",
			"from": [7.53028, 8.15425, 12.21],
			"to": [8.11028, 8.73425, 12.79],
			"rotation": {"angle": 45, "axis": "z", "origin": [8.98028, 7.57425, 12.5]},
			"faces": {
				"north": {"uv": [6, 7, 7, 6], "rotation": 180, "texture": "#17"},
				"east": {"uv": [6, 6, 7, 7], "texture": "#17"},
				"south": {"uv": [6, 6, 7, 7], "texture": "#17"},
				"west": {"uv": [6, 6, 7, 7], "texture": "#17"},
				"up": {"uv": [7, 6, 6, 7], "rotation": 180, "texture": "#17"},
				"down": {"uv": [6, 6, 7, 7], "texture": "#17"}
			}
		},
		{
			"name": "bow_10",
			"from": [10.43028, 8.15425, 12.21],
			"to": [11.01028, 8.73425, 12.79],
			"rotation": {"angle": 45, "axis": "z", "origin": [8.98028, 7.57425, 12.5]},
			"faces": {
				"north": {"uv": [11, 7, 12, 6], "rotation": 180, "texture": "#17"},
				"east": {"uv": [11, 6, 12, 7], "texture": "#17"},
				"south": {"uv": [11, 6, 12, 7], "texture": "#17"},
				"west": {"uv": [11, 6, 12, 7], "texture": "#17"},
				"up": {"uv": [12, 6, 11, 7], "rotation": 180, "texture": "#17"},
				"down": {"uv": [11, 6, 12, 7], "texture": "#17"}
			}
		},
		{
			"name": "bow_11",
			"from": [9.85028, 7.57425, 12.21],
			"to": [10.43028, 8.15425, 12.79],
			"rotation": {"angle": 45, "axis": "z", "origin": [8.98028, 7.57425, 12.5]},
			"faces": {
				"north": {"uv": [10, 8, 11, 7], "rotation": 180, "texture": "#17"},
				"east": {"uv": [10, 7, 11, 8], "texture": "#17"},
				"south": {"uv": [10, 7, 11, 8], "texture": "#17"},
				"west": {"uv": [10, 7, 11, 8], "texture": "#17"},
				"up": {"uv": [11, 7, 10, 8], "rotation": 180, "texture": "#17"},
				"down": {"uv": [10, 7, 11, 8], "texture": "#17"}
			}
		},
		{
			"name": "bow_12",
			"from": [5.21028, 2.93425, 12.21],
			"to": [5.79028, 7.57425, 12.79],
			"rotation": {"angle": 45, "axis": "z", "origin": [8.98028, 7.57425, 12.5]},
			"faces": {
				"north": {"uv": [2, 16, 3, 8], "rotation": 180, "texture": "#17"},
				"east": {"uv": [2, 8, 3, 16], "texture": "#17"},
				"south": {"uv": [2, 8, 3, 16], "texture": "#17"},
				"west": {"uv": [2, 8, 3, 16], "texture": "#17"},
				"up": {"uv": [3, 8, 2, 9], "rotation": 180, "texture": "#17"},
				"down": {"uv": [2, 15, 3, 16], "texture": "#17"}
			}
		},
		{
			"name": "bow_13",
			"from": [9.27028, 6.99425, 12.21],
			"to": [9.85028, 7.57425, 12.79],
			"rotation": {"angle": 45, "axis": "z", "origin": [8.98028, 7.57425, 12.5]},
			"faces": {
				"north": {"uv": [9, 9, 10, 8], "rotation": 180, "texture": "#17"},
				"east": {"uv": [9, 8, 10, 9], "texture": "#17"},
				"south": {"uv": [9, 8, 10, 9], "texture": "#17"},
				"west": {"uv": [9, 8, 10, 9], "texture": "#17"},
				"up": {"uv": [10, 8, 9, 9], "rotation": 180, "texture": "#17"},
				"down": {"uv": [9, 8, 10, 9], "texture": "#17"}
			}
		},
		{
			"name": "bow_14",
			"from": [8.69028, 6.41425, 12.21],
			"to": [9.27028, 6.99425, 12.79],
			"rotation": {"angle": 45, "axis": "z", "origin": [8.98028, 7.57425, 12.5]},
			"faces": {
				"north": {"uv": [8, 10, 9, 9], "rotation": 180, "texture": "#17"},
				"east": {"uv": [8, 9, 9, 10], "texture": "#17"},
				"south": {"uv": [8, 9, 9, 10], "texture": "#17"},
				"west": {"uv": [8, 9, 9, 10], "texture": "#17"},
				"up": {"uv": [9, 9, 8, 10], "rotation": 180, "texture": "#17"},
				"down": {"uv": [8, 9, 9, 10], "texture": "#17"}
			}
		},
		{
			"name": "bow_15",
			"from": [8.11028, 5.83425, 12.21],
			"to": [8.69028, 6.41425, 12.79],
			"rotation": {"angle": 45, "axis": "z", "origin": [8.98028, 7.57425, 12.5]},
			"faces": {
				"north": {"uv": [7, 11, 8, 10], "rotation": 180, "texture": "#17"},
				"east": {"uv": [7, 10, 8, 11], "texture": "#17"},
				"south": {"uv": [7, 10, 8, 11], "texture": "#17"},
				"west": {"uv": [7, 10, 8, 11], "texture": "#17"},
				"up": {"uv": [8, 10, 7, 11], "rotation": 180, "texture": "#17"},
				"down": {"uv": [7, 10, 8, 11], "texture": "#17"}
			}
		},
		{
			"name": "bow_16",
			"from": [4.63028, 3.51425, 12.21],
			"to": [5.21028, 5.83425, 12.79],
			"rotation": {"angle": 45, "axis": "z", "origin": [8.98028, 7.57425, 12.5]},
			"faces": {
				"north": {"uv": [1, 15, 2, 11], "rotation": 180, "texture": "#17"},
				"east": {"uv": [1, 11, 2, 15], "texture": "#17"},
				"south": {"uv": [1, 11, 2, 15], "texture": "#17"},
				"west": {"uv": [1, 11, 2, 15], "texture": "#17"},
				"up": {"uv": [2, 11, 1, 12], "rotation": 180, "texture": "#17"},
				"down": {"uv": [1, 14, 2, 15], "texture": "#17"}
			}
		},
		{
			"name": "bow_17",
			"from": [7.53028, 5.25425, 12.21],
			"to": [8.11028, 5.83425, 12.79],
			"rotation": {"angle": 45, "axis": "z", "origin": [8.98028, 7.57425, 12.5]},
			"faces": {
				"north": {"uv": [6, 12, 7, 11], "rotation": 180, "texture": "#17"},
				"east": {"uv": [6, 11, 7, 12], "texture": "#17"},
				"south": {"uv": [6, 11, 7, 12], "texture": "#17"},
				"west": {"uv": [6, 11, 7, 12], "texture": "#17"},
				"up": {"uv": [7, 11, 6, 12], "rotation": 180, "texture": "#17"},
				"down": {"uv": [6, 11, 7, 12], "texture": "#17"}
			}
		},
		{
			"name": "bow_18",
			"from": [6.95028, 4.67425, 12.21],
			"to": [7.53028, 5.25425, 12.79],
			"rotation": {"angle": 45, "axis": "z", "origin": [8.98028, 7.57425, 12.5]},
			"faces": {
				"north": {"uv": [5, 13, 6, 12], "rotation": 180, "texture": "#17"},
				"east": {"uv": [5, 12, 6, 13], "texture": "#17"},
				"south": {"uv": [5, 12, 6, 13], "texture": "#17"},
				"west": {"uv": [5, 12, 6, 13], "texture": "#17"},
				"up": {"uv": [6, 12, 5, 13], "rotation": 180, "texture": "#17"},
				"down": {"uv": [5, 12, 6, 13], "texture": "#17"}
			}
		},
		{
			"name": "bow_19",
			"from": [6.37028, 4.09425, 12.21],
			"to": [6.95028, 4.67425, 12.79],
			"rotation": {"angle": 45, "axis": "z", "origin": [8.98028, 7.57425, 12.5]},
			"faces": {
				"north": {"uv": [4, 14, 5, 13], "rotation": 180, "texture": "#17"},
				"east": {"uv": [4, 13, 5, 14], "texture": "#17"},
				"south": {"uv": [4, 13, 5, 14], "texture": "#17"},
				"west": {"uv": [4, 13, 5, 14], "texture": "#17"},
				"up": {"uv": [5, 13, 4, 14], "rotation": 180, "texture": "#17"},
				"down": {"uv": [4, 13, 5, 14], "texture": "#17"}
			}
		},
		{
			"name": "stick_0",
			"from": [2.96, 8.255, 2.73],
			"to": [3.54, 9.415, 3.89],
			"rotation": {"angle": 22.5, "axis": "x", "origin": [3.25, 5.5, 6.5]},
			"faces": {
				"north": {"uv": [15, 2, 13, 3], "rotation": 90, "texture": "#18"},
				"east": {"uv": [13, 4, 15, 2], "rotation": 270, "texture": "#18"},
				"south": {"uv": [13, 3, 15, 4], "rotation": 270, "texture": "#18"},
				"west": {"uv": [13, 2, 15, 4], "rotation": 270, "texture": "#18"},
				"up": {"uv": [14, 2, 15, 4], "texture": "#18"},
				"down": {"uv": [13, 2, 14, 4], "rotation": 180, "texture": "#18"}
			}
		},
		{
			"name": "stick_1",
			"from": [2.96, 7.675, 3.31],
			"to": [3.54, 8.255, 5.05],
			"rotation": {"angle": 22.5, "axis": "x", "origin": [3.25, 5.5, 6.5]},
			"faces": {
				"north": {"uv": [13, 3, 12, 4], "rotation": 90, "texture": "#18"},
				"east": {"uv": [12, 6, 13, 3], "rotation": 270, "texture": "#18"},
				"south": {"uv": [12, 5, 13, 6], "rotation": 270, "texture": "#18"},
				"west": {"uv": [12, 3, 13, 6], "rotation": 270, "texture": "#18"},
				"up": {"uv": [12, 3, 13, 6], "texture": "#18"},
				"down": {"uv": [12, 3, 13, 6], "rotation": 180, "texture": "#18"}
			}
		},
		{
			"name": "stick_2",
			"from": [2.96, 7.095, 3.89],
			"to": [3.54, 7.675, 5.63],
			"rotation": {"angle": 22.5, "axis": "x", "origin": [3.25, 5.5, 6.5]},
			"faces": {
				"north": {"uv": [12, 4, 11, 5], "rotation": 90, "texture": "#18"},
				"east": {"uv": [11, 7, 12, 4], "rotation": 270, "texture": "#18"},
				"south": {"uv": [11, 6, 12, 7], "rotation": 270, "texture": "#18"},
				"west": {"uv": [11, 4, 12, 7], "rotation": 270, "texture": "#18"},
				"up": {"uv": [11, 4, 12, 7], "texture": "#18"},
				"down": {"uv": [11, 4, 12, 7], "rotation": 180, "texture": "#18"}
			}
		},
		{
			"name": "stick_3",
			"from": [2.96, 8.255, 3.89],
			"to": [3.54, 8.835, 4.47],
			"rotation": {"angle": 22.5, "axis": "x", "origin": [3.25, 5.5, 6.5]},
			"faces": {
				"north": {"uv": [14, 4, 13, 5], "rotation": 90, "texture": "#18"},
				"east": {"uv": [13, 5, 14, 4], "rotation": 270, "texture": "#18"},
				"south": {"uv": [13, 4, 14, 5], "rotation": 270, "texture": "#18"},
				"west": {"uv": [13, 4, 14, 5], "rotation": 270, "texture": "#18"},
				"up": {"uv": [13, 4, 14, 5], "texture": "#18"},
				"down": {"uv": [13, 4, 14, 5], "rotation": 180, "texture": "#18"}
			}
		},
		{
			"name": "stick_4",
			"from": [2.96, 6.515, 4.47],
			"to": [3.54, 7.095, 6.21],
			"rotation": {"angle": 22.5, "axis": "x", "origin": [3.25, 5.5, 6.5]},
			"faces": {
				"north": {"uv": [11, 5, 10, 6], "rotation": 90, "texture": "#18"},
				"east": {"uv": [10, 8, 11, 5], "rotation": 270, "texture": "#18"},
				"south": {"uv": [10, 7, 11, 8], "rotation": 270, "texture": "#18"},
				"west": {"uv": [10, 5, 11, 8], "rotation": 270, "texture": "#18"},
				"up": {"uv": [10, 5, 11, 8], "texture": "#18"},
				"down": {"uv": [10, 5, 11, 8], "rotation": 180, "texture": "#18"}
			}
		},
		{
			"name": "stick_5",
			"from": [2.96, 5.935, 5.05],
			"to": [3.54, 6.515, 6.79],
			"rotation": {"angle": 22.5, "axis": "x", "origin": [3.25, 5.5, 6.5]},
			"faces": {
				"north": {"uv": [10, 6, 9, 7], "rotation": 90, "texture": "#18"},
				"east": {"uv": [9, 9, 10, 6], "rotation": 270, "texture": "#18"},
				"south": {"uv": [9, 8, 10, 9], "rotation": 270, "texture": "#18"},
				"west": {"uv": [9, 6, 10, 9], "rotation": 270, "texture": "#18"},
				"up": {"uv": [9, 6, 10, 9], "texture": "#18"},
				"down": {"uv": [9, 6, 10, 9], "rotation": 180, "texture": "#18"}
			}
		},
		{
			"name": "stick_6",
			"from": [2.96, 5.355, 5.63],
			"to": [3.54, 5.935, 7.37],
			"rotation": {"angle": 22.5, "axis": "x", "origin": [3.25, 5.5, 6.5]},
			"faces": {
				"north": {"uv": [9, 7, 8, 8], "rotation": 90, "texture": "#18"},
				"east": {"uv": [8, 10, 9, 7], "rotation": 270, "texture": "#18"},
				"south": {"uv": [8, 9, 9, 10], "rotation": 270, "texture": "#18"},
				"west": {"uv": [8, 7, 9, 10], "rotation": 270, "texture": "#18"},
				"up": {"uv": [8, 7, 9, 10], "texture": "#18"},
				"down": {"uv": [8, 7, 9, 10], "rotation": 180, "texture": "#18"}
			}
		},
		{
			"name": "stick_7",
			"from": [2.96, 4.775, 6.21],
			"to": [3.54, 5.355, 7.95],
			"rotation": {"angle": 22.5, "axis": "x", "origin": [3.25, 5.5, 6.5]},
			"faces": {
				"north": {"uv": [8, 8, 7, 9], "rotation": 90, "texture": "#18"},
				"east": {"uv": [7, 11, 8, 8], "rotation": 270, "texture": "#18"},
				"south": {"uv": [7, 10, 8, 11], "rotation": 270, "texture": "#18"},
				"west": {"uv": [7, 8, 8, 11], "rotation": 270, "texture": "#18"},
				"up": {"uv": [7, 8, 8, 11], "texture": "#18"},
				"down": {"uv": [7, 8, 8, 11], "rotation": 180, "texture": "#18"}
			}
		},
		{
			"name": "stick_8",
			"from": [2.96, 4.195, 6.79],
			"to": [3.54, 4.775, 8.53],
			"rotation": {"angle": 22.5, "axis": "x", "origin": [3.25, 5.5, 6.5]},
			"faces": {
				"north": {"uv": [7, 9, 6, 10], "rotation": 90, "texture": "#18"},
				"east": {"uv": [6, 12, 7, 9], "rotation": 270, "texture": "#18"},
				"south": {"uv": [6, 11, 7, 12], "rotation": 270, "texture": "#18"},
				"west": {"uv": [6, 9, 7, 12], "rotation": 270, "texture": "#18"},
				"up": {"uv": [6, 9, 7, 12], "texture": "#18"},
				"down": {"uv": [6, 9, 7, 12], "rotation": 180, "texture": "#18"}
			}
		},
		{
			"name": "stick_9",
			"from": [2.96, 3.615, 7.37],
			"to": [3.54, 4.195, 9.11],
			"rotation": {"angle": 22.5, "axis": "x", "origin": [3.25, 5.5, 6.5]},
			"faces": {
				"north": {"uv": [6, 10, 5, 11], "rotation": 90, "texture": "#18"},
				"east": {"uv": [5, 13, 6, 10], "rotation": 270, "texture": "#18"},
				"south": {"uv": [5, 12, 6, 13], "rotation": 270, "texture": "#18"},
				"west": {"uv": [5, 10, 6, 13], "rotation": 270, "texture": "#18"},
				"up": {"uv": [5, 10, 6, 13], "texture": "#18"},
				"down": {"uv": [5, 10, 6, 13], "rotation": 180, "texture": "#18"}
			}
		},
		{
			"name": "stick_10",
			"from": [2.96, 3.035, 7.95],
			"to": [3.54, 3.615, 9.69],
			"rotation": {"angle": 22.5, "axis": "x", "origin": [3.25, 5.5, 6.5]},
			"faces": {
				"north": {"uv": [5, 11, 4, 12], "rotation": 90, "texture": "#18"},
				"east": {"uv": [4, 14, 5, 11], "rotation": 270, "texture": "#18"},
				"south": {"uv": [4, 13, 5, 14], "rotation": 270, "texture": "#18"},
				"west": {"uv": [4, 11, 5, 14], "rotation": 270, "texture": "#18"},
				"up": {"uv": [4, 11, 5, 14], "texture": "#18"},
				"down": {"uv": [4, 11, 5, 14], "rotation": 180, "texture": "#18"}
			}
		},
		{
			"name": "stick_11",
			"from": [2.96, 2.455, 8.53],
			"to": [3.54, 3.035, 10.27],
			"rotation": {"angle": 22.5, "axis": "x", "origin": [3.25, 5.5, 6.5]},
			"faces": {
				"north": {"uv": [4, 12, 3, 13], "rotation": 90, "texture": "#18"},
				"east": {"uv": [3, 15, 4, 12], "rotation": 270, "texture": "#18"},
				"south": {"uv": [3, 14, 4, 15], "rotation": 270, "texture": "#18"},
				"west": {"uv": [3, 12, 4, 15], "rotation": 270, "texture": "#18"},
				"up": {"uv": [3, 12, 4, 15], "texture": "#18"},
				"down": {"uv": [3, 12, 4, 15], "rotation": 180, "texture": "#18"}
			}
		},
		{
			"name": "stick_12",
			"from": [2.96, 1.875, 9.11],
			"to": [3.54, 2.455, 10.27],
			"rotation": {"angle": 22.5, "axis": "x", "origin": [3.25, 5.5, 6.5]},
			"faces": {
				"north": {"uv": [3, 13, 2, 14], "rotation": 90, "texture": "#18"},
				"east": {"uv": [2, 15, 3, 13], "rotation": 270, "texture": "#18"},
				"south": {"uv": [2, 14, 3, 15], "rotation": 270, "texture": "#18"},
				"west": {"uv": [2, 13, 3, 15], "rotation": 270, "texture": "#18"},
				"up": {"uv": [2, 13, 3, 15], "texture": "#18"},
				"down": {"uv": [2, 13, 3, 15], "rotation": 180, "texture": "#18"}
			}
		},
		{
			"name": "arrow_1",
			"from": [8.08385, 8.92542, 2.85],
			"to": [9.64385, 9.96542, 3.37],
			"rotation": {"angle": 45, "axis": "z", "origin": [6.26385, 6.45542, 3.11]},
			"faces": {
				"north": {"uv": [12, 4, 15, 2], "rotation": 180, "texture": "#16"},
				"east": {"uv": [14, 2, 15, 4], "texture": "#16"},
				"south": {"uv": [12, 2, 15, 4], "texture": "#16"},
				"west": {"uv": [12, 2, 13, 4], "texture": "#16"},
				"up": {"uv": [15, 2, 12, 3], "rotation": 180, "texture": "#16"},
				"down": {"uv": [12, 3, 15, 4], "texture": "#16"}
			}
		},
		{
			"name": "arrow_2",
			"from": [7.04385, 7.88542, 2.85],
			"to": [8.08385, 9.44542, 3.37],
			"rotation": {"angle": 45, "axis": "z", "origin": [6.26385, 6.45542, 3.11]},
			"faces": {
				"north": {"uv": [10, 6, 12, 3], "rotation": 180, "texture": "#16"},
				"east": {"uv": [11, 3, 12, 6], "texture": "#16"},
				"south": {"uv": [10, 3, 12, 6], "texture": "#16"},
				"west": {"uv": [10, 3, 11, 6], "texture": "#16"},
				"up": {"uv": [12, 3, 10, 4], "rotation": 180, "texture": "#16"},
				"down": {"uv": [10, 5, 12, 6], "texture": "#16"}
			}
		},
		{
			"name": "arrow_3",
			"from": [8.08385, 7.88542, 2.85],
			"to": [9.12385, 8.92542, 3.37],
			"rotation": {"angle": 45, "axis": "z", "origin": [6.26385, 6.45542, 3.11]},
			"faces": {
				"north": {"uv": [12, 6, 14, 4], "rotation": 180, "texture": "#16"},
				"east": {"uv": [13, 4, 14, 6], "texture": "#16"},
				"south": {"uv": [12, 4, 14, 6], "texture": "#16"},
				"west": {"uv": [12, 4, 13, 6], "texture": "#16"},
				"up": {"uv": [14, 4, 12, 5], "rotation": 180, "texture": "#16"},
				"down": {"uv": [12, 5, 14, 6], "texture": "#16"}
			}
		},
		{
			"name": "arrow_4",
			"from": [6.52385, 7.36542, 2.85],
			"to": [7.56385, 7.88542, 3.37],
			"rotation": {"angle": 45, "axis": "z", "origin": [6.26385, 6.45542, 3.11]},
			"faces": {
				"north": {"uv": [9, 7, 11, 6], "rotation": 180, "texture": "#16"},
				"east": {"uv": [10, 6, 11, 7], "texture": "#16"},
				"south": {"uv": [9, 6, 11, 7], "texture": "#16"},
				"west": {"uv": [9, 6, 10, 7], "texture": "#16"},
				"up": {"uv": [11, 6, 9, 7], "rotation": 180, "texture": "#16"},
				"down": {"uv": [9, 6, 11, 7], "texture": "#16"}
			}
		},
		{
			"name": "arrow_5",
			"from": [8.08385, 7.36542, 2.85],
			"to": [8.60385, 7.88542, 3.37],
			"rotation": {"angle": 45, "axis": "z", "origin": [6.26385, 6.45542, 3.11]},
			"faces": {
				"north": {"uv": [12, 7, 13, 6], "rotation": 180, "texture": "#16"},
				"east": {"uv": [12, 6, 13, 7], "texture": "#16"},
				"south": {"uv": [12, 6, 13, 7], "texture": "#16"},
				"west": {"uv": [12, 6, 13, 7], "texture": "#16"},
				"up": {"uv": [13, 6, 12, 7], "rotation": 180, "texture": "#16"},
				"down": {"uv": [12, 6, 13, 7], "texture": "#16"}
			}
		},
		{
			"name": "arrow_6",
			"from": [6.00385, 6.84542, 2.85],
			"to": [7.04385, 7.36542, 3.37],
			"rotation": {"angle": 45, "axis": "z", "origin": [6.26385, 6.45542, 3.11]},
			"faces": {
				"north": {"uv": [8, 8, 10, 7], "rotation": 180, "texture": "#16"},
				"east": {"uv": [9, 7, 10, 8], "texture": "#16"},
				"south": {"uv": [8, 7, 10, 8], "texture": "#16"},
				"west": {"uv": [8, 7, 9, 8], "texture": "#16"},
				"up": {"uv": [10, 7, 8, 8], "rotation": 180, "texture": "#16"},
				"down": {"uv": [8, 7, 10, 8], "texture": "#16"}
			}
		},
		{
			"name": "arrow_7",
			"from": [5.48385, 6.32542, 2.85],
			"to": [6.52385, 6.84542, 3.37],
			"rotation": {"angle": 45, "axis": "z", "origin": [6.26385, 6.45542, 3.11]},
			"faces": {
				"north": {"uv": [7, 9, 9, 8], "rotation": 180, "texture": "#16"},
				"east": {"uv": [8, 8, 9, 9], "texture": "#16"},
				"south": {"uv": [7, 8, 9, 9], "texture": "#16"},
				"west": {"uv": [7, 8, 8, 9], "texture": "#16"},
				"up": {"uv": [9, 8, 7, 9], "rotation": 180, "texture": "#16"},
				"down": {"uv": [7, 8, 9, 9], "texture": "#16"}
			}
		},
		{
			"name": "arrow_8",
			"from": [4.96385, 5.80542, 2.85],
			"to": [6.00385, 6.32542, 3.37],
			"rotation": {"angle": 45, "axis": "z", "origin": [6.26385, 6.45542, 3.11]},
			"faces": {
				"north": {"uv": [6, 10, 8, 9], "rotation": 180, "texture": "#16"},
				"east": {"uv": [7, 9, 8, 10], "texture": "#16"},
				"south": {"uv": [6, 9, 8, 10], "texture": "#16"},
				"west": {"uv": [6, 9, 7, 10], "texture": "#16"},
				"up": {"uv": [8, 9, 6, 10], "rotation": 180, "texture": "#16"},
				"down": {"uv": [6, 9, 8, 10], "texture": "#16"}
			}
		},
		{
			"name": "arrow_9",
			"from": [4.44385, 5.28542, 2.85],
			"to": [5.48385, 5.80542, 3.37],
			"rotation": {"angle": 45, "axis": "z", "origin": [6.26385, 6.45542, 3.11]},
			"faces": {
				"north": {"uv": [5, 11, 7, 10], "rotation": 180, "texture": "#16"},
				"east": {"uv": [6, 10, 7, 11], "texture": "#16"},
				"south": {"uv": [5, 10, 7, 11], "texture": "#16"},
				"west": {"uv": [5, 10, 6, 11], "texture": "#16"},
				"up": {"uv": [7, 10, 5, 11], "rotation": 180, "texture": "#16"},
				"down": {"uv": [5, 10, 7, 11], "texture": "#16"}
			}
		},
		{
			"name": "arrow_10",
			"from": [3.40385, 4.24542, 2.85],
			"to": [4.96385, 5.28542, 3.37],
			"rotation": {"angle": 45, "axis": "z", "origin": [6.26385, 6.45542, 3.11]},
			"faces": {
				"north": {"uv": [3, 13, 6, 11], "rotation": 180, "texture": "#16"},
				"east": {"uv": [5, 11, 6, 13], "texture": "#16"},
				"south": {"uv": [3, 11, 6, 13], "texture": "#16"},
				"west": {"uv": [3, 11, 4, 13], "texture": "#16"},
				"up": {"uv": [6, 11, 3, 12], "rotation": 180, "texture": "#16"},
				"down": {"uv": [3, 12, 6, 13], "texture": "#16"}
			}
		},
		{
			"name": "arrow_11",
			"from": [2.88385, 3.72542, 2.85],
			"to": [3.40385, 4.76542, 3.37],
			"rotation": {"angle": 45, "axis": "z", "origin": [6.26385, 6.45542, 3.11]},
			"faces": {
				"north": {"uv": [2, 14, 3, 12], "rotation": 180, "texture": "#16"},
				"east": {"uv": [2, 12, 3, 14], "texture": "#16"},
				"south": {"uv": [2, 12, 3, 14], "texture": "#16"},
				"west": {"uv": [2, 12, 3, 14], "texture": "#16"},
				"up": {"uv": [3, 12, 2, 13], "rotation": 180, "texture": "#16"},
				"down": {"uv": [2, 13, 3, 14], "texture": "#16"}
			}
		},
		{
			"name": "arrow_12",
			"from": [3.40385, 3.72542, 2.85],
			"to": [4.44385, 4.24542, 3.37],
			"rotation": {"angle": 45, "axis": "z", "origin": [6.26385, 6.45542, 3.11]},
			"faces": {
				"north": {"uv": [3, 14, 5, 13], "rotation": 180, "texture": "#16"},
				"east": {"uv": [4, 13, 5, 14], "texture": "#16"},
				"south": {"uv": [3, 13, 5, 14], "texture": "#16"},
				"west": {"uv": [3, 13, 4, 14], "texture": "#16"},
				"up": {"uv": [5, 13, 3, 14], "rotation": 180, "texture": "#16"},
				"down": {"uv": [3, 13, 5, 14], "texture": "#16"}
			}
		},
		{
			"name": "arrow_13",
			"from": [3.40385, 3.20542, 2.85],
			"to": [3.92385, 3.72542, 3.37],
			"rotation": {"angle": 45, "axis": "z", "origin": [6.26385, 6.45542, 3.11]},
			"faces": {
				"north": {"uv": [3, 15, 4, 14], "rotation": 180, "texture": "#16"},
				"east": {"uv": [3, 14, 4, 15], "texture": "#16"},
				"south": {"uv": [3, 14, 4, 15], "texture": "#16"},
				"west": {"uv": [3, 14, 4, 15], "texture": "#16"},
				"up": {"uv": [4, 14, 3, 15], "rotation": 180, "texture": "#16"},
				"down": {"uv": [3, 14, 4, 15], "texture": "#16"}
			}
		},
		{
			"from": [12.1, 1, 5],
			"to": [14.1, 7, 11],
			"rotation": {"angle": 0, "axis": "y", "origin": [12.1, 3, 5]},
			"faces": {
				"north": {"uv": [0, 0, 2, 6], "texture": "#15"},
				"east": {"uv": [0, 0, 6, 6], "texture": "#15"},
				"south": {"uv": [0, 0, 2, 6], "texture": "#15"},
				"west": {"uv": [0, 0, 6, 6], "texture": "#15"},
				"up": {"uv": [0, 0, 2, 6], "texture": "#15"},
				"down": {"uv": [0, 0, 2, 6], "texture": "#15"}
			}
		},
		{
			"from": [5.1, 15, 5],
			"to": [11.1, 17, 11],
			"rotation": {"angle": 0, "axis": "y", "origin": [9.1, 17, 5]},
			"faces": {
				"north": {"uv": [0, 0, 6, 2], "texture": "#15"},
				"east": {"uv": [0, 0, 6, 2], "texture": "#15"},
				"south": {"uv": [0, 0, 6, 2], "texture": "#15"},
				"west": {"uv": [0, 0, 6, 2], "texture": "#15"},
				"up": {"uv": [0, 0, 6, 6], "texture": "#15"},
				"down": {"uv": [0, 0, 6, 6], "texture": "#15"}
			}
		},
		{
			"from": [5.1, 16, 11],
			"to": [6.1, 16, 13],
			"rotation": {"angle": 0, "axis": "y", "origin": [9.1, 16, 11]},
			"faces": {
				"north": {"uv": [0, 0, 1, 0], "texture": "#15"},
				"east": {"uv": [0, 0, 2, 0], "texture": "#15"},
				"south": {"uv": [0, 0, 1, 0], "texture": "#15"},
				"west": {"uv": [0, 0, 2, 0], "texture": "#15"},
				"up": {"uv": [0, 0, 1, 2], "texture": "#15"},
				"down": {"uv": [0, 0, 1, 2], "texture": "#15"}
			}
		},
		{
			"from": [8.1, 16, 11],
			"to": [10.1, 16, 12],
			"rotation": {"angle": 0, "axis": "y", "origin": [12.1, 16, 11]},
			"faces": {
				"north": {"uv": [0, 0, 2, 0], "texture": "#15"},
				"east": {"uv": [0, 0, 1, 0], "texture": "#15"},
				"south": {"uv": [0, 0, 2, 0], "texture": "#15"},
				"west": {"uv": [0, 0, 1, 0], "texture": "#15"},
				"up": {"uv": [0, 0, 2, 1], "texture": "#15"},
				"down": {"uv": [0, 0, 2, 1], "texture": "#15"}
			}
		},
		{
			"from": [11.1, 16, 7],
			"to": [12.1, 16, 10],
			"rotation": {"angle": 0, "axis": "y", "origin": [15.1, 16, 9]},
			"faces": {
				"north": {"uv": [0, 0, 1, 0], "texture": "#15"},
				"east": {"uv": [0, 0, 3, 0], "texture": "#15"},
				"south": {"uv": [0, 0, 1, 0], "texture": "#15"},
				"west": {"uv": [0, 0, 3, 0], "texture": "#15"},
				"up": {"uv": [0, 0, 1, 3], "texture": "#15"},
				"down": {"uv": [0, 0, 1, 3], "texture": "#15"}
			}
		},
		{
			"from": [10.1, 16, 4],
			"to": [12.1, 16, 6],
			"rotation": {"angle": 0, "axis": "y", "origin": [15.1, 16, 5]},
			"faces": {
				"north": {"uv": [0, 0, 2, 0], "texture": "#15"},
				"east": {"uv": [0, 0, 2, 0], "texture": "#15"},
				"south": {"uv": [0, 0, 2, 0], "texture": "#15"},
				"west": {"uv": [0, 0, 2, 0], "texture": "#15"},
				"up": {"uv": [0, 0, 2, 2], "texture": "#15"},
				"down": {"uv": [0, 0, 2, 2], "texture": "#15"}
			}
		},
		{
			"from": [6.1, 16, 4],
			"to": [8.1, 16, 6],
			"rotation": {"angle": 0, "axis": "y", "origin": [11.1, 16, 5]},
			"faces": {
				"north": {"uv": [0, 0, 2, 0], "texture": "#15"},
				"east": {"uv": [0, 0, 2, 0], "texture": "#15"},
				"south": {"uv": [0, 0, 2, 0], "texture": "#15"},
				"west": {"uv": [0, 0, 2, 0], "texture": "#15"},
				"up": {"uv": [0, 0, 2, 2], "texture": "#15"},
				"down": {"uv": [0, 0, 2, 2], "texture": "#15"}
			}
		},
		{
			"from": [3.1, 16, 6],
			"to": [5.1, 16, 7],
			"rotation": {"angle": 0, "axis": "y", "origin": [8.1, 16, 7]},
			"faces": {
				"north": {"uv": [0, 0, 2, 0], "texture": "#15"},
				"east": {"uv": [0, 0, 1, 0], "texture": "#15"},
				"south": {"uv": [0, 0, 2, 0], "texture": "#15"},
				"west": {"uv": [0, 0, 1, 0], "texture": "#15"},
				"up": {"uv": [0, 0, 2, 1], "texture": "#15"},
				"down": {"uv": [0, 0, 2, 1], "texture": "#15"}
			}
		},
		{
			"from": [4.1, 16, 8],
			"to": [5.1, 16, 10],
			"rotation": {"angle": 0, "axis": "y", "origin": [8.1, 16, 9]},
			"faces": {
				"north": {"uv": [0, 0, 1, 0], "texture": "#15"},
				"east": {"uv": [0, 0, 2, 0], "texture": "#15"},
				"south": {"uv": [0, 0, 1, 0], "texture": "#15"},
				"west": {"uv": [0, 0, 2, 0], "texture": "#15"},
				"up": {"uv": [0, 0, 1, 2], "texture": "#15"},
				"down": {"uv": [0, 0, 1, 2], "texture": "#15"}
			}
		},
		{
			"from": [13.1, 6, 11],
			"to": [13.1, 7, 13],
			"rotation": {"angle": 0, "axis": "y", "origin": [10.1, 3, 11]},
			"faces": {
				"north": {"uv": [0, 0, 0, 1], "texture": "#15"},
				"east": {"uv": [0, 0, 2, 1], "texture": "#15"},
				"south": {"uv": [0, 0, 0, 1], "texture": "#15"},
				"west": {"uv": [0, 0, 2, 1], "texture": "#15"},
				"up": {"uv": [0, 0, 0, 2], "texture": "#15"},
				"down": {"uv": [0, 0, 0, 2], "texture": "#15"}
			}
		},
		{
			"from": [13.1, 7, 10],
			"to": [13.1, 8, 12],
			"rotation": {"angle": 0, "axis": "y", "origin": [10.1, 4, 10]},
			"faces": {
				"north": {"uv": [0, 0, 0, 1], "texture": "#15"},
				"east": {"uv": [0, 0, 2, 1], "texture": "#15"},
				"south": {"uv": [0, 0, 0, 1], "texture": "#15"},
				"west": {"uv": [0, 0, 2, 1], "texture": "#15"},
				"up": {"uv": [0, 0, 0, 2], "texture": "#15"},
				"down": {"uv": [0, 0, 0, 2], "texture": "#15"}
			}
		},
		{
			"from": [13.1, 7, 6],
			"to": [13.1, 8, 7],
			"rotation": {"angle": 0, "axis": "y", "origin": [10.1, 4, 6]},
			"faces": {
				"north": {"uv": [0, 0, 0, 1], "texture": "#15"},
				"east": {"uv": [0, 0, 1, 1], "texture": "#15"},
				"south": {"uv": [0, 0, 0, 1], "texture": "#15"},
				"west": {"uv": [0, 0, 1, 1], "texture": "#15"},
				"up": {"uv": [0, 0, 0, 1], "texture": "#15"},
				"down": {"uv": [0, 0, 0, 1], "texture": "#15"}
			}
		},
		{
			"from": [13.35, 5, 4],
			"to": [13.35, 8, 5],
			"rotation": {"angle": 0, "axis": "y", "origin": [10.35, 4, 4]},
			"faces": {
				"north": {"uv": [0, 0, 0, 3], "texture": "#15"},
				"east": {"uv": [0, 0, 1, 3], "texture": "#15"},
				"south": {"uv": [0, 0, 0, 3], "texture": "#15"},
				"west": {"uv": [0, 0, 1, 3], "texture": "#15"},
				"up": {"uv": [0, 0, 0, 1], "texture": "#15"},
				"down": {"uv": [0, 0, 0, 1], "texture": "#15"}
			}
		},
		{
			"from": [14.1, 2, 11],
			"to": [14.1, 3, 12],
			"rotation": {"angle": 0, "axis": "y", "origin": [11.1, 1, 11]},
			"faces": {
				"north": {"uv": [0, 0, 0, 1], "texture": "#15"},
				"east": {"uv": [0, 0, 1, 1], "texture": "#15"},
				"south": {"uv": [0, 0, 0, 1], "texture": "#15"},
				"west": {"uv": [0, 0, 1, 1], "texture": "#15"},
				"up": {"uv": [0, 0, 0, 1], "texture": "#15"},
				"down": {"uv": [0, 0, 0, 1], "texture": "#15"}
			}
		},
		{
			"from": [13.35, 2, 4],
			"to": [13.35, 4, 5],
			"rotation": {"angle": 0, "axis": "y", "origin": [10.35, 1, 6]},
			"faces": {
				"north": {"uv": [0, 0, 0, 2], "texture": "#15"},
				"east": {"uv": [0, 0, 1, 2], "texture": "#15"},
				"south": {"uv": [0, 0, 0, 2], "texture": "#15"},
				"west": {"uv": [0, 0, 1, 2], "texture": "#15"},
				"up": {"uv": [0, 0, 0, 1], "texture": "#15"},
				"down": {"uv": [0, 0, 0, 1], "texture": "#15"}
			}
		},
		{
			"from": [14.1, 2, 6],
			"to": [15.1, 6, 10],
			"rotation": {"angle": 22.5, "axis": "x", "origin": [14.6, 4, 8]},
			"faces": {
				"north": {"uv": [4, 4, 5, 12], "texture": "#13"},
				"east": {"uv": [4, 4, 12, 12], "texture": "#13"},
				"south": {"uv": [4, 4, 5, 12], "texture": "#13"},
				"west": {"uv": [4, 4, 12, 12], "texture": "#13"},
				"up": {"uv": [4, 4, 5, 12], "texture": "#13"},
				"down": {"uv": [4, 4, 5, 12], "texture": "#13"}
			}
		},
		{
			"from": [6.1, 17, 6],
			"to": [10.1, 21, 10],
			"rotation": {"angle": 45, "axis": "x", "origin": [6.6, 19, 8]},
			"faces": {
				"north": {"uv": [4, 4, 12, 12], "texture": "#13"},
				"east": {"uv": [4, 4, 12, 12], "texture": "#13"},
				"south": {"uv": [4, 4, 12, 12], "texture": "#13"},
				"west": {"uv": [4, 4, 12, 12], "texture": "#13"},
				"up": {"uv": [4, 4, 12, 12], "texture": "#13"},
				"down": {"uv": [4, 4, 12, 12], "texture": "#13"}
			}
		},
		{
			"from": [14.6, 10.75, 9],
			"to": [15.1, 14.75, 13],
			"rotation": {"angle": 22.5, "axis": "z", "origin": [14.6, 12.75, 11]},
			"faces": {
				"north": {"uv": [4, 4, 5, 12], "texture": "#13"},
				"east": {"uv": [4, 4, 12, 12], "texture": "#13"},
				"south": {"uv": [4, 4, 5, 12], "texture": "#13"},
				"west": {"uv": [4, 4, 12, 12], "texture": "#13"},
				"up": {"uv": [4, 4, 5, 12], "texture": "#13"},
				"down": {"uv": [4, 4, 5, 12], "texture": "#13"}
			}
		},
		{
			"from": [14.6, 10.75, 3],
			"to": [15.1, 14.75, 7],
			"rotation": {"angle": 22.5, "axis": "z", "origin": [14.6, 12.75, 5]},
			"faces": {
				"north": {"uv": [4, 4, 5, 12], "texture": "#13"},
				"east": {"uv": [4, 4, 12, 12], "texture": "#13"},
				"south": {"uv": [4, 4, 5, 12], "texture": "#13"},
				"west": {"uv": [4, 4, 12, 12], "texture": "#13"},
				"up": {"uv": [4, 4, 5, 12], "texture": "#13"},
				"down": {"uv": [4, 4, 5, 12], "texture": "#13"}
			}
		},
		{
			"name": "stick_1",
			"from": [2.96, 9.005, 4.73],
			"to": [3.54, 10.165, 5.89],
			"rotation": {"angle": 45, "axis": "x", "origin": [3.25, 6.25, 8.5]},
			"faces": {
				"north": {"uv": [15, 2, 13, 3], "rotation": 90, "texture": "#18"},
				"east": {"uv": [13, 4, 15, 2], "rotation": 270, "texture": "#18"},
				"south": {"uv": [13, 3, 15, 4], "rotation": 270, "texture": "#18"},
				"west": {"uv": [13, 2, 15, 4], "rotation": 270, "texture": "#18"},
				"up": {"uv": [14, 2, 15, 4], "texture": "#18"},
				"down": {"uv": [13, 2, 14, 4], "rotation": 180, "texture": "#18"}
			}
		},
		{
			"name": "stick_2",
			"from": [2.96, 8.425, 5.31],
			"to": [3.54, 9.005, 7.05],
			"rotation": {"angle": 45, "axis": "x", "origin": [3.25, 6.25, 8.5]},
			"faces": {
				"north": {"uv": [13, 3, 12, 4], "rotation": 90, "texture": "#18"},
				"east": {"uv": [12, 6, 13, 3], "rotation": 270, "texture": "#18"},
				"south": {"uv": [12, 5, 13, 6], "rotation": 270, "texture": "#18"},
				"west": {"uv": [12, 3, 13, 6], "rotation": 270, "texture": "#18"},
				"up": {"uv": [12, 3, 13, 6], "texture": "#18"},
				"down": {"uv": [12, 3, 13, 6], "rotation": 180, "texture": "#18"}
			}
		},
		{
			"name": "stick_3",
			"from": [2.96, 7.845, 5.89],
			"to": [3.54, 8.425, 7.63],
			"rotation": {"angle": 45, "axis": "x", "origin": [3.25, 6.25, 8.5]},
			"faces": {
				"north": {"uv": [12, 4, 11, 5], "rotation": 90, "texture": "#18"},
				"east": {"uv": [11, 7, 12, 4], "rotation": 270, "texture": "#18"},
				"south": {"uv": [11, 6, 12, 7], "rotation": 270, "texture": "#18"},
				"west": {"uv": [11, 4, 12, 7], "rotation": 270, "texture": "#18"},
				"up": {"uv": [11, 4, 12, 7], "texture": "#18"},
				"down": {"uv": [11, 4, 12, 7], "rotation": 180, "texture": "#18"}
			}
		},
		{
			"name": "stick_4",
			"from": [2.96, 9.005, 5.89],
			"to": [3.54, 9.585, 6.47],
			"rotation": {"angle": 45, "axis": "x", "origin": [3.25, 6.25, 8.5]},
			"faces": {
				"north": {"uv": [14, 4, 13, 5], "rotation": 90, "texture": "#18"},
				"east": {"uv": [13, 5, 14, 4], "rotation": 270, "texture": "#18"},
				"south": {"uv": [13, 4, 14, 5], "rotation": 270, "texture": "#18"},
				"west": {"uv": [13, 4, 14, 5], "rotation": 270, "texture": "#18"},
				"up": {"uv": [13, 4, 14, 5], "texture": "#18"},
				"down": {"uv": [13, 4, 14, 5], "rotation": 180, "texture": "#18"}
			}
		},
		{
			"name": "stick_5",
			"from": [2.96, 7.265, 6.47],
			"to": [3.54, 7.845, 8.21],
			"rotation": {"angle": 45, "axis": "x", "origin": [3.25, 6.25, 8.5]},
			"faces": {
				"north": {"uv": [11, 5, 10, 6], "rotation": 90, "texture": "#18"},
				"east": {"uv": [10, 8, 11, 5], "rotation": 270, "texture": "#18"},
				"south": {"uv": [10, 7, 11, 8], "rotation": 270, "texture": "#18"},
				"west": {"uv": [10, 5, 11, 8], "rotation": 270, "texture": "#18"},
				"up": {"uv": [10, 5, 11, 8], "texture": "#18"},
				"down": {"uv": [10, 5, 11, 8], "rotation": 180, "texture": "#18"}
			}
		},
		{
			"name": "stick_6",
			"from": [2.96, 6.685, 7.05],
			"to": [3.54, 7.265, 8.79],
			"rotation": {"angle": 45, "axis": "x", "origin": [3.25, 6.25, 8.5]},
			"faces": {
				"north": {"uv": [10, 6, 9, 7], "rotation": 90, "texture": "#18"},
				"east": {"uv": [9, 9, 10, 6], "rotation": 270, "texture": "#18"},
				"south": {"uv": [9, 8, 10, 9], "rotation": 270, "texture": "#18"},
				"west": {"uv": [9, 6, 10, 9], "rotation": 270, "texture": "#18"},
				"up": {"uv": [9, 6, 10, 9], "texture": "#18"},
				"down": {"uv": [9, 6, 10, 9], "rotation": 180, "texture": "#18"}
			}
		},
		{
			"name": "stick_7",
			"from": [2.96, 6.105, 7.63],
			"to": [3.54, 6.685, 9.37],
			"rotation": {"angle": 45, "axis": "x", "origin": [3.25, 6.25, 8.5]},
			"faces": {
				"north": {"uv": [9, 7, 8, 8], "rotation": 90, "texture": "#18"},
				"east": {"uv": [8, 10, 9, 7], "rotation": 270, "texture": "#18"},
				"south": {"uv": [8, 9, 9, 10], "rotation": 270, "texture": "#18"},
				"west": {"uv": [8, 7, 9, 10], "rotation": 270, "texture": "#18"},
				"up": {"uv": [8, 7, 9, 10], "texture": "#18"},
				"down": {"uv": [8, 7, 9, 10], "rotation": 180, "texture": "#18"}
			}
		},
		{
			"name": "stick_8",
			"from": [2.96, 5.525, 8.21],
			"to": [3.54, 6.105, 9.95],
			"rotation": {"angle": 45, "axis": "x", "origin": [3.25, 6.25, 8.5]},
			"faces": {
				"north": {"uv": [8, 8, 7, 9], "rotation": 90, "texture": "#18"},
				"east": {"uv": [7, 11, 8, 8], "rotation": 270, "texture": "#18"},
				"south": {"uv": [7, 10, 8, 11], "rotation": 270, "texture": "#18"},
				"west": {"uv": [7, 8, 8, 11], "rotation": 270, "texture": "#18"},
				"up": {"uv": [7, 8, 8, 11], "texture": "#18"},
				"down": {"uv": [7, 8, 8, 11], "rotation": 180, "texture": "#18"}
			}
		},
		{
			"name": "stick_9",
			"from": [2.96, 4.945, 8.79],
			"to": [3.54, 5.525, 10.53],
			"rotation": {"angle": 45, "axis": "x", "origin": [3.25, 6.25, 8.5]},
			"faces": {
				"north": {"uv": [7, 9, 6, 10], "rotation": 90, "texture": "#18"},
				"east": {"uv": [6, 12, 7, 9], "rotation": 270, "texture": "#18"},
				"south": {"uv": [6, 11, 7, 12], "rotation": 270, "texture": "#18"},
				"west": {"uv": [6, 9, 7, 12], "rotation": 270, "texture": "#18"},
				"up": {"uv": [6, 9, 7, 12], "texture": "#18"},
				"down": {"uv": [6, 9, 7, 12], "rotation": 180, "texture": "#18"}
			}
		},
		{
			"name": "stick_10",
			"from": [2.96, 4.365, 9.37],
			"to": [3.54, 4.945, 11.11],
			"rotation": {"angle": 45, "axis": "x", "origin": [3.25, 6.25, 8.5]},
			"faces": {
				"north": {"uv": [6, 10, 5, 11], "rotation": 90, "texture": "#18"},
				"east": {"uv": [5, 13, 6, 10], "rotation": 270, "texture": "#18"},
				"south": {"uv": [5, 12, 6, 13], "rotation": 270, "texture": "#18"},
				"west": {"uv": [5, 10, 6, 13], "rotation": 270, "texture": "#18"},
				"up": {"uv": [5, 10, 6, 13], "texture": "#18"},
				"down": {"uv": [5, 10, 6, 13], "rotation": 180, "texture": "#18"}
			}
		},
		{
			"name": "stick_11",
			"from": [2.96, 3.785, 9.95],
			"to": [3.54, 4.365, 11.69],
			"rotation": {"angle": 45, "axis": "x", "origin": [3.25, 6.25, 8.5]},
			"faces": {
				"north": {"uv": [5, 11, 4, 12], "rotation": 90, "texture": "#18"},
				"east": {"uv": [4, 14, 5, 11], "rotation": 270, "texture": "#18"},
				"south": {"uv": [4, 13, 5, 14], "rotation": 270, "texture": "#18"},
				"west": {"uv": [4, 11, 5, 14], "rotation": 270, "texture": "#18"},
				"up": {"uv": [4, 11, 5, 14], "texture": "#18"},
				"down": {"uv": [4, 11, 5, 14], "rotation": 180, "texture": "#18"}
			}
		},
		{
			"name": "stick_12",
			"from": [2.96, 3.205, 10.53],
			"to": [3.54, 3.785, 12.27],
			"rotation": {"angle": 45, "axis": "x", "origin": [3.25, 6.25, 8.5]},
			"faces": {
				"north": {"uv": [4, 12, 3, 13], "rotation": 90, "texture": "#18"},
				"east": {"uv": [3, 15, 4, 12], "rotation": 270, "texture": "#18"},
				"south": {"uv": [3, 14, 4, 15], "rotation": 270, "texture": "#18"},
				"west": {"uv": [3, 12, 4, 15], "rotation": 270, "texture": "#18"},
				"up": {"uv": [3, 12, 4, 15], "texture": "#18"},
				"down": {"uv": [3, 12, 4, 15], "rotation": 180, "texture": "#18"}
			}
		},
		{
			"name": "stick_13",
			"from": [2.96, 2.625, 11.11],
			"to": [3.54, 3.205, 12.27],
			"rotation": {"angle": 45, "axis": "x", "origin": [3.25, 6.25, 8.5]},
			"faces": {
				"north": {"uv": [3, 13, 2, 14], "rotation": 90, "texture": "#18"},
				"east": {"uv": [2, 15, 3, 13], "rotation": 270, "texture": "#18"},
				"south": {"uv": [2, 14, 3, 15], "rotation": 270, "texture": "#18"},
				"west": {"uv": [2, 13, 3, 15], "rotation": 270, "texture": "#18"},
				"up": {"uv": [2, 13, 3, 15], "texture": "#18"},
				"down": {"uv": [2, 13, 3, 15], "rotation": 180, "texture": "#18"}
			}
		},
		{
			"name": "stick_1",
			"from": [1.96, 8.11, 12.255],
			"to": [2.54, 9.27, 13.415],
			"rotation": {"angle": -22.5, "axis": "x", "origin": [2.25, 5.5, 9.5]},
			"faces": {
				"north": {"uv": [13, 2, 14, 4], "texture": "#18"},
				"east": {"uv": [13, 4, 15, 2], "rotation": 180, "texture": "#18"},
				"south": {"uv": [14, 2, 15, 4], "texture": "#18"},
				"west": {"uv": [13, 2, 15, 4], "texture": "#18"},
				"up": {"uv": [15, 2, 13, 3], "rotation": 270, "texture": "#18"},
				"down": {"uv": [13, 3, 15, 4], "rotation": 270, "texture": "#18"}
			}
		},
		{
			"name": "stick_2",
			"from": [1.96, 6.95, 11.675],
			"to": [2.54, 8.69, 12.255],
			"rotation": {"angle": -22.5, "axis": "x", "origin": [2.25, 5.5, 9.5]},
			"faces": {
				"north": {"uv": [12, 3, 13, 6], "texture": "#18"},
				"east": {"uv": [12, 6, 13, 3], "rotation": 180, "texture": "#18"},
				"south": {"uv": [12, 3, 13, 6], "texture": "#18"},
				"west": {"uv": [12, 3, 13, 6], "texture": "#18"},
				"up": {"uv": [13, 3, 12, 4], "rotation": 270, "texture": "#18"},
				"down": {"uv": [12, 5, 13, 6], "rotation": 270, "texture": "#18"}
			}
		},
		{
			"name": "stick_3",
			"from": [1.96, 6.37, 11.095],
			"to": [2.54, 8.11, 11.675],
			"rotation": {"angle": -22.5, "axis": "x", "origin": [2.25, 5.5, 9.5]},
			"faces": {
				"north": {"uv": [11, 4, 12, 7], "texture": "#18"},
				"east": {"uv": [11, 7, 12, 4], "rotation": 180, "texture": "#18"},
				"south": {"uv": [11, 4, 12, 7], "texture": "#18"},
				"west": {"uv": [11, 4, 12, 7], "texture": "#18"},
				"up": {"uv": [12, 4, 11, 5], "rotation": 270, "texture": "#18"},
				"down": {"uv": [11, 6, 12, 7], "rotation": 270, "texture": "#18"}
			}
		},
		{
			"name": "stick_4",
			"from": [1.96, 7.53, 12.255],
			"to": [2.54, 8.11, 12.835],
			"rotation": {"angle": -22.5, "axis": "x", "origin": [2.25, 5.5, 9.5]},
			"faces": {
				"north": {"uv": [13, 4, 14, 5], "texture": "#18"},
				"east": {"uv": [13, 5, 14, 4], "rotation": 180, "texture": "#18"},
				"south": {"uv": [13, 4, 14, 5], "texture": "#18"},
				"west": {"uv": [13, 4, 14, 5], "texture": "#18"},
				"up": {"uv": [14, 4, 13, 5], "rotation": 270, "texture": "#18"},
				"down": {"uv": [13, 4, 14, 5], "rotation": 270, "texture": "#18"}
			}
		},
		{
			"name": "stick_5",
			"from": [1.96, 5.79, 10.515],
			"to": [2.54, 7.53, 11.095],
			"rotation": {"angle": -22.5, "axis": "x", "origin": [2.25, 5.5, 9.5]},
			"faces": {
				"north": {"uv": [10, 5, 11, 8], "texture": "#18"},
				"east": {"uv": [10, 8, 11, 5], "rotation": 180, "texture": "#18"},
				"south": {"uv": [10, 5, 11, 8], "texture": "#18"},
				"west": {"uv": [10, 5, 11, 8], "texture": "#18"},
				"up": {"uv": [11, 5, 10, 6], "rotation": 270, "texture": "#18"},
				"down": {"uv": [10, 7, 11, 8], "rotation": 270, "texture": "#18"}
			}
		},
		{
			"name": "stick_6",
			"from": [1.96, 5.21, 9.935],
			"to": [2.54, 6.95, 10.515],
			"rotation": {"angle": -22.5, "axis": "x", "origin": [2.25, 5.5, 9.5]},
			"faces": {
				"north": {"uv": [9, 6, 10, 9], "texture": "#18"},
				"east": {"uv": [9, 9, 10, 6], "rotation": 180, "texture": "#18"},
				"south": {"uv": [9, 6, 10, 9], "texture": "#18"},
				"west": {"uv": [9, 6, 10, 9], "texture": "#18"},
				"up": {"uv": [10, 6, 9, 7], "rotation": 270, "texture": "#18"},
				"down": {"uv": [9, 8, 10, 9], "rotation": 270, "texture": "#18"}
			}
		},
		{
			"name": "stick_7",
			"from": [1.96, 4.63, 9.355],
			"to": [2.54, 6.37, 9.935],
			"rotation": {"angle": -22.5, "axis": "x", "origin": [2.25, 5.5, 9.5]},
			"faces": {
				"north": {"uv": [8, 7, 9, 10], "texture": "#18"},
				"east": {"uv": [8, 10, 9, 7], "rotation": 180, "texture": "#18"},
				"south": {"uv": [8, 7, 9, 10], "texture": "#18"},
				"west": {"uv": [8, 7, 9, 10], "texture": "#18"},
				"up": {"uv": [9, 7, 8, 8], "rotation": 270, "texture": "#18"},
				"down": {"uv": [8, 9, 9, 10], "rotation": 270, "texture": "#18"}
			}
		},
		{
			"name": "stick_8",
			"from": [1.96, 4.05, 8.775],
			"to": [2.54, 5.79, 9.355],
			"rotation": {"angle": -22.5, "axis": "x", "origin": [2.25, 5.5, 9.5]},
			"faces": {
				"north": {"uv": [7, 8, 8, 11], "texture": "#18"},
				"east": {"uv": [7, 11, 8, 8], "rotation": 180, "texture": "#18"},
				"south": {"uv": [7, 8, 8, 11], "texture": "#18"},
				"west": {"uv": [7, 8, 8, 11], "texture": "#18"},
				"up": {"uv": [8, 8, 7, 9], "rotation": 270, "texture": "#18"},
				"down": {"uv": [7, 10, 8, 11], "rotation": 270, "texture": "#18"}
			}
		},
		{
			"name": "stick_9",
			"from": [1.96, 3.47, 8.195],
			"to": [2.54, 5.21, 8.775],
			"rotation": {"angle": -22.5, "axis": "x", "origin": [2.25, 5.5, 9.5]},
			"faces": {
				"north": {"uv": [6, 9, 7, 12], "texture": "#18"},
				"east": {"uv": [6, 12, 7, 9], "rotation": 180, "texture": "#18"},
				"south": {"uv": [6, 9, 7, 12], "texture": "#18"},
				"west": {"uv": [6, 9, 7, 12], "texture": "#18"},
				"up": {"uv": [7, 9, 6, 10], "rotation": 270, "texture": "#18"},
				"down": {"uv": [6, 11, 7, 12], "rotation": 270, "texture": "#18"}
			}
		},
		{
			"name": "stick_10",
			"from": [1.96, 2.89, 7.615],
			"to": [2.54, 4.63, 8.195],
			"rotation": {"angle": -22.5, "axis": "x", "origin": [2.25, 5.5, 9.5]},
			"faces": {
				"north": {"uv": [5, 10, 6, 13], "texture": "#18"},
				"east": {"uv": [5, 13, 6, 10], "rotation": 180, "texture": "#18"},
				"south": {"uv": [5, 10, 6, 13], "texture": "#18"},
				"west": {"uv": [5, 10, 6, 13], "texture": "#18"},
				"up": {"uv": [6, 10, 5, 11], "rotation": 270, "texture": "#18"},
				"down": {"uv": [5, 12, 6, 13], "rotation": 270, "texture": "#18"}
			}
		},
		{
			"name": "stick_11",
			"from": [1.96, 2.31, 7.035],
			"to": [2.54, 4.05, 7.615],
			"rotation": {"angle": -22.5, "axis": "x", "origin": [2.25, 5.5, 9.5]},
			"faces": {
				"north": {"uv": [4, 11, 5, 14], "texture": "#18"},
				"east": {"uv": [4, 14, 5, 11], "rotation": 180, "texture": "#18"},
				"south": {"uv": [4, 11, 5, 14], "texture": "#18"},
				"west": {"uv": [4, 11, 5, 14], "texture": "#18"},
				"up": {"uv": [5, 11, 4, 12], "rotation": 270, "texture": "#18"},
				"down": {"uv": [4, 13, 5, 14], "rotation": 270, "texture": "#18"}
			}
		},
		{
			"name": "stick_12",
			"from": [1.96, 1.73, 6.455],
			"to": [2.54, 3.47, 7.035],
			"rotation": {"angle": -22.5, "axis": "x", "origin": [2.25, 5.5, 9.5]},
			"faces": {
				"north": {"uv": [3, 12, 4, 15], "texture": "#18"},
				"east": {"uv": [3, 15, 4, 12], "rotation": 180, "texture": "#18"},
				"south": {"uv": [3, 12, 4, 15], "texture": "#18"},
				"west": {"uv": [3, 12, 4, 15], "texture": "#18"},
				"up": {"uv": [4, 12, 3, 13], "rotation": 270, "texture": "#18"},
				"down": {"uv": [3, 14, 4, 15], "rotation": 270, "texture": "#18"}
			}
		},
		{
			"name": "stick_13",
			"from": [1.96, 1.73, 5.875],
			"to": [2.54, 2.89, 6.455],
			"rotation": {"angle": -22.5, "axis": "x", "origin": [2.25, 5.5, 9.5]},
			"faces": {
				"north": {"uv": [2, 13, 3, 15], "texture": "#18"},
				"east": {"uv": [2, 15, 3, 13], "rotation": 180, "texture": "#18"},
				"south": {"uv": [2, 13, 3, 15], "texture": "#18"},
				"west": {"uv": [2, 13, 3, 15], "texture": "#18"},
				"up": {"uv": [3, 13, 2, 14], "rotation": 270, "texture": "#18"},
				"down": {"uv": [2, 14, 3, 15], "rotation": 270, "texture": "#18"}
			}
		}
	],
	"display": {
		"thirdperson_righthand": {
			"rotation": [75, 45, 0],
			"translation": [0, 2.5, 0],
			"scale": [0.375, 0.375, 0.375]
		},
		"thirdperson_lefthand": {
			"rotation": [75, 45, 0],
			"translation": [0, 2.5, 0],
			"scale": [0.375, 0.375, 0.375]
		},
		"firstperson_righthand": {
			"rotation": [0, 45, 0],
			"scale": [0.4, 0.4, 0.4]
		},
		"firstperson_lefthand": {
			"rotation": [0, 225, 0],
			"scale": [0.4, 0.4, 0.4]
		},
		"ground": {
			"translation": [0, 3, 0],
			"scale": [0.25, 0.25, 0.25]
		},
		"gui": {
			"rotation": [30, 225, 0],
			"translation": [0, -0.5, 0],
			"scale": [0.625, 0.625, 0.625]
		},
		"fixed": {
			"rotation": [-90, 0, 0],
			"translation": [0, 0, -7.25]
		}
	},
	"groups": [
		0,
		1,
		2,
		3,
		4,
		5,
		6,
		7,
		8,
		9,
		10,
		11,
		12,
		13,
		14,
		15,
		16,
		17,
		18,
		19,
		20,
		21,
		22,
		23,
		24,
		25,
		26,
		{
			"name": "arrow",
			"origin": [8, 8, 8],
			"color": 0,
			"nbt": "{}",
			"armAnimationEnabled": false,
			"children": [27, 28, 29, 30, 31, 32, 33, 34, 35, 36, 37, 38, 39]
		},
		{
			"name": "bow",
			"origin": [8, 8, 8],
			"color": 0,
			"nbt": "{}",
			"armAnimationEnabled": false,
			"children": [40, 41, 42, 43, 44, 45, 46, 47, 48, 49, 50, 51, 52, 53, 54, 55, 56, 57, 58, 59]
		},
		{
			"name": "stick",
			"origin": [8, 8, 8],
			"color": 0,
			"nbt": "{}",
			"armAnimationEnabled": false,
			"children": [60, 61, 62, 63, 64, 65, 66, 67, 68, 69, 70, 71, 72]
		},
		{
			"name": "arrow",
			"origin": [8, 8, 8],
			"color": 0,
			"nbt": "{}",
			"armAnimationEnabled": false,
			"children": [73, 74, 75, 76, 77, 78, 79, 80, 81, 82, 83, 84, 85]
		},
		86,
		87,
		88,
		89,
		90,
		91,
		92,
		93,
		94,
		95,
		96,
		97,
		98,
		99,
		100,
		101,
		102,
		103,
		104,
		{
			"name": "stick",
			"origin": [8, 8, 8],
			"color": 0,
			"nbt": "{}",
			"armAnimationEnabled": false,
			"children": [105, 106, 107, 108, 109, 110, 111, 112, 113, 114, 115, 116, 117]
		},
		{
			"name": "stick",
			"origin": [8, 8, 8],
			"color": 0,
			"nbt": "{}",
			"armAnimationEnabled": false,
			"children": [118, 119, 120, 121, 122, 123, 124, 125, 126, 127, 128, 129, 130]
		}
	]
}