{
	"credit": "Made with Blockbench",
	"textures": {
		"4": "block/spruce_planks",
		"6": "block/stripped_dark_oak_log",
		"22": "block/calcite",
		"23": "block/mud",
		"24": "block/gold_block",
		"particle": "block/spruce_planks"
	},
	"elements": [
		{
			"from": [0, 0, 0],
			"to": [2, 16, 2],
			"faces": {
				"north": {"uv": [0, 0, 2, 16], "texture": "#4"},
				"east": {"uv": [0, 0, 2, 16], "texture": "#4"},
				"south": {"uv": [0, 0, 2, 16], "texture": "#4"},
				"west": {"uv": [0, 0, 2, 16], "texture": "#4"},
				"up": {"uv": [0, 0, 2, 2], "texture": "#4"},
				"down": {"uv": [0, 0, 2, 2], "texture": "#4"}
			}
		},
		{
			"from": [0, 15, 2],
			"to": [2, 16, 14],
			"faces": {
				"north": {"uv": [2, 0, 4, 1], "texture": "#4"},
				"east": {"uv": [2, 0, 14, 1], "texture": "#4"},
				"south": {"uv": [2, 0, 4, 1], "texture": "#4"},
				"west": {"uv": [2, 0, 14, 1], "texture": "#4"},
				"up": {"uv": [2, 0, 14, 2], "rotation": 90, "texture": "#4"},
				"down": {"uv": [2, 0, 14, 2], "rotation": 90, "texture": "#4"}
			}
		},
		{
			"from": [14, 15, 2],
			"to": [16, 16, 14],
			"faces": {
				"north": {"uv": [2, 1, 4, 2], "texture": "#4"},
				"east": {"uv": [2, 1, 14, 2], "texture": "#4"},
				"south": {"uv": [2, 1, 4, 2], "texture": "#4"},
				"west": {"uv": [2, 1, 14, 2], "texture": "#4"},
				"up": {"uv": [2, 1, 14, 3], "rotation": 90, "texture": "#4"},
				"down": {"uv": [2, 1, 14, 3], "rotation": 90, "texture": "#4"}
			}
		},
		{
			"from": [2, 15, 14],
			"to": [14, 16, 16],
			"faces": {
				"north": {"uv": [2, 1, 14, 2], "texture": "#4"},
				"east": {"uv": [2, 1, 4, 2], "texture": "#4"},
				"south": {"uv": [2, 1, 14, 2], "texture": "#4"},
				"west": {"uv": [2, 1, 4, 2], "texture": "#4"},
				"up": {"uv": [2, 1, 14, 3], "texture": "#4"},
				"down": {"uv": [2, 1, 14, 3], "texture": "#4"}
			}
		},
		{
			"from": [2, 15, 0],
			"to": [14, 16, 2],
			"faces": {
				"north": {"uv": [2, 1, 14, 2], "texture": "#4"},
				"east": {"uv": [2, 1, 4, 2], "texture": "#4"},
				"south": {"uv": [2, 1, 14, 2], "texture": "#4"},
				"west": {"uv": [2, 1, 4, 2], "texture": "#4"},
				"up": {"uv": [2, 1, 14, 3], "texture": "#4"},
				"down": {"uv": [2, 1, 14, 3], "texture": "#4"}
			}
		},
		{
			"from": [14, 0, 0],
			"to": [16, 16, 2],
			"faces": {
				"north": {"uv": [0, 0, 2, 16], "texture": "#4"},
				"east": {"uv": [0, 0, 2, 16], "texture": "#4"},
				"south": {"uv": [0, 0, 2, 16], "texture": "#4"},
				"west": {"uv": [0, 0, 2, 16], "texture": "#4"},
				"up": {"uv": [0, 0, 2, 2], "texture": "#4"},
				"down": {"uv": [0, 0, 2, 2], "texture": "#4"}
			}
		},
		{
			"from": [2, 2, 2],
			"to": [14, 15, 14],
			"faces": {
				"north": {"uv": [2, 2, 14, 15], "texture": "#6"},
				"east": {"uv": [2, 2, 14, 15], "texture": "#6"},
				"south": {"uv": [2, 2, 14, 15], "texture": "#6"},
				"west": {"uv": [2, 2, 14, 15], "texture": "#6"},
				"up": {"uv": [2, 2, 14, 14], "texture": "#6"},
				"down": {"uv": [2, 2, 14, 14], "texture": "#6"}
			}
		},
		{
			"from": [6, 16.9, -1],
			"to": [10, 17.9, 17],
			"rotation": {"angle": 45, "axis": "y", "origin": [8, 15, 8]},
			"faces": {
				"north": {"uv": [0, 0, 4, 1], "texture": "#4"},
				"east": {"uv": [0, 0, 16, 1], "texture": "#4"},
				"south": {"uv": [0, 0, 4, 1], "texture": "#4"},
				"west": {"uv": [0, 0, 16, 1], "texture": "#4"},
				"up": {"uv": [0, 0, 4, 16], "texture": "#4"},
				"down": {"uv": [0, 0, 4, 16], "texture": "#4"}
			}
		},
		{
			"from": [7.5, 14.9, 0],
			"to": [8.5, 16.9, 1],
			"rotation": {"angle": 45, "axis": "y", "origin": [8, 15, 8]},
			"faces": {
				"north": {"uv": [6, 1, 7, 3], "texture": "#24"},
				"east": {"uv": [6, 1, 7, 3], "texture": "#24"},
				"south": {"uv": [6, 1, 7, 3], "texture": "#24"},
				"west": {"uv": [6, 1, 7, 3], "texture": "#24"},
				"up": {"uv": [6, 1, 7, 2], "texture": "#24"},
				"down": {"uv": [6, 1, 7, 2], "texture": "#24"}
			}
		},
		{
			"from": [7.5, 14.9, 2],
			"to": [8.5, 16.9, 3],
			"rotation": {"angle": 45, "axis": "y", "origin": [8, 15, 8]},
			"faces": {
				"north": {"uv": [6, 1, 7, 3], "texture": "#24"},
				"east": {"uv": [6, 1, 7, 3], "texture": "#24"},
				"south": {"uv": [6, 1, 7, 3], "texture": "#24"},
				"west": {"uv": [6, 1, 7, 3], "texture": "#24"},
				"up": {"uv": [6, 1, 7, 2], "texture": "#24"},
				"down": {"uv": [6, 1, 7, 2], "texture": "#24"}
			}
		},
		{
			"from": [7.5, 14.9, 4],
			"to": [8.5, 16.9, 5],
			"rotation": {"angle": 45, "axis": "y", "origin": [8, 15, 8]},
			"faces": {
				"north": {"uv": [6, 1, 7, 3], "texture": "#24"},
				"east": {"uv": [6, 1, 7, 3], "texture": "#24"},
				"south": {"uv": [6, 1, 7, 3], "texture": "#24"},
				"west": {"uv": [6, 1, 7, 3], "texture": "#24"},
				"up": {"uv": [6, 1, 7, 2], "texture": "#24"},
				"down": {"uv": [6, 1, 7, 2], "texture": "#24"}
			}
		},
		{
			"from": [7.5, 14.9, 6],
			"to": [8.5, 16.9, 7],
			"rotation": {"angle": 45, "axis": "y", "origin": [8, 15, 8]},
			"faces": {
				"north": {"uv": [6, 1, 7, 3], "texture": "#24"},
				"east": {"uv": [6, 1, 7, 3], "texture": "#24"},
				"south": {"uv": [6, 1, 7, 3], "texture": "#24"},
				"west": {"uv": [6, 1, 7, 3], "texture": "#24"},
				"up": {"uv": [6, 1, 7, 2], "texture": "#24"},
				"down": {"uv": [6, 1, 7, 2], "texture": "#24"}
			}
		},
		{
			"from": [7.5, 14.9, 9],
			"to": [8.5, 16.9, 10],
			"rotation": {"angle": 45, "axis": "y", "origin": [8, 15, 8]},
			"faces": {
				"north": {"uv": [6, 1, 7, 3], "texture": "#24"},
				"east": {"uv": [6, 1, 7, 3], "texture": "#24"},
				"south": {"uv": [6, 1, 7, 3], "texture": "#24"},
				"west": {"uv": [6, 1, 7, 3], "texture": "#24"},
				"up": {"uv": [6, 1, 7, 2], "texture": "#24"},
				"down": {"uv": [6, 1, 7, 2], "texture": "#24"}
			}
		},
		{
			"from": [7.5, 14.9, 11],
			"to": [8.5, 16.9, 12],
			"rotation": {"angle": 45, "axis": "y", "origin": [8, 15, 8]},
			"faces": {
				"north": {"uv": [6, 1, 7, 3], "texture": "#24"},
				"east": {"uv": [6, 1, 7, 3], "texture": "#24"},
				"south": {"uv": [6, 1, 7, 3], "texture": "#24"},
				"west": {"uv": [6, 1, 7, 3], "texture": "#24"},
				"up": {"uv": [6, 1, 7, 2], "texture": "#24"},
				"down": {"uv": [6, 1, 7, 2], "texture": "#24"}
			}
		},
		{
			"from": [7.5, 14.9, 13],
			"to": [8.5, 16.9, 14],
			"rotation": {"angle": 45, "axis": "y", "origin": [8, 15, 8]},
			"faces": {
				"north": {"uv": [6, 1, 7, 3], "texture": "#24"},
				"east": {"uv": [6, 1, 7, 3], "texture": "#24"},
				"south": {"uv": [6, 1, 7, 3], "texture": "#24"},
				"west": {"uv": [6, 1, 7, 3], "texture": "#24"},
				"up": {"uv": [6, 1, 7, 2], "texture": "#24"},
				"down": {"uv": [6, 1, 7, 2], "texture": "#24"}
			}
		},
		{
			"from": [7.5, 14.9, 15],
			"to": [8.5, 16.9, 16],
			"rotation": {"angle": 45, "axis": "y", "origin": [8, 15, 8]},
			"faces": {
				"north": {"uv": [6, 1, 7, 3], "texture": "#24"},
				"east": {"uv": [6, 1, 7, 3], "texture": "#24"},
				"south": {"uv": [6, 1, 7, 3], "texture": "#24"},
				"west": {"uv": [6, 1, 7, 3], "texture": "#24"},
				"up": {"uv": [6, 1, 7, 2], "texture": "#24"},
				"down": {"uv": [6, 1, 7, 2], "texture": "#24"}
			}
		},
		{
			"from": [2, 0, 0],
			"to": [14, 2, 2],
			"rotation": {"angle": 0, "axis": "y", "origin": [0, -2, 0]},
			"faces": {
				"north": {"uv": [0, 2, 12, 4], "texture": "#4"},
				"east": {"uv": [0, 2, 2, 4], "texture": "#4"},
				"south": {"uv": [0, 2, 12, 4], "texture": "#4"},
				"west": {"uv": [0, 2, 2, 4], "texture": "#4"},
				"up": {"uv": [0, 2, 12, 4], "texture": "#4"},
				"down": {"uv": [0, 2, 12, 4], "texture": "#4"}
			}
		},
		{
			"from": [2, 10, 0],
			"to": [14, 12, 2],
			"rotation": {"angle": 0, "axis": "y", "origin": [0, -2, 0]},
			"faces": {
				"north": {"uv": [0, 2, 12, 4], "texture": "#4"},
				"east": {"uv": [0, 2, 2, 4], "texture": "#4"},
				"south": {"uv": [0, 2, 12, 4], "texture": "#4"},
				"west": {"uv": [0, 2, 2, 4], "texture": "#4"},
				"up": {"uv": [0, 2, 12, 4], "texture": "#4"},
				"down": {"uv": [0, 2, 12, 4], "texture": "#4"}
			}
		},
		{
			"from": [12, 12, 0],
			"to": [13, 13, 3],
			"rotation": {"angle": -22.5, "axis": "x", "origin": [12.5, 12.5, 1]},
			"faces": {
				"north": {"uv": [5, 11, 6, 12], "texture": "#22"},
				"east": {"uv": [5, 11, 8, 12], "texture": "#22"},
				"south": {"uv": [5, 11, 6, 12], "texture": "#22"},
				"west": {"uv": [5, 11, 8, 12], "texture": "#22"},
				"up": {"uv": [5, 11, 6, 14], "texture": "#22"},
				"down": {"uv": [5, 11, 6, 14], "texture": "#22"}
			}
		},
		{
			"from": [10, 12, 0],
			"to": [11, 13, 3],
			"rotation": {"angle": -22.5, "axis": "x", "origin": [12.5, 12.5, 1]},
			"faces": {
				"north": {"uv": [5, 11, 6, 12], "texture": "#22"},
				"east": {"uv": [5, 11, 8, 12], "texture": "#22"},
				"south": {"uv": [5, 11, 6, 12], "texture": "#22"},
				"west": {"uv": [5, 11, 8, 12], "texture": "#22"},
				"up": {"uv": [5, 11, 6, 14], "texture": "#22"},
				"down": {"uv": [5, 11, 6, 14], "texture": "#22"}
			}
		},
		{
			"from": [8, 12, 0],
			"to": [9, 13, 3],
			"rotation": {"angle": -22.5, "axis": "x", "origin": [12.5, 12.5, 1]},
			"faces": {
				"north": {"uv": [5, 11, 6, 12], "texture": "#22"},
				"east": {"uv": [5, 11, 8, 12], "texture": "#22"},
				"south": {"uv": [5, 11, 6, 12], "texture": "#22"},
				"west": {"uv": [5, 11, 8, 12], "texture": "#22"},
				"up": {"uv": [5, 11, 6, 14], "texture": "#22"},
				"down": {"uv": [5, 11, 6, 14], "texture": "#22"}
			}
		},
		{
			"from": [3, 12, 0],
			"to": [4, 13, 3],
			"rotation": {"angle": -22.5, "axis": "x", "origin": [12.5, 12.5, 1]},
			"faces": {
				"north": {"uv": [5, 11, 6, 12], "texture": "#22"},
				"east": {"uv": [5, 11, 8, 12], "texture": "#22"},
				"south": {"uv": [5, 11, 6, 12], "texture": "#22"},
				"west": {"uv": [5, 11, 8, 12], "texture": "#22"},
				"up": {"uv": [5, 11, 6, 14], "texture": "#22"},
				"down": {"uv": [5, 11, 6, 14], "texture": "#22"}
			}
		},
		{
			"from": [5, 12.19134, -0.03806],
			"to": [7, 13.19134, 1.96194],
			"rotation": {"angle": 0, "axis": "x", "origin": [5.5, 12.69134, 1.46194]},
			"faces": {
				"north": {"uv": [0, 0, 2, 1], "texture": "#23"},
				"east": {"uv": [0, 0, 2, 1], "texture": "#23"},
				"south": {"uv": [0, 0, 2, 1], "texture": "#23"},
				"west": {"uv": [0, 0, 2, 1], "texture": "#23"},
				"up": {"uv": [0, 0, 2, 2], "texture": "#23"},
				"down": {"uv": [0, 0, 2, 2], "texture": "#23"}
			}
		},
		{
			"from": [3, 2.19134, -0.03806],
			"to": [5, 3.19134, 1.96194],
			"rotation": {"angle": -22.5, "axis": "x", "origin": [6, 2.69134, 0.96194]},
			"faces": {
				"north": {"uv": [0, 0, 2, 1], "texture": "#23"},
				"east": {"uv": [0, 0, 2, 1], "texture": "#23"},
				"south": {"uv": [0, 0, 2, 1], "texture": "#23"},
				"west": {"uv": [0, 0, 2, 1], "texture": "#23"},
				"up": {"uv": [0, 0, 2, 2], "texture": "#23"},
				"down": {"uv": [0, 0, 2, 2], "texture": "#23"}
			}
		},
		{
			"from": [14.01194, 0, 2.01194],
			"to": [16.01194, 2, 14.01194],
			"rotation": {"angle": 0, "axis": "y", "origin": [14.8, 5.84567, 8.01194]},
			"faces": {
				"north": {"uv": [2, 2, 4, 4], "texture": "#4"},
				"east": {"uv": [4, 2, 16, 4], "texture": "#4"},
				"south": {"uv": [2, 2, 4, 4], "texture": "#4"},
				"west": {"uv": [4, 2, 16, 4], "texture": "#4"},
				"up": {"uv": [4, 2, 16, 4], "rotation": 90, "texture": "#4"},
				"down": {"uv": [4, 2, 16, 4], "rotation": 270, "texture": "#4"}
			}
		},
		{
			"from": [14.01194, 10, 2.01194],
			"to": [16.01194, 12, 14.01194],
			"rotation": {"angle": 0, "axis": "y", "origin": [14.8, 5.84567, 8.01194]},
			"faces": {
				"north": {"uv": [2, 2, 4, 4], "texture": "#4"},
				"east": {"uv": [4, 2, 16, 4], "texture": "#4"},
				"south": {"uv": [2, 2, 4, 4], "texture": "#4"},
				"west": {"uv": [4, 2, 16, 4], "texture": "#4"},
				"up": {"uv": [4, 2, 16, 4], "rotation": 90, "texture": "#4"},
				"down": {"uv": [4, 2, 16, 4], "rotation": 270, "texture": "#4"}
			}
		},
		{
			"from": [10.44931, 11.57458, 3.01194],
			"to": [13.44931, 12.57458, 4.01194],
			"rotation": {"angle": -22.5, "axis": "z", "origin": [14.8, 5.84567, 8.01194]},
			"faces": {
				"north": {"uv": [8, 11, 11, 12], "texture": "#22"},
				"east": {"uv": [6, 11, 7, 12], "texture": "#22"},
				"south": {"uv": [8, 11, 11, 12], "texture": "#22"},
				"west": {"uv": [6, 11, 7, 12], "texture": "#22"},
				"up": {"uv": [6, 11, 7, 14], "rotation": 90, "texture": "#22"},
				"down": {"uv": [6, 11, 7, 14], "rotation": 270, "texture": "#22"}
			}
		},
		{
			"from": [10.44931, 11.57458, 5.01194],
			"to": [13.44931, 12.57458, 6.01194],
			"rotation": {"angle": -22.5, "axis": "z", "origin": [14.8, 5.84567, 8.01194]},
			"faces": {
				"north": {"uv": [8, 11, 11, 12], "texture": "#22"},
				"east": {"uv": [6, 11, 7, 12], "texture": "#22"},
				"south": {"uv": [8, 11, 11, 12], "texture": "#22"},
				"west": {"uv": [6, 11, 7, 12], "texture": "#22"},
				"up": {"uv": [6, 11, 7, 14], "rotation": 90, "texture": "#22"},
				"down": {"uv": [6, 11, 7, 14], "rotation": 270, "texture": "#22"}
			}
		},
		{
			"from": [10.44931, 11.57458, 7.01194],
			"to": [13.44931, 12.57458, 8.01194],
			"rotation": {"angle": -22.5, "axis": "z", "origin": [14.8, 5.84567, 8.01194]},
			"faces": {
				"north": {"uv": [8, 11, 11, 12], "texture": "#22"},
				"east": {"uv": [6, 11, 7, 12], "texture": "#22"},
				"south": {"uv": [8, 11, 11, 12], "texture": "#22"},
				"west": {"uv": [6, 11, 7, 12], "texture": "#22"},
				"up": {"uv": [6, 11, 7, 14], "rotation": 90, "texture": "#22"},
				"down": {"uv": [6, 11, 7, 14], "rotation": 270, "texture": "#22"}
			}
		},
		{
			"from": [10.44931, 11.57458, 12.01194],
			"to": [13.44931, 12.57458, 13.01194],
			"rotation": {"angle": -22.5, "axis": "z", "origin": [14.8, 5.84567, 8.01194]},
			"faces": {
				"north": {"uv": [8, 11, 11, 12], "texture": "#22"},
				"east": {"uv": [6, 11, 7, 12], "texture": "#22"},
				"south": {"uv": [8, 11, 11, 12], "texture": "#22"},
				"west": {"uv": [6, 11, 7, 12], "texture": "#22"},
				"up": {"uv": [6, 11, 7, 14], "rotation": 90, "texture": "#22"},
				"down": {"uv": [6, 11, 7, 14], "rotation": 270, "texture": "#22"}
			}
		},
		{
			"from": [14.05, 12.19134, 9.01194],
			"to": [16.05, 13.19134, 11.01194],
			"rotation": {"angle": 0, "axis": "x", "origin": [14.8, 5.84567, 8.01194]},
			"faces": {
				"north": {"uv": [2, 0, 4, 1], "texture": "#23"},
				"east": {"uv": [2, 0, 4, 1], "texture": "#23"},
				"south": {"uv": [2, 0, 4, 1], "texture": "#23"},
				"west": {"uv": [2, 0, 4, 1], "texture": "#23"},
				"up": {"uv": [2, 0, 4, 2], "rotation": 90, "texture": "#23"},
				"down": {"uv": [2, 0, 4, 2], "rotation": 270, "texture": "#23"}
			}
		},
		{
			"from": [14.05, 2.19134, 11.01194],
			"to": [16.05, 3.19134, 13.01194],
			"rotation": {"angle": -22.5, "axis": "z", "origin": [15.05, 2.69134, 10.01194]},
			"faces": {
				"north": {"uv": [2, 0, 4, 1], "texture": "#23"},
				"east": {"uv": [2, 0, 4, 1], "texture": "#23"},
				"south": {"uv": [2, 0, 4, 1], "texture": "#23"},
				"west": {"uv": [2, 0, 4, 1], "texture": "#23"},
				"up": {"uv": [2, 0, 4, 2], "rotation": 90, "texture": "#23"},
				"down": {"uv": [2, 0, 4, 2], "rotation": 270, "texture": "#23"}
			}
		},
		{
			"from": [5, 12.19134, 14.06194],
			"to": [7, 13.19134, 16.06194],
			"rotation": {"angle": 0, "axis": "x", "origin": [8, 5.84567, 14.81194]},
			"faces": {
				"north": {"uv": [2, 0, 4, 1], "texture": "#23"},
				"east": {"uv": [2, 0, 4, 1], "texture": "#23"},
				"south": {"uv": [2, 0, 4, 1], "texture": "#23"},
				"west": {"uv": [2, 0, 4, 1], "texture": "#23"},
				"up": {"uv": [2, 0, 4, 2], "rotation": 180, "texture": "#23"},
				"down": {"uv": [2, 0, 4, 2], "rotation": 180, "texture": "#23"}
			}
		},
		{
			"from": [3, 2.19134, 14.06194],
			"to": [5, 3.19134, 16.06194],
			"rotation": {"angle": 22.5, "axis": "x", "origin": [11, 2.69134, 15.06194]},
			"faces": {
				"north": {"uv": [2, 0, 4, 1], "texture": "#23"},
				"east": {"uv": [2, 0, 4, 1], "texture": "#23"},
				"south": {"uv": [2, 0, 4, 1], "texture": "#23"},
				"west": {"uv": [2, 0, 4, 1], "texture": "#23"},
				"up": {"uv": [2, 0, 4, 2], "rotation": 180, "texture": "#23"},
				"down": {"uv": [2, 0, 4, 2], "rotation": 180, "texture": "#23"}
			}
		},
		{
			"from": [3, 11.57458, 10.46125],
			"to": [4, 12.57458, 13.46125],
			"rotation": {"angle": 22.5, "axis": "x", "origin": [8, 5.84567, 14.81194]},
			"faces": {
				"north": {"uv": [6, 11, 7, 12], "texture": "#22"},
				"east": {"uv": [8, 11, 11, 12], "texture": "#22"},
				"south": {"uv": [6, 11, 7, 12], "texture": "#22"},
				"west": {"uv": [8, 11, 11, 12], "texture": "#22"},
				"up": {"uv": [6, 11, 7, 14], "rotation": 180, "texture": "#22"},
				"down": {"uv": [6, 11, 7, 14], "rotation": 180, "texture": "#22"}
			}
		},
		{
			"from": [8, 11.57458, 10.46125],
			"to": [9, 12.57458, 13.46125],
			"rotation": {"angle": 22.5, "axis": "x", "origin": [8, 5.84567, 14.81194]},
			"faces": {
				"north": {"uv": [6, 11, 7, 12], "texture": "#22"},
				"east": {"uv": [8, 11, 11, 12], "texture": "#22"},
				"south": {"uv": [6, 11, 7, 12], "texture": "#22"},
				"west": {"uv": [8, 11, 11, 12], "texture": "#22"},
				"up": {"uv": [6, 11, 7, 14], "rotation": 180, "texture": "#22"},
				"down": {"uv": [6, 11, 7, 14], "rotation": 180, "texture": "#22"}
			}
		},
		{
			"from": [10, 11.57458, 10.46125],
			"to": [11, 12.57458, 13.46125],
			"rotation": {"angle": 22.5, "axis": "x", "origin": [8, 5.84567, 14.81194]},
			"faces": {
				"north": {"uv": [6, 11, 7, 12], "texture": "#22"},
				"east": {"uv": [8, 11, 11, 12], "texture": "#22"},
				"south": {"uv": [6, 11, 7, 12], "texture": "#22"},
				"west": {"uv": [8, 11, 11, 12], "texture": "#22"},
				"up": {"uv": [6, 11, 7, 14], "rotation": 180, "texture": "#22"},
				"down": {"uv": [6, 11, 7, 14], "rotation": 180, "texture": "#22"}
			}
		},
		{
			"from": [12, 11.57458, 10.46125],
			"to": [13, 12.57458, 13.46125],
			"rotation": {"angle": 22.5, "axis": "x", "origin": [8, 5.84567, 14.81194]},
			"faces": {
				"north": {"uv": [6, 11, 7, 12], "texture": "#22"},
				"east": {"uv": [8, 11, 11, 12], "texture": "#22"},
				"south": {"uv": [6, 11, 7, 12], "texture": "#22"},
				"west": {"uv": [8, 11, 11, 12], "texture": "#22"},
				"up": {"uv": [6, 11, 7, 14], "rotation": 180, "texture": "#22"},
				"down": {"uv": [6, 11, 7, 14], "rotation": 180, "texture": "#22"}
			}
		},
		{
			"from": [2, 10, 14.02388],
			"to": [14, 12, 16.02388],
			"rotation": {"angle": 0, "axis": "y", "origin": [8, 5.84567, 14.81194]},
			"faces": {
				"north": {"uv": [4, 2, 16, 4], "texture": "#4"},
				"east": {"uv": [2, 2, 4, 4], "texture": "#4"},
				"south": {"uv": [4, 2, 16, 4], "texture": "#4"},
				"west": {"uv": [2, 2, 4, 4], "texture": "#4"},
				"up": {"uv": [4, 2, 16, 4], "rotation": 180, "texture": "#4"},
				"down": {"uv": [4, 2, 16, 4], "rotation": 180, "texture": "#4"}
			}
		},
		{
			"from": [2, 0, 14.02388],
			"to": [14, 2, 16.02388],
			"rotation": {"angle": 0, "axis": "y", "origin": [8, 5.84567, 14.81194]},
			"faces": {
				"north": {"uv": [4, 2, 16, 4], "texture": "#4"},
				"east": {"uv": [2, 2, 4, 4], "texture": "#4"},
				"south": {"uv": [4, 2, 16, 4], "texture": "#4"},
				"west": {"uv": [2, 2, 4, 4], "texture": "#4"},
				"up": {"uv": [4, 2, 16, 4], "rotation": 180, "texture": "#4"},
				"down": {"uv": [4, 2, 16, 4], "rotation": 180, "texture": "#4"}
			}
		},
		{
			"from": [0, 12.19134, 5.01194],
			"to": [2, 13.19134, 7.01194],
			"rotation": {"angle": 0, "axis": "x", "origin": [1.25, 5.84567, 8.01194]},
			"faces": {
				"north": {"uv": [2, 0, 4, 1], "texture": "#23"},
				"east": {"uv": [2, 0, 4, 1], "texture": "#23"},
				"south": {"uv": [2, 0, 4, 1], "texture": "#23"},
				"west": {"uv": [2, 0, 4, 1], "texture": "#23"},
				"up": {"uv": [2, 0, 4, 2], "rotation": 270, "texture": "#23"},
				"down": {"uv": [2, 0, 4, 2], "rotation": 90, "texture": "#23"}
			}
		},
		{
			"from": [0, 2.19134, 11.01194],
			"to": [2, 3.19134, 13.01194],
			"rotation": {"angle": 22.5, "axis": "z", "origin": [1, 2.69134, 6.01194]},
			"faces": {
				"north": {"uv": [2, 0, 4, 1], "texture": "#23"},
				"east": {"uv": [2, 0, 4, 1], "texture": "#23"},
				"south": {"uv": [2, 0, 4, 1], "texture": "#23"},
				"west": {"uv": [2, 0, 4, 1], "texture": "#23"},
				"up": {"uv": [2, 0, 4, 2], "rotation": 270, "texture": "#23"},
				"down": {"uv": [2, 0, 4, 2], "rotation": 90, "texture": "#23"}
			}
		},
		{
			"from": [2.60069, 11.57458, 3.01194],
			"to": [5.60069, 12.57458, 4.01194],
			"rotation": {"angle": 22.5, "axis": "z", "origin": [1.25, 5.84567, 8.01194]},
			"faces": {
				"north": {"uv": [8, 11, 11, 12], "texture": "#22"},
				"east": {"uv": [6, 11, 7, 12], "texture": "#22"},
				"south": {"uv": [8, 11, 11, 12], "texture": "#22"},
				"west": {"uv": [6, 11, 7, 12], "texture": "#22"},
				"up": {"uv": [6, 11, 7, 14], "rotation": 270, "texture": "#22"},
				"down": {"uv": [6, 11, 7, 14], "rotation": 90, "texture": "#22"}
			}
		},
		{
			"from": [2.60069, 11.57458, 8.01194],
			"to": [5.60069, 12.57458, 9.01194],
			"rotation": {"angle": 22.5, "axis": "z", "origin": [1.25, 5.84567, 8.01194]},
			"faces": {
				"north": {"uv": [8, 11, 11, 12], "texture": "#22"},
				"east": {"uv": [6, 11, 7, 12], "texture": "#22"},
				"south": {"uv": [8, 11, 11, 12], "texture": "#22"},
				"west": {"uv": [6, 11, 7, 12], "texture": "#22"},
				"up": {"uv": [6, 11, 7, 14], "rotation": 270, "texture": "#22"},
				"down": {"uv": [6, 11, 7, 14], "rotation": 90, "texture": "#22"}
			}
		},
		{
			"from": [2.60069, 11.57458, 10.01194],
			"to": [5.60069, 12.57458, 11.01194],
			"rotation": {"angle": 22.5, "axis": "z", "origin": [1.25, 5.84567, 8.01194]},
			"faces": {
				"north": {"uv": [8, 11, 11, 12], "texture": "#22"},
				"east": {"uv": [6, 11, 7, 12], "texture": "#22"},
				"south": {"uv": [8, 11, 11, 12], "texture": "#22"},
				"west": {"uv": [6, 11, 7, 12], "texture": "#22"},
				"up": {"uv": [6, 11, 7, 14], "rotation": 270, "texture": "#22"},
				"down": {"uv": [6, 11, 7, 14], "rotation": 90, "texture": "#22"}
			}
		},
		{
			"from": [2.60069, 11.57458, 12.01194],
			"to": [5.60069, 12.57458, 13.01194],
			"rotation": {"angle": 22.5, "axis": "z", "origin": [1.25, 5.84567, 8.01194]},
			"faces": {
				"north": {"uv": [8, 11, 11, 12], "texture": "#22"},
				"east": {"uv": [6, 11, 7, 12], "texture": "#22"},
				"south": {"uv": [8, 11, 11, 12], "texture": "#22"},
				"west": {"uv": [6, 11, 7, 12], "texture": "#22"},
				"up": {"uv": [6, 11, 7, 14], "rotation": 270, "texture": "#22"},
				"down": {"uv": [6, 11, 7, 14], "rotation": 90, "texture": "#22"}
			}
		},
		{
			"from": [0.03806, 10, 2.01194],
			"to": [2.03806, 12, 14.01194],
			"rotation": {"angle": 0, "axis": "y", "origin": [1.25, 5.84567, 8.01194]},
			"faces": {
				"north": {"uv": [2, 2, 4, 4], "texture": "#4"},
				"east": {"uv": [4, 2, 16, 4], "texture": "#4"},
				"south": {"uv": [2, 2, 4, 4], "texture": "#4"},
				"west": {"uv": [4, 2, 16, 4], "texture": "#4"},
				"up": {"uv": [4, 2, 16, 4], "rotation": 270, "texture": "#4"},
				"down": {"uv": [4, 2, 16, 4], "rotation": 90, "texture": "#4"}
			}
		},
		{
			"from": [0.03806, 0, 2.01194],
			"to": [2.03806, 2, 14.01194],
			"rotation": {"angle": 0, "axis": "y", "origin": [1.25, 5.84567, 8.01194]},
			"faces": {
				"north": {"uv": [2, 2, 4, 4], "texture": "#4"},
				"east": {"uv": [4, 2, 16, 4], "texture": "#4"},
				"south": {"uv": [2, 2, 4, 4], "texture": "#4"},
				"west": {"uv": [4, 2, 16, 4], "texture": "#4"},
				"up": {"uv": [4, 2, 16, 4], "rotation": 270, "texture": "#4"},
				"down": {"uv": [4, 2, 16, 4], "rotation": 90, "texture": "#4"}
			}
		},
		{
			"from": [0, 0, 14],
			"to": [2, 16, 16],
			"faces": {
				"north": {"uv": [0, 0, 2, 16], "texture": "#4"},
				"east": {"uv": [0, 0, 2, 16], "texture": "#4"},
				"south": {"uv": [0, 0, 2, 16], "texture": "#4"},
				"west": {"uv": [0, 0, 2, 16], "texture": "#4"},
				"up": {"uv": [0, 0, 2, 2], "texture": "#4"},
				"down": {"uv": [0, 0, 2, 2], "texture": "#4"}
			}
		},
		{
			"from": [14, 0, 14],
			"to": [16, 16, 16],
			"faces": {
				"north": {"uv": [0, 0, 2, 16], "texture": "#4"},
				"east": {"uv": [0, 0, 2, 16], "texture": "#4"},
				"south": {"uv": [0, 0, 2, 16], "texture": "#4"},
				"west": {"uv": [0, 0, 2, 16], "texture": "#4"},
				"up": {"uv": [0, 0, 2, 2], "texture": "#4"},
				"down": {"uv": [0, 0, 2, 2], "texture": "#4"}
			}
		},
		{
			"from": [14, 4, 9.1],
			"to": [14.75, 9, 10.1],
			"faces": {
				"north": {"uv": [0, 0, 0.75, 5], "texture": "#4"},
				"east": {"uv": [0, 0, 1, 5], "texture": "#4"},
				"south": {"uv": [0, 0, 0.75, 5], "texture": "#4"},
				"west": {"uv": [0, 0, 1, 5], "texture": "#4"},
				"up": {"uv": [0, 0, 0.75, 1], "texture": "#4"},
				"down": {"uv": [0, 0, 0.75, 1], "texture": "#4"}
			}
		},
		{
			"from": [14, 5, 7],
			"to": [14.5, 8, 8],
			"faces": {
				"north": {"uv": [0, 0, 0.5, 3], "texture": "#4"},
				"east": {"uv": [0, 0, 1, 3], "texture": "#4"},
				"south": {"uv": [0, 0, 0.5, 3], "texture": "#4"},
				"west": {"uv": [0, 0, 1, 3], "texture": "#4"},
				"up": {"uv": [0, 0, 0.5, 1], "texture": "#4"},
				"down": {"uv": [0, 0, 0.5, 1], "texture": "#4"}
			}
		},
		{
			"from": [14, 5, 5],
			"to": [14.5, 8, 6],
			"faces": {
				"north": {"uv": [0, 0, 0.5, 3], "texture": "#4"},
				"east": {"uv": [0, 0, 1, 3], "texture": "#4"},
				"south": {"uv": [0, 0, 0.5, 3], "texture": "#4"},
				"west": {"uv": [0, 0, 1, 3], "texture": "#4"},
				"up": {"uv": [0, 0, 0.5, 1], "texture": "#4"},
				"down": {"uv": [0, 0, 0.5, 1], "texture": "#4"}
			}
		},
		{
			"from": [14, 4, 3.1],
			"to": [14.75, 9, 4.1],
			"faces": {
				"north": {"uv": [0, 0, 0.75, 5], "texture": "#4"},
				"east": {"uv": [0, 0, 1, 5], "texture": "#4"},
				"south": {"uv": [0, 0, 0.75, 5], "texture": "#4"},
				"west": {"uv": [0, 0, 1, 5], "texture": "#4"},
				"up": {"uv": [0, 0, 0.75, 1], "texture": "#4"},
				"down": {"uv": [0, 0, 0.75, 1], "texture": "#4"}
			}
		},
		{
			"from": [14, 4, 4.1],
			"to": [14.75, 5, 9.1],
			"faces": {
				"north": {"uv": [0, 0, 0.75, 1], "texture": "#4"},
				"east": {"uv": [0, 0, 5, 1], "texture": "#4"},
				"south": {"uv": [0, 0, 0.75, 1], "texture": "#4"},
				"west": {"uv": [0, 0, 5, 1], "texture": "#4"},
				"up": {"uv": [0, 0, 0.75, 5], "texture": "#4"},
				"down": {"uv": [0, 0, 0.75, 5], "texture": "#4"}
			}
		},
		{
			"from": [14, 6, 4.1],
			"to": [14.75, 7, 9.1],
			"faces": {
				"north": {"uv": [0, 0, 0.75, 1], "texture": "#4"},
				"east": {"uv": [0, 0, 5, 1], "texture": "#4"},
				"south": {"uv": [0, 0, 0.75, 1], "texture": "#4"},
				"west": {"uv": [0, 0, 5, 1], "texture": "#4"},
				"up": {"uv": [0, 0, 0.75, 5], "texture": "#4"},
				"down": {"uv": [0, 0, 0.75, 5], "texture": "#4"}
			}
		},
		{
			"from": [14, 8, 4.1],
			"to": [14.75, 9, 9.1],
			"faces": {
				"north": {"uv": [0, 0, 0.75, 1], "texture": "#4"},
				"east": {"uv": [0, 0, 5, 1], "texture": "#4"},
				"south": {"uv": [0, 0, 0.75, 1], "texture": "#4"},
				"west": {"uv": [0, 0, 5, 1], "texture": "#4"},
				"up": {"uv": [0, 0, 0.75, 5], "texture": "#4"},
				"down": {"uv": [0, 0, 0.75, 5], "texture": "#4"}
			}
		},
		{
			"from": [1.25, 4, 4.1],
			"to": [2, 5, 9.1],
			"rotation": {"angle": 0, "axis": "y", "origin": [16, 0, 0]},
			"faces": {
				"north": {"uv": [0.75, 0, 0, 1], "texture": "#4"},
				"east": {"uv": [5, 0, 0, 1], "texture": "#4"},
				"south": {"uv": [0.75, 0, 0, 1], "texture": "#4"},
				"west": {"uv": [5, 0, 0, 1], "texture": "#4"},
				"up": {"uv": [0.75, 0, 0, 5], "texture": "#4"},
				"down": {"uv": [0.75, 0, 0, 5], "texture": "#4"}
			}
		},
		{
			"from": [1.25, 4, 3.1],
			"to": [2, 9, 4.1],
			"rotation": {"angle": 0, "axis": "y", "origin": [16, 0, 0]},
			"faces": {
				"north": {"uv": [0.75, 0, 0, 5], "texture": "#4"},
				"east": {"uv": [1, 0, 0, 5], "texture": "#4"},
				"south": {"uv": [0.75, 0, 0, 5], "texture": "#4"},
				"west": {"uv": [1, 0, 0, 5], "texture": "#4"},
				"up": {"uv": [0.75, 0, 0, 1], "texture": "#4"},
				"down": {"uv": [0.75, 0, 0, 1], "texture": "#4"}
			}
		},
		{
			"from": [1.5, 5, 5],
			"to": [2, 8, 6],
			"rotation": {"angle": 0, "axis": "y", "origin": [16, 0, 0]},
			"faces": {
				"north": {"uv": [0.5, 0, 0, 3], "texture": "#4"},
				"east": {"uv": [1, 0, 0, 3], "texture": "#4"},
				"south": {"uv": [0.5, 0, 0, 3], "texture": "#4"},
				"west": {"uv": [1, 0, 0, 3], "texture": "#4"},
				"up": {"uv": [0.5, 0, 0, 1], "texture": "#4"},
				"down": {"uv": [0.5, 0, 0, 1], "texture": "#4"}
			}
		},
		{
			"from": [1.25, 8, 4.1],
			"to": [2, 9, 9.1],
			"rotation": {"angle": 0, "axis": "y", "origin": [16, 0, 0]},
			"faces": {
				"north": {"uv": [0.75, 0, 0, 1], "texture": "#4"},
				"east": {"uv": [5, 0, 0, 1], "texture": "#4"},
				"south": {"uv": [0.75, 0, 0, 1], "texture": "#4"},
				"west": {"uv": [5, 0, 0, 1], "texture": "#4"},
				"up": {"uv": [0.75, 0, 0, 5], "texture": "#4"},
				"down": {"uv": [0.75, 0, 0, 5], "texture": "#4"}
			}
		},
		{
			"from": [1.5, 5, 7],
			"to": [2, 8, 8],
			"rotation": {"angle": 0, "axis": "y", "origin": [16, 0, 0]},
			"faces": {
				"north": {"uv": [0.5, 0, 0, 3], "texture": "#4"},
				"east": {"uv": [1, 0, 0, 3], "texture": "#4"},
				"south": {"uv": [0.5, 0, 0, 3], "texture": "#4"},
				"west": {"uv": [1, 0, 0, 3], "texture": "#4"},
				"up": {"uv": [0.5, 0, 0, 1], "texture": "#4"},
				"down": {"uv": [0.5, 0, 0, 1], "texture": "#4"}
			}
		},
		{
			"from": [1.25, 4, 9.1],
			"to": [2, 9, 10.1],
			"rotation": {"angle": 0, "axis": "y", "origin": [16, 0, 0]},
			"faces": {
				"north": {"uv": [0.75, 0, 1.5, 5], "texture": "#4"},
				"east": {"uv": [1, 0, 2, 5], "texture": "#4"},
				"south": {"uv": [0.75, 0, 1.5, 5], "texture": "#4"},
				"west": {"uv": [1, 0, 2, 5], "texture": "#4"},
				"up": {"uv": [0.75, 0, 1.5, 1], "texture": "#4"},
				"down": {"uv": [0.75, 0, 1.5, 1], "texture": "#4"}
			}
		},
		{
			"from": [1.25, 6, 4.1],
			"to": [2, 7, 9.1],
			"rotation": {"angle": 0, "axis": "y", "origin": [16, 0, 0]},
			"faces": {
				"north": {"uv": [0.75, 0, 0, 1], "texture": "#4"},
				"east": {"uv": [5, 0, 0, 1], "texture": "#4"},
				"south": {"uv": [0.75, 0, 0, 1], "texture": "#4"},
				"west": {"uv": [5, 0, 0, 1], "texture": "#4"},
				"up": {"uv": [0.75, 0, 0, 5], "texture": "#4"},
				"down": {"uv": [0.75, 0, 0, 5], "texture": "#4"}
			}
		},
		{
			"from": [5.9, 4, 1.25],
			"to": [6.9, 9, 2],
			"rotation": {"angle": 0, "axis": "y", "origin": [16, 0, 0]},
			"faces": {
				"north": {"uv": [1, 0, 2, 5], "texture": "#4"},
				"east": {"uv": [0.75, 0, 1.5, 5], "texture": "#4"},
				"south": {"uv": [1, 0, 2, 5], "texture": "#4"},
				"west": {"uv": [0.75, 0, 1.5, 5], "texture": "#4"},
				"up": {"uv": [0.75, 0, 1.5, 1], "rotation": 90, "texture": "#4"},
				"down": {"uv": [0.75, 0, 1.5, 1], "rotation": 270, "texture": "#4"}
			}
		},
		{
			"from": [6.9, 6, 1.25],
			"to": [11.9, 7, 2],
			"rotation": {"angle": 0, "axis": "y", "origin": [16, 0, 0]},
			"faces": {
				"north": {"uv": [5, 0, 10, 1], "texture": "#4"},
				"east": {"uv": [0.75, 0, 1.5, 1], "texture": "#4"},
				"south": {"uv": [5, 0, 10, 1], "texture": "#4"},
				"west": {"uv": [0.75, 0, 1.5, 1], "texture": "#4"},
				"up": {"uv": [0.75, 0, 1.5, 5], "rotation": 90, "texture": "#4"},
				"down": {"uv": [0.75, 0, 1.5, 5], "rotation": 270, "texture": "#4"}
			}
		},
		{
			"from": [6.9, 8, 1.25],
			"to": [11.9, 9, 2],
			"rotation": {"angle": 0, "axis": "y", "origin": [16, 0, 0]},
			"faces": {
				"north": {"uv": [5, 0, 10, 1], "texture": "#4"},
				"east": {"uv": [0.75, 0, 1.5, 1], "texture": "#4"},
				"south": {"uv": [5, 0, 10, 1], "texture": "#4"},
				"west": {"uv": [0.75, 0, 1.5, 1], "texture": "#4"},
				"up": {"uv": [0.75, 0, 1.5, 5], "rotation": 90, "texture": "#4"},
				"down": {"uv": [0.75, 0, 1.5, 5], "rotation": 270, "texture": "#4"}
			}
		},
		{
			"from": [11.9, 4, 1.25],
			"to": [12.9, 9, 2],
			"rotation": {"angle": 0, "axis": "y", "origin": [16, 0, 0]},
			"faces": {
				"north": {"uv": [1, 0, 2, 5], "texture": "#4"},
				"east": {"uv": [0.75, 0, 1.5, 5], "texture": "#4"},
				"south": {"uv": [1, 0, 2, 5], "texture": "#4"},
				"west": {"uv": [0.75, 0, 1.5, 5], "texture": "#4"},
				"up": {"uv": [0.75, 0, 1.5, 1], "rotation": 90, "texture": "#4"},
				"down": {"uv": [0.75, 0, 1.5, 1], "rotation": 270, "texture": "#4"}
			}
		},
		{
			"from": [10, 5, 1.5],
			"to": [11, 8, 2],
			"rotation": {"angle": 0, "axis": "y", "origin": [16, 0, 0]},
			"faces": {
				"north": {"uv": [1, 0, 2, 3], "texture": "#4"},
				"east": {"uv": [0.5, 0, 1, 3], "texture": "#4"},
				"south": {"uv": [1, 0, 2, 3], "texture": "#4"},
				"west": {"uv": [0.5, 0, 1, 3], "texture": "#4"},
				"up": {"uv": [0.5, 0, 1, 1], "rotation": 90, "texture": "#4"},
				"down": {"uv": [0.5, 0, 1, 1], "rotation": 270, "texture": "#4"}
			}
		},
		{
			"from": [6.9, 4, 1.25],
			"to": [11.9, 5, 2],
			"rotation": {"angle": 0, "axis": "y", "origin": [16, 0, 0]},
			"faces": {
				"north": {"uv": [5, 0, 10, 1], "texture": "#4"},
				"east": {"uv": [0.75, 0, 1.5, 1], "texture": "#4"},
				"south": {"uv": [5, 0, 10, 1], "texture": "#4"},
				"west": {"uv": [0.75, 0, 1.5, 1], "texture": "#4"},
				"up": {"uv": [0.75, 0, 1.5, 5], "rotation": 90, "texture": "#4"},
				"down": {"uv": [0.75, 0, 1.5, 5], "rotation": 270, "texture": "#4"}
			}
		},
		{
			"from": [8, 5, 1.5],
			"to": [9, 8, 2],
			"rotation": {"angle": 0, "axis": "y", "origin": [16, 0, 0]},
			"faces": {
				"north": {"uv": [1, 0, 2, 3], "texture": "#4"},
				"east": {"uv": [0.5, 0, 1, 3], "texture": "#4"},
				"south": {"uv": [1, 0, 2, 3], "texture": "#4"},
				"west": {"uv": [0.5, 0, 1, 3], "texture": "#4"},
				"up": {"uv": [0.5, 0, 1, 1], "rotation": 90, "texture": "#4"},
				"down": {"uv": [0.5, 0, 1, 1], "rotation": 270, "texture": "#4"}
			}
		},
		{
			"from": [6.9, 8, 14],
			"to": [11.9, 9, 14.75],
			"rotation": {"angle": 0, "axis": "y", "origin": [16, 0, 16]},
			"faces": {
				"north": {"uv": [10, 0, 5, 1], "texture": "#4"},
				"east": {"uv": [1.5, 0, 0.75, 1], "texture": "#4"},
				"south": {"uv": [10, 0, 5, 1], "texture": "#4"},
				"west": {"uv": [1.5, 0, 0.75, 1], "texture": "#4"},
				"up": {"uv": [1.5, 0, 0.75, 5], "rotation": 90, "texture": "#4"},
				"down": {"uv": [1.5, 0, 0.75, 5], "rotation": 270, "texture": "#4"}
			}
		},
		{
			"from": [11.9, 4, 14],
			"to": [12.9, 9, 14.75],
			"rotation": {"angle": 0, "axis": "y", "origin": [16, 0, 16]},
			"faces": {
				"north": {"uv": [2, 0, 1, 5], "texture": "#4"},
				"east": {"uv": [1.5, 0, 0.75, 5], "texture": "#4"},
				"south": {"uv": [2, 0, 1, 5], "texture": "#4"},
				"west": {"uv": [1.5, 0, 0.75, 5], "texture": "#4"},
				"up": {"uv": [1.5, 0, 0.75, 1], "rotation": 90, "texture": "#4"},
				"down": {"uv": [1.5, 0, 0.75, 1], "rotation": 270, "texture": "#4"}
			}
		},
		{
			"from": [6.9, 6, 14],
			"to": [11.9, 7, 14.75],
			"rotation": {"angle": 0, "axis": "y", "origin": [16, 0, 16]},
			"faces": {
				"north": {"uv": [10, 0, 5, 1], "texture": "#4"},
				"east": {"uv": [1.5, 0, 0.75, 1], "texture": "#4"},
				"south": {"uv": [10, 0, 5, 1], "texture": "#4"},
				"west": {"uv": [1.5, 0, 0.75, 1], "texture": "#4"},
				"up": {"uv": [1.5, 0, 0.75, 5], "rotation": 90, "texture": "#4"},
				"down": {"uv": [1.5, 0, 0.75, 5], "rotation": 270, "texture": "#4"}
			}
		},
		{
			"from": [10, 5, 14],
			"to": [11, 8, 14.5],
			"rotation": {"angle": 0, "axis": "y", "origin": [16, 0, 16]},
			"faces": {
				"north": {"uv": [2, 0, 1, 3], "texture": "#4"},
				"east": {"uv": [1, 0, 0.5, 3], "texture": "#4"},
				"south": {"uv": [2, 0, 1, 3], "texture": "#4"},
				"west": {"uv": [1, 0, 0.5, 3], "texture": "#4"},
				"up": {"uv": [1, 0, 0.5, 1], "rotation": 90, "texture": "#4"},
				"down": {"uv": [1, 0, 0.5, 1], "rotation": 270, "texture": "#4"}
			}
		},
		{
			"from": [8, 5, 14],
			"to": [9, 8, 14.5],
			"rotation": {"angle": 0, "axis": "y", "origin": [16, 0, 16]},
			"faces": {
				"north": {"uv": [2, 0, 1, 3], "texture": "#4"},
				"east": {"uv": [1, 0, 0.5, 3], "texture": "#4"},
				"south": {"uv": [2, 0, 1, 3], "texture": "#4"},
				"west": {"uv": [1, 0, 0.5, 3], "texture": "#4"},
				"up": {"uv": [1, 0, 0.5, 1], "rotation": 90, "texture": "#4"},
				"down": {"uv": [1, 0, 0.5, 1], "rotation": 270, "texture": "#4"}
			}
		},
		{
			"from": [5.9, 4, 14],
			"to": [6.9, 9, 14.75],
			"rotation": {"angle": 0, "axis": "y", "origin": [16, 0, 16]},
			"faces": {
				"north": {"uv": [2, 0, 1, 5], "texture": "#4"},
				"east": {"uv": [1.5, 0, 0.75, 5], "texture": "#4"},
				"south": {"uv": [2, 0, 1, 5], "texture": "#4"},
				"west": {"uv": [1.5, 0, 0.75, 5], "texture": "#4"},
				"up": {"uv": [1.5, 0, 0.75, 1], "rotation": 90, "texture": "#4"},
				"down": {"uv": [1.5, 0, 0.75, 1], "rotation": 270, "texture": "#4"}
			}
		},
		{
			"from": [6.9, 4, 14],
			"to": [11.9, 5, 14.75],
			"rotation": {"angle": 0, "axis": "y", "origin": [16, 0, 16]},
			"faces": {
				"north": {"uv": [10, 0, 5, 1], "texture": "#4"},
				"east": {"uv": [1.5, 0, 0.75, 1], "texture": "#4"},
				"south": {"uv": [10, 0, 5, 1], "texture": "#4"},
				"west": {"uv": [1.5, 0, 0.75, 1], "texture": "#4"},
				"up": {"uv": [1.5, 0, 0.75, 5], "rotation": 90, "texture": "#4"},
				"down": {"uv": [1.5, 0, 0.75, 5], "rotation": 270, "texture": "#4"}
			}
		}
	],
	"display": {
		"thirdperson_righthand": {
			"rotation": [75, 45, 0],
			"translation": [0, 2.5, 0],
			"scale": [0.375, 0.375, 0.375]
		},
		"thirdperson_lefthand": {
			"rotation": [75, 45, 0],
			"translation": [0, 2.5, 0],
			"scale": [0.375, 0.375, 0.375]
		},
		"firstperson_righthand": {
			"rotation": [0, 45, 0],
			"scale": [0.4, 0.4, 0.4]
		},
		"firstperson_lefthand": {
			"rotation": [0, 225, 0],
			"scale": [0.4, 0.4, 0.4]
		},
		"ground": {
			"translation": [0, 3, 0],
			"scale": [0.25, 0.25, 0.25]
		},
		"gui": {
			"rotation": [30, 225, 0],
			"translation": [0, -0.5, 0],
			"scale": [0.625, 0.625, 0.625]
		},
		"fixed": {
			"rotation": [-90, 0, 0],
			"translation": [0, 0, -7.25]
		}
	}
}