{
	"credit": "Made with Blockbench",
	"textures": {
		"6": "block/stripped_dark_oak_log",
		"8": "block/dark_oak_log",
		"15": "block/campfire_log",
		"29": "block/loom_front",
		"30": "block/loom_side",
		"31": "block/loom_top",
		"particle": "block/cobblestone"
	},
	"elements": [
		{
			"from": [0, 0, 0],
			"to": [16, 1, 16],
			"faces": {
				"north": {"uv": [0, 0, 16, 1], "texture": "#8"},
				"east": {"uv": [0, 0, 16, 1], "texture": "#8"},
				"south": {"uv": [0, 0, 16, 1], "texture": "#8"},
				"west": {"uv": [0, 0, 16, 1], "texture": "#8"},
				"up": {"uv": [0, 0, 16, 16], "texture": "#8"},
				"down": {"uv": [0, 0, 16, 16], "texture": "#8"}
			}
		},
		{
			"from": [15, 1, 2],
			"to": [15, 15, 16],
			"faces": {
				"north": {"uv": [1, 0, 1, 14], "texture": "#30"},
				"east": {"uv": [1, 0, 15, 14], "texture": "#30"},
				"south": {"uv": [1, 0, 1, 14], "texture": "#30"},
				"west": {"uv": [1, 0, 15, 14], "texture": "#30"},
				"up": {"uv": [1, 0, 1, 14], "texture": "#30"},
				"down": {"uv": [1, 0, 1, 14], "texture": "#30"}
			}
		},
		{
			"from": [1, 1, 2],
			"to": [1, 15, 16],
			"faces": {
				"north": {"uv": [1, 0, 1, 14], "texture": "#30"},
				"east": {"uv": [1, 0, 15, 14], "texture": "#30"},
				"south": {"uv": [1, 0, 1, 14], "texture": "#30"},
				"west": {"uv": [1, 0, 15, 14], "texture": "#30"},
				"up": {"uv": [1, 0, 1, 14], "texture": "#30"},
				"down": {"uv": [1, 0, 1, 14], "texture": "#30"}
			}
		},
		{
			"from": [2, 1, 15],
			"to": [14, 15, 15],
			"faces": {
				"north": {"uv": [2, 0, 14, 14], "texture": "#30"},
				"east": {"uv": [0, 0, 0, 14], "texture": "#30"},
				"south": {"uv": [2, 0, 14, 14], "texture": "#30"},
				"west": {"uv": [0, 0, 0, 14], "texture": "#30"},
				"up": {"uv": [0, 0, 12, 0], "texture": "#30"},
				"down": {"uv": [0, 0, 12, 0], "texture": "#30"}
			}
		},
		{
			"from": [14, 1, 0.1],
			"to": [16, 15, 2.1],
			"faces": {
				"north": {"uv": [0, 0, 2, 14], "texture": "#8"},
				"east": {"uv": [0, 0, 2, 14], "texture": "#8"},
				"south": {"uv": [0, 0, 2, 14], "texture": "#8"},
				"west": {"uv": [0, 0, 2, 14], "texture": "#8"},
				"up": {"uv": [0, 0, 2, 2], "texture": "#8"},
				"down": {"uv": [0, 0, 2, 2], "texture": "#8"}
			}
		},
		{
			"from": [0, 1, 0.1],
			"to": [2, 15, 2.1],
			"faces": {
				"north": {"uv": [0, 0, 2, 14], "texture": "#8"},
				"east": {"uv": [0, 0, 2, 14], "texture": "#8"},
				"south": {"uv": [0, 0, 2, 14], "texture": "#8"},
				"west": {"uv": [0, 0, 2, 14], "texture": "#8"},
				"up": {"uv": [0, 0, 2, 2], "texture": "#8"},
				"down": {"uv": [0, 0, 2, 2], "texture": "#8"}
			}
		},
		{
			"from": [0, 1, 14.1],
			"to": [2, 15, 16.1],
			"faces": {
				"north": {"uv": [0, 0, 2, 14], "texture": "#8"},
				"east": {"uv": [0, 0, 2, 14], "texture": "#8"},
				"south": {"uv": [0, 0, 2, 14], "texture": "#8"},
				"west": {"uv": [0, 0, 2, 14], "texture": "#8"},
				"up": {"uv": [0, 0, 2, 2], "texture": "#8"},
				"down": {"uv": [0, 0, 2, 2], "texture": "#8"}
			}
		},
		{
			"from": [2, 6, 14.1],
			"to": [14, 8, 16.1],
			"faces": {
				"north": {"uv": [0, 0, 12, 2], "texture": "#8"},
				"east": {"uv": [0, 0, 2, 2], "texture": "#8"},
				"south": {"uv": [0, 0, 12, 2], "texture": "#8"},
				"west": {"uv": [0, 0, 2, 2], "texture": "#8"},
				"up": {"uv": [0, 0, 12, 2], "texture": "#8"},
				"down": {"uv": [0, 0, 12, 2], "texture": "#8"}
			}
		},
		{
			"from": [2, 13, 14.1],
			"to": [14, 15, 16.1],
			"faces": {
				"north": {"uv": [0, 0, 12, 2], "texture": "#8"},
				"east": {"uv": [0, 0, 2, 2], "texture": "#8"},
				"south": {"uv": [0, 0, 12, 2], "texture": "#8"},
				"west": {"uv": [0, 0, 2, 2], "texture": "#8"},
				"up": {"uv": [0, 0, 12, 2], "texture": "#8"},
				"down": {"uv": [0, 0, 12, 2], "texture": "#8"}
			}
		},
		{
			"from": [14, 1, 14.1],
			"to": [16, 15, 16.1],
			"faces": {
				"north": {"uv": [0, 0, 2, 14], "texture": "#8"},
				"east": {"uv": [0, 0, 2, 14], "texture": "#8"},
				"south": {"uv": [0, 0, 2, 14], "texture": "#8"},
				"west": {"uv": [0, 0, 2, 14], "texture": "#8"},
				"up": {"uv": [0, 0, 2, 2], "texture": "#8"},
				"down": {"uv": [0, 0, 2, 2], "texture": "#8"}
			}
		},
		{
			"from": [14, 6, 2.1],
			"to": [16, 8, 14.1],
			"faces": {
				"north": {"uv": [0, 0, 2, 2], "texture": "#8"},
				"east": {"uv": [0, 0, 12, 2], "texture": "#8"},
				"south": {"uv": [0, 0, 2, 2], "texture": "#8"},
				"west": {"uv": [0, 0, 12, 2], "texture": "#8"},
				"up": {"uv": [0, 0, 2, 12], "texture": "#8"},
				"down": {"uv": [0, 0, 2, 12], "texture": "#8"}
			}
		},
		{
			"from": [14, 13, 2.1],
			"to": [16, 15, 14.1],
			"faces": {
				"north": {"uv": [0, 0, 2, 2], "texture": "#8"},
				"east": {"uv": [0, 0, 12, 2], "texture": "#8"},
				"south": {"uv": [0, 0, 2, 2], "texture": "#8"},
				"west": {"uv": [0, 0, 12, 2], "texture": "#8"},
				"up": {"uv": [0, 0, 2, 12], "texture": "#8"},
				"down": {"uv": [0, 0, 2, 12], "texture": "#8"}
			}
		},
		{
			"from": [0, 13, 2.1],
			"to": [2, 15, 14.1],
			"faces": {
				"north": {"uv": [0, 0, 2, 2], "texture": "#8"},
				"east": {"uv": [0, 0, 12, 2], "texture": "#8"},
				"south": {"uv": [0, 0, 2, 2], "texture": "#8"},
				"west": {"uv": [0, 0, 12, 2], "texture": "#8"},
				"up": {"uv": [0, 0, 2, 12], "texture": "#8"},
				"down": {"uv": [0, 0, 2, 12], "texture": "#8"}
			}
		},
		{
			"from": [0, 6, 2.1],
			"to": [2, 8, 14.1],
			"faces": {
				"north": {"uv": [0, 0, 2, 2], "texture": "#8"},
				"east": {"uv": [0, 0, 12, 2], "texture": "#8"},
				"south": {"uv": [0, 0, 2, 2], "texture": "#8"},
				"west": {"uv": [0, 0, 12, 2], "texture": "#8"},
				"up": {"uv": [0, 0, 2, 12], "texture": "#8"},
				"down": {"uv": [0, 0, 2, 12], "texture": "#8"}
			}
		},
		{
			"from": [0, 8, 11.1],
			"to": [16, 10, 13.1],
			"rotation": {"angle": 0, "axis": "y", "origin": [8, 9, 11.1]},
			"faces": {
				"north": {"uv": [0, 10, 16, 12], "texture": "#31"},
				"east": {"uv": [4, 4, 0, 8], "texture": "#15"},
				"south": {"uv": [16, 10, 0, 12], "texture": "#31"},
				"west": {"uv": [4, 4, 0, 8], "texture": "#15"},
				"up": {"uv": [16, 10, 0, 12], "texture": "#31"},
				"down": {"uv": [16, 10, 0, 12], "texture": "#31"}
			}
		},
		{
			"from": [13, 10, 1.1],
			"to": [14, 10, 11.1],
			"rotation": {"angle": -45, "axis": "x", "origin": [8, 10, 11.1]},
			"faces": {
				"north": {"uv": [0, 0, 1, 0], "texture": "#31"},
				"east": {"uv": [0, 0, 10, 0], "texture": "#31"},
				"south": {"uv": [0, 0, 1, 0], "texture": "#31"},
				"west": {"uv": [0, 0, 10, 0], "texture": "#31"},
				"up": {"uv": [2, 0, 3, 10], "texture": "#31"},
				"down": {"uv": [2, 0, 3, 10], "texture": "#31"}
			}
		},
		{
			"from": [11, 10, 1.1],
			"to": [12, 10, 11.1],
			"rotation": {"angle": -45, "axis": "x", "origin": [8, 10, 11.1]},
			"faces": {
				"north": {"uv": [0, 0, 1, 0], "texture": "#31"},
				"east": {"uv": [0, 0, 10, 0], "texture": "#31"},
				"south": {"uv": [0, 0, 1, 0], "texture": "#31"},
				"west": {"uv": [0, 0, 10, 0], "texture": "#31"},
				"up": {"uv": [4, 0, 5, 10], "texture": "#31"},
				"down": {"uv": [4, 0, 5, 10], "texture": "#31"}
			}
		},
		{
			"from": [7, 10, 1.1],
			"to": [8, 10, 11.1],
			"rotation": {"angle": -45, "axis": "x", "origin": [8, 10, 11.1]},
			"faces": {
				"north": {"uv": [0, 0, 1, 0], "texture": "#31"},
				"east": {"uv": [0, 0, 10, 0], "texture": "#31"},
				"south": {"uv": [0, 0, 1, 0], "texture": "#31"},
				"west": {"uv": [0, 0, 10, 0], "texture": "#31"},
				"up": {"uv": [8, 0, 9, 10], "texture": "#31"},
				"down": {"uv": [8, 0, 9, 10], "texture": "#31"}
			}
		},
		{
			"from": [9, 10, 1.1],
			"to": [10, 10, 11.1],
			"rotation": {"angle": -45, "axis": "x", "origin": [8, 10, 11.1]},
			"faces": {
				"north": {"uv": [0, 0, 1, 0], "texture": "#31"},
				"east": {"uv": [0, 0, 10, 0], "texture": "#31"},
				"south": {"uv": [0, 0, 1, 0], "texture": "#31"},
				"west": {"uv": [0, 0, 10, 0], "texture": "#31"},
				"up": {"uv": [6, 0, 7, 10], "texture": "#31"},
				"down": {"uv": [6, 0, 7, 10], "texture": "#31"}
			}
		},
		{
			"from": [3, 10, 1.1],
			"to": [4, 10, 11.1],
			"rotation": {"angle": -45, "axis": "x", "origin": [8, 10, 11.1]},
			"faces": {
				"north": {"uv": [0, 0, 1, 0], "texture": "#31"},
				"east": {"uv": [0, 0, 10, 0], "texture": "#31"},
				"south": {"uv": [0, 0, 1, 0], "texture": "#31"},
				"west": {"uv": [0, 0, 10, 0], "texture": "#31"},
				"up": {"uv": [14, 1, 15, 11], "texture": "#31"},
				"down": {"uv": [14, 1, 15, 11], "texture": "#31"}
			}
		},
		{
			"from": [5, 10, 1.1],
			"to": [6, 10, 11.1],
			"rotation": {"angle": -45, "axis": "x", "origin": [8, 10, 11.1]},
			"faces": {
				"north": {"uv": [0, 0, 1, 0], "texture": "#31"},
				"east": {"uv": [0, 0, 10, 0], "texture": "#31"},
				"south": {"uv": [0, 0, 1, 0], "texture": "#31"},
				"west": {"uv": [0, 0, 10, 0], "texture": "#31"},
				"up": {"uv": [10, 1, 11, 11], "texture": "#31"},
				"down": {"uv": [10, 1, 11, 11], "texture": "#31"}
			}
		},
		{
			"from": [0, 1, 4],
			"to": [16, 3, 6],
			"faces": {
				"north": {"uv": [16, 6, 0, 8], "texture": "#29"},
				"east": {"uv": [0, 4, 4, 8], "texture": "#15"},
				"south": {"uv": [16, 6, 0, 8], "texture": "#29"},
				"west": {"uv": [0, 4, 4, 8], "texture": "#15"},
				"up": {"uv": [0, 6, 16, 8], "texture": "#29"},
				"down": {"uv": [16, 6, 0, 8], "texture": "#29"}
			}
		},
		{
			"from": [0, 15, 14],
			"to": [16, 16, 16],
			"faces": {
				"north": {"uv": [0, 0, 16, 1], "texture": "#6"},
				"east": {"uv": [0, 0, 2, 1], "texture": "#6"},
				"south": {"uv": [0, 0, 16, 1], "texture": "#6"},
				"west": {"uv": [0, 0, 2, 1], "texture": "#6"},
				"up": {"uv": [0, 0, 16, 2], "texture": "#6"},
				"down": {"uv": [0, 0, 16, 2], "texture": "#6"}
			}
		},
		{
			"from": [0, 15, 0],
			"to": [16, 16, 2],
			"faces": {
				"north": {"uv": [0, 0, 16, 1], "texture": "#6"},
				"east": {"uv": [0, 0, 2, 1], "texture": "#6"},
				"south": {"uv": [0, 0, 16, 1], "texture": "#6"},
				"west": {"uv": [0, 0, 2, 1], "texture": "#6"},
				"up": {"uv": [0, 0, 16, 2], "texture": "#6"},
				"down": {"uv": [0, 0, 16, 2], "texture": "#6"}
			}
		},
		{
			"from": [2, 8, 0],
			"to": [14, 9, 2],
			"faces": {
				"north": {"uv": [0, 0, 12, 1], "texture": "#6"},
				"east": {"uv": [0, 0, 2, 1], "texture": "#6"},
				"south": {"uv": [0, 0, 12, 1], "texture": "#6"},
				"west": {"uv": [0, 0, 2, 1], "texture": "#6"},
				"up": {"uv": [0, 0, 12, 2], "texture": "#6"},
				"down": {"uv": [0, 0, 12, 2], "texture": "#6"}
			}
		},
		{
			"from": [2, 15, 11],
			"to": [14, 16, 13],
			"faces": {
				"north": {"uv": [0, 0, 12, 1], "texture": "#6"},
				"east": {"uv": [0, 0, 2, 1], "texture": "#6"},
				"south": {"uv": [0, 0, 12, 1], "texture": "#6"},
				"west": {"uv": [0, 0, 2, 1], "texture": "#6"},
				"up": {"uv": [0, 0, 12, 2], "texture": "#6"},
				"down": {"uv": [0, 0, 12, 2], "texture": "#6"}
			}
		},
		{
			"from": [2, 15, 3],
			"to": [14, 16, 5],
			"faces": {
				"north": {"uv": [0, 0, 12, 1], "texture": "#6"},
				"east": {"uv": [0, 0, 2, 1], "texture": "#6"},
				"south": {"uv": [0, 0, 12, 1], "texture": "#6"},
				"west": {"uv": [0, 0, 2, 1], "texture": "#6"},
				"up": {"uv": [0, 0, 12, 2], "texture": "#6"},
				"down": {"uv": [0, 0, 12, 2], "texture": "#6"}
			}
		},
		{
			"from": [2, 15, 7],
			"to": [14, 16, 9],
			"faces": {
				"north": {"uv": [0, 0, 12, 1], "texture": "#6"},
				"east": {"uv": [0, 0, 2, 1], "texture": "#6"},
				"south": {"uv": [0, 0, 12, 1], "texture": "#6"},
				"west": {"uv": [0, 0, 2, 1], "texture": "#6"},
				"up": {"uv": [0, 0, 12, 2], "texture": "#6"},
				"down": {"uv": [0, 0, 12, 2], "texture": "#6"}
			}
		},
		{
			"from": [14, 15, 2],
			"to": [16, 16, 14],
			"faces": {
				"north": {"uv": [0, 0, 2, 1], "texture": "#6"},
				"east": {"uv": [0, 0, 12, 1], "texture": "#6"},
				"south": {"uv": [0, 0, 2, 1], "texture": "#6"},
				"west": {"uv": [0, 0, 12, 1], "texture": "#6"},
				"up": {"uv": [0, 0, 2, 12], "texture": "#6"},
				"down": {"uv": [0, 0, 2, 12], "texture": "#6"}
			}
		},
		{
			"from": [0, 15, 2],
			"to": [2, 16, 14],
			"faces": {
				"north": {"uv": [0, 0, 2, 1], "texture": "#6"},
				"east": {"uv": [0, 0, 12, 1], "texture": "#6"},
				"south": {"uv": [0, 0, 2, 1], "texture": "#6"},
				"west": {"uv": [0, 0, 12, 1], "texture": "#6"},
				"up": {"uv": [0, 0, 2, 12], "texture": "#6"},
				"down": {"uv": [0, 0, 2, 12], "texture": "#6"}
			}
		}
	],
	"display": {
		"thirdperson_righthand": {
			"rotation": [75, 45, 0],
			"translation": [0, 2.5, 0],
			"scale": [0.375, 0.375, 0.375]
		},
		"thirdperson_lefthand": {
			"rotation": [75, 45, 0],
			"translation": [0, 2.5, 0],
			"scale": [0.375, 0.375, 0.375]
		},
		"firstperson_righthand": {
			"rotation": [0, 135, 0],
			"scale": [0.4, 0.4, 0.4]
		},
		"firstperson_lefthand": {
			"rotation": [0, 225, 0],
			"scale": [0.4, 0.4, 0.4]
		},
		"ground": {
			"translation": [0, 3, 0],
			"scale": [0.25, 0.25, 0.25]
		},
		"gui": {
			"rotation": [30, 225, 0],
			"translation": [0, -0.5, 0],
			"scale": [0.625, 0.625, 0.625]
		},
		"fixed": {
			"rotation": [0, 90, 0],
			"scale": [0.5, 0.5, 0.5]
		}
	}
}